order_id,customer_id,customer_name,product,quantity,order_date,store_location,unit_price,total_price
10001,1127,Sophia Johnson,Smartwatch,4,2025-09-11,Toronto,200,800
10002,1460,James Brown,Bluetooth Speaker,3,2024-10-23,Ottawa,150,450
10003,861,Sophia Davis,Mouse,4,2024-01-30,Toronto,30,120
10004,1295,Sophia Davis,Mouse,4,2024-10-28,Vancouver,30,120
10005,1131,Linda Davis,Monitor,1,2025-04-20,Ottawa,300,300
10006,1096,David Davis,Smartwatch,2,2024-12-17,Toronto,200,400
10007,1725,John Smith,Laptop,1,2025-04-26,Calgary,850,850
10008,1045,Daniel Jones,Keyboard,1,2024-11-12,Vancouver,45,45
10009,1639,David Brown,Mouse,3,2025-01-31,Montreal,30,90
10010,122,David Brown,Printer,4,2024-03-29,Calgary,180,720
10011,467,Daniel Wilson,Smartphone,2,2024-08-21,Calgary,600,1200
10012,1239,Linda Smith,Laptop,2,2024-06-16,Toronto,850,1700
10013,331,James Davis,Smartwatch,2,2024-05-05,Ottawa,200,400
10014,1483,Emma Taylor,Bluetooth Speaker,4,2025-07-26,Ottawa,150,600
10015,88,Sarah Garcia,External Hard Drive,2,2024-04-29,Vancouver,95,190
10016,1397,Linda Williams,Laptop,2,2025-03-03,Toronto,850,1700
10017,1124,Sarah Johnson,Bluetooth Speaker,4,2024-07-08,Ottawa,150,600
10018,872,Mary Williams,Monitor,3,2025-09-24,Montreal,300,900
10019,1688,David Garcia,Headphones,2,2025-03-03,Toronto,120,240
10020,131,Linda Williams,Keyboard,4,2025-07-13,Toronto,45,180
10021,1686,James Garcia,Monitor,1,2024-07-20,Ottawa,300,300
10022,1333,Mary Davis,Smartwatch,4,2024-02-28,Calgary,200,800
10023,770,Mary Johnson,Headphones,1,2025-11-27,Toronto,120,120
10024,344,Sophia Johnson,Bluetooth Speaker,4,2024-08-10,Calgary,150,600
10025,1516,Daniel Smith,Headphones,2,2025-05-06,Vancouver,120,240
10026,1438,Daniel Smith,External Hard Drive,3,2024-01-11,Vancouver,95,285
10027,806,Emma Taylor,Printer,3,2025-12-01,Ottawa,180,540
10028,386,Mary Miller,Printer,2,2025-05-26,Vancouver,180,360
10029,1216,Linda Smith,Monitor,1,2024-11-05,Ottawa,300,300
10030,956,James Garcia,Monitor,4,2024-02-03,Ottawa,300,1200
10031,277,Mary Garcia,Smartwatch,2,2024-12-05,Calgary,200,400
10032,1185,Daniel Miller,Smartwatch,4,2025-10-08,Calgary,200,800
10033,460,David Wilson,Smartphone,2,2025-04-25,Vancouver,600,1200
10034,1338,Daniel Smith,External Hard Drive,2,2025-07-27,Calgary,95,190
10035,22,Alex Wilson,Smartwatch,4,2024-04-02,Toronto,200,800
10036,253,Mary Williams,Mouse,3,2025-09-19,Montreal,30,90
10037,748,Sarah Johnson,External Hard Drive,3,2024-05-12,Toronto,95,285
10038,857,Alex Brown,Smartphone,1,2025-02-22,Toronto,600,600
10039,1585,John Miller,Printer,4,2025-04-12,Ottawa,180,720
10040,475,Sophia Brown,Laptop,1,2025-03-19,Montreal,850,850
10041,1083,David Smith,Smartphone,2,2025-12-05,Ottawa,600,1200
10042,511,Emma Davis,Smartphone,1,2024-01-30,Calgary,600,600
10043,1706,Emma Smith,Monitor,2,2024-10-24,Calgary,300,600
10044,1500,Daniel Garcia,Keyboard,4,2024-03-01,Montreal,45,180
10045,700,James Taylor,Headphones,4,2025-04-02,Vancouver,120,480
10046,976,James Jones,Printer,4,2024-10-30,Calgary,180,720
10047,1807,David Jones,Bluetooth Speaker,4,2024-12-05,Toronto,150,600
10048,190,John Garcia,Bluetooth Speaker,1,2025-03-23,Montreal,150,150
10049,958,John Williams,Smartwatch,2,2024-10-28,Montreal,200,400
10050,687,Daniel Wilson,Printer,3,2025-06-23,Calgary,180,540
10051,958,David Williams,Mouse,4,2025-04-29,Calgary,30,120
10052,563,Alex Brown,Smartwatch,4,2024-03-17,Ottawa,200,800
10053,1900,David Taylor,Smartwatch,2,2025-09-24,Ottawa,200,400
10054,1591,John Jones,Smartphone,3,2025-05-29,Toronto,600,1800
10055,1268,Linda Davis,Printer,4,2025-07-02,Montreal,180,720
10056,832,Daniel Brown,Headphones,3,2025-10-20,Vancouver,120,360
10057,1529,Mary Brown,Smartwatch,4,2024-04-01,Vancouver,200,800
10058,1155,Daniel Davis,Keyboard,1,2025-04-10,Montreal,45,45
10059,1509,Daniel Johnson,External Hard Drive,1,2025-04-10,Toronto,95,95
10060,1843,David Williams,Mouse,3,2025-08-21,Ottawa,30,90
10061,647,Mary Wilson,Mouse,2,2024-02-09,Ottawa,30,60
10062,21,Daniel Miller,Smartwatch,2,2025-11-20,Ottawa,200,400
10063,841,Linda Garcia,Keyboard,1,2024-11-24,Vancouver,45,45
10064,167,Linda Smith,External Hard Drive,2,2024-10-11,Vancouver,95,190
10065,1298,Sarah Davis,Laptop,2,2025-07-07,Toronto,850,1700
10066,388,Mary Wilson,Monitor,2,2024-03-06,Vancouver,300,600
10067,601,Sophia Garcia,Monitor,3,2025-09-27,Calgary,300,900
10068,316,James Williams,Monitor,3,2025-10-18,Vancouver,300,900
10069,14,Mary Brown,Smartphone,2,2025-09-23,Ottawa,600,1200
10070,242,Linda Jones,Mouse,1,2024-04-18,Toronto,30,30
10071,777,Sophia Miller,Bluetooth Speaker,2,2025-02-18,Montreal,150,300
10072,1370,Linda Smith,Bluetooth Speaker,4,2024-04-01,Montreal,150,600
10073,565,Sarah Jones,Smartphone,1,2025-01-02,Toronto,600,600
10074,898,Alex Wilson,Smartwatch,3,2025-02-26,Calgary,200,600
10075,1364,John Miller,Printer,4,2025-07-25,Montreal,180,720
10076,92,Linda Taylor,Printer,2,2024-08-27,Ottawa,180,360
10077,1391,David Jones,Monitor,2,2025-03-10,Montreal,300,600
10078,956,Emma Jones,Printer,1,2024-07-30,Montreal,180,180
10079,1479,Linda Garcia,Smartwatch,1,2025-02-03,Ottawa,200,200
10080,1452,Mary Miller,Laptop,2,2025-09-01,Vancouver,850,1700
10081,509,John Williams,Smartphone,2,2025-06-09,Calgary,600,1200
10082,776,Emma Brown,Laptop,1,2025-12-30,Ottawa,850,850
10083,1967,Daniel Brown,Mouse,4,2025-04-12,Ottawa,30,120
10084,35,Linda Smith,Printer,3,2024-06-18,Toronto,180,540
10085,206,Linda Williams,External Hard Drive,1,2024-07-28,Calgary,95,95
10086,1105,Sophia Wilson,Monitor,4,2024-09-12,Vancouver,300,1200
10087,1956,Sarah Taylor,Smartphone,2,2025-11-13,Ottawa,600,1200
10088,1586,Emma Miller,Monitor,3,2024-03-13,Vancouver,300,900
10089,1896,John Williams,Printer,4,2024-05-26,Ottawa,180,720
10090,1412,James Smith,Headphones,3,2024-12-05,Ottawa,120,360
10091,1026,Sophia Taylor,Printer,3,2024-11-12,Toronto,180,540
10092,1022,Linda Jones,Smartphone,3,2025-09-09,Montreal,600,1800
10093,1414,Emma Wilson,Bluetooth Speaker,4,2025-08-28,Calgary,150,600
10094,566,Mary Jones,Smartphone,4,2025-07-28,Toronto,600,2400
10095,1130,Linda Davis,Keyboard,2,2024-06-02,Vancouver,45,90
10096,1796,David Wilson,External Hard Drive,3,2024-09-11,Ottawa,95,285
10097,1846,John Davis,Printer,1,2024-12-16,Ottawa,180,180
10098,1501,Emma Davis,Keyboard,1,2025-06-30,Calgary,45,45
10099,703,Sarah Wilson,Bluetooth Speaker,1,2024-11-07,Toronto,150,150
10100,402,David Williams,Smartwatch,4,2025-10-30,Toronto,200,800
10101,730,James Williams,Smartwatch,2,2024-05-13,Vancouver,200,400
10102,1580,Alex Wilson,External Hard Drive,4,2024-05-08,Toronto,95,380
10103,162,Sophia Smith,Mouse,3,2025-03-11,Toronto,30,90
10104,202,James Wilson,External Hard Drive,1,2024-10-06,Montreal,95,95
10105,1982,Sophia Garcia,External Hard Drive,4,2024-12-23,Calgary,95,380
10106,996,Linda Williams,External Hard Drive,1,2024-09-08,Toronto,95,95
10107,270,Sophia Brown,External Hard Drive,4,2024-05-14,Vancouver,95,380
10108,1887,Daniel Johnson,External Hard Drive,1,2025-06-06,Ottawa,95,95
10109,816,Mary Davis,Laptop,3,2025-10-21,Toronto,850,2550
10110,1295,Emma Williams,Bluetooth Speaker,1,2024-11-14,Toronto,150,150
10111,456,Emma Garcia,Smartphone,3,2024-03-20,Ottawa,600,1800
10112,1486,Daniel Davis,Printer,3,2024-07-09,Montreal,180,540
10113,1751,David Garcia,Keyboard,4,2025-03-28,Calgary,45,180
10114,1276,Sarah Johnson,External Hard Drive,4,2024-12-09,Montreal,95,380
10115,1017,Linda Wilson,Mouse,4,2024-01-30,Vancouver,30,120
10116,1726,John Taylor,Monitor,3,2025-02-17,Toronto,300,900
10117,296,James Taylor,Printer,2,2025-01-02,Montreal,180,360
10118,1749,Daniel Taylor,Monitor,2,2025-08-18,Calgary,300,600
10119,720,Daniel Taylor,Keyboard,3,2025-05-16,Vancouver,45,135
10120,1773,Alex Jones,Keyboard,3,2025-10-23,Montreal,45,135
10121,338,Sophia Garcia,Printer,4,2025-12-01,Toronto,180,720
10122,879,Sarah Smith,Mouse,4,2024-01-21,Calgary,30,120
10123,1077,John Williams,Laptop,4,2025-07-02,Toronto,850,3400
10124,792,Linda Garcia,Smartwatch,2,2024-09-02,Toronto,200,400
10125,1946,Linda Wilson,Keyboard,2,2024-10-09,Vancouver,45,90
10126,217,Daniel Johnson,Mouse,3,2025-09-05,Calgary,30,90
10127,764,Emma Smith,Keyboard,2,2024-08-19,Ottawa,45,90
10128,188,Mary Jones,Headphones,4,2024-11-11,Toronto,120,480
10129,380,Sarah Williams,Smartwatch,4,2024-12-01,Calgary,200,800
10130,493,Daniel Garcia,Keyboard,4,2025-02-14,Toronto,45,180
10131,1065,Linda Smith,Mouse,4,2024-09-01,Montreal,30,120
10132,1181,Mary Miller,Keyboard,4,2025-01-21,Montreal,45,180
10133,15,Mary Taylor,Monitor,1,2025-11-19,Calgary,300,300
10134,1837,David Jones,Printer,3,2025-12-25,Vancouver,180,540
10135,65,Linda Miller,Printer,3,2024-12-23,Ottawa,180,540
10136,1881,Linda Johnson,Keyboard,2,2025-09-05,Montreal,45,90
10137,1863,Emma Brown,Mouse,4,2024-01-22,Vancouver,30,120
10138,521,Linda Garcia,Monitor,1,2024-01-19,Ottawa,300,300
10139,1368,John Smith,Laptop,4,2024-10-13,Montreal,850,3400
10140,1153,Mary Miller,Laptop,4,2024-10-02,Ottawa,850,3400
10141,648,Daniel Williams,Monitor,2,2025-10-20,Toronto,300,600
10142,1496,Alex Garcia,Smartphone,1,2025-07-05,Calgary,600,600
10143,1087,Emma Wilson,Mouse,1,2025-11-09,Montreal,30,30
10144,1163,David Wilson,Laptop,3,2025-08-25,Montreal,850,2550
10145,1523,Mary Brown,Smartphone,4,2024-03-12,Toronto,600,2400
10146,593,James Davis,Mouse,1,2024-12-30,Montreal,30,30
10147,392,Linda Miller,Monitor,3,2024-11-30,Montreal,300,900
10148,1699,Mary Taylor,External Hard Drive,1,2025-10-13,Montreal,95,95
10149,419,Linda Williams,Smartphone,4,2025-08-12,Montreal,600,2400
10150,289,Alex Johnson,Smartphone,3,2024-07-17,Montreal,600,1800
10151,379,John Jones,Keyboard,1,2024-01-17,Vancouver,45,45
10152,1797,Mary Johnson,Bluetooth Speaker,2,2024-08-05,Montreal,150,300
10153,1514,James Garcia,Bluetooth Speaker,1,2025-10-11,Toronto,150,150
10154,231,Emma Garcia,Mouse,4,2024-05-26,Montreal,30,120
10155,1018,Sarah Smith,Keyboard,2,2024-07-28,Ottawa,45,90
10156,41,James Smith,Printer,1,2025-10-31,Ottawa,180,180
10157,1052,Sarah Garcia,Smartwatch,1,2025-02-17,Toronto,200,200
10158,135,Mary Miller,External Hard Drive,3,2025-10-26,Vancouver,95,285
10159,201,Linda Wilson,Smartwatch,4,2024-11-25,Toronto,200,800
10160,1864,David Taylor,Smartphone,1,2024-12-17,Vancouver,600,600
10161,780,Sarah Jones,Headphones,1,2024-06-11,Calgary,120,120
10162,930,Emma Jones,Laptop,1,2024-04-10,Ottawa,850,850
10163,1057,Sophia Taylor,Laptop,4,2024-11-22,Ottawa,850,3400
10164,1072,Sophia Johnson,Keyboard,2,2024-11-22,Ottawa,45,90
10165,503,James Garcia,Bluetooth Speaker,4,2024-06-03,Vancouver,150,600
10166,407,Linda Jones,Headphones,3,2024-01-10,Toronto,120,360
10167,1598,Daniel Brown,Keyboard,3,2024-12-18,Vancouver,45,135
10168,1752,Emma Williams,Smartphone,4,2024-07-01,Ottawa,600,2400
10169,805,Daniel Miller,Headphones,1,2025-03-30,Ottawa,120,120
10170,99,Sophia Davis,Laptop,1,2025-10-07,Ottawa,850,850
10171,684,Mary Brown,Mouse,2,2024-01-06,Ottawa,30,60
10172,1896,John Wilson,Smartphone,4,2024-11-28,Calgary,600,2400
10173,726,James Smith,Keyboard,4,2024-11-28,Ottawa,45,180
10174,1571,Alex Williams,Printer,1,2024-09-14,Vancouver,180,180
10175,961,Sarah Jones,Monitor,3,2024-07-29,Ottawa,300,900
10176,1763,Alex Brown,Smartphone,3,2024-02-20,Montreal,600,1800
10177,613,John Davis,Smartphone,2,2025-03-20,Calgary,600,1200
10178,1967,Emma Smith,Printer,2,2025-10-20,Ottawa,180,360
10179,1486,Mary Williams,External Hard Drive,3,2025-01-11,Montreal,95,285
10180,643,Sarah Jones,Mouse,4,2025-10-01,Vancouver,30,120
10181,1793,Mary Williams,Printer,2,2025-04-30,Calgary,180,360
10182,1029,John Johnson,Smartwatch,1,2024-02-20,Ottawa,200,200
10183,1242,John Taylor,Smartwatch,4,2024-06-02,Vancouver,200,800
10184,503,Emma Williams,Smartphone,1,2025-08-04,Montreal,600,600
10185,767,Sarah Davis,External Hard Drive,2,2024-11-05,Calgary,95,190
10186,398,Emma Wilson,Laptop,3,2025-02-02,Ottawa,850,2550
10187,871,Daniel Jones,External Hard Drive,2,2024-05-13,Vancouver,95,190
10188,795,Emma Smith,Smartwatch,3,2024-08-07,Calgary,200,600
10189,393,John Miller,External Hard Drive,4,2024-06-11,Montreal,95,380
10190,207,Mary Garcia,External Hard Drive,2,2025-10-09,Ottawa,95,190
10191,1039,Daniel Williams,Mouse,2,2025-07-22,Calgary,30,60
10192,1882,David Garcia,Smartphone,2,2025-05-16,Montreal,600,1200
10193,1578,Alex Jones,Mouse,4,2025-11-19,Montreal,30,120
10194,892,Alex Taylor,Laptop,1,2024-04-24,Vancouver,850,850
10195,1485,Alex Brown,Laptop,1,2025-05-13,Montreal,850,850
10196,1715,James Davis,Smartwatch,3,2025-04-16,Montreal,200,600
10197,1599,James Taylor,Keyboard,2,2024-05-28,Toronto,45,90
10198,864,Sophia Jones,Printer,1,2024-08-28,Montreal,180,180
10199,743,David Williams,Bluetooth Speaker,4,2024-05-02,Ottawa,150,600
10200,1265,James Taylor,Smartphone,2,2024-03-09,Calgary,600,1200
10201,564,Sarah Johnson,Keyboard,3,2024-03-03,Ottawa,45,135
10202,1021,Sarah Garcia,Smartphone,1,2024-01-16,Ottawa,600,600
10203,96,Daniel Brown,Printer,4,2025-01-24,Vancouver,180,720
10204,1924,James Wilson,Printer,4,2025-08-12,Toronto,180,720
10205,1758,Sarah Taylor,Headphones,3,2025-09-25,Toronto,120,360
10206,485,Alex Jones,Mouse,1,2024-09-14,Ottawa,30,30
10207,1431,John Brown,Smartwatch,2,2024-08-04,Calgary,200,400
10208,231,Sophia Garcia,Headphones,4,2025-04-23,Toronto,120,480
10209,749,Sarah Johnson,Laptop,3,2024-04-23,Toronto,850,2550
10210,1679,Sophia Garcia,Bluetooth Speaker,4,2025-01-14,Ottawa,150,600
10211,1195,Emma Williams,Smartwatch,4,2025-10-19,Toronto,200,800
10212,541,Alex Johnson,Laptop,1,2024-08-24,Vancouver,850,850
10213,1060,Daniel Smith,External Hard Drive,1,2025-04-20,Ottawa,95,95
10214,525,James Jones,Mouse,2,2025-08-20,Toronto,30,60
10215,1184,Sophia Williams,Mouse,4,2025-11-09,Toronto,30,120
10216,1863,James Jones,Mouse,3,2024-05-08,Toronto,30,90
10217,1723,David Wilson,Headphones,4,2025-05-24,Ottawa,120,480
10218,1267,Daniel Wilson,Monitor,3,2024-06-13,Calgary,300,900
10219,1110,Linda Miller,Keyboard,4,2024-10-03,Montreal,45,180
10220,1820,David Wilson,Printer,3,2024-09-13,Toronto,180,540
10221,578,Emma Garcia,Bluetooth Speaker,4,2024-05-11,Montreal,150,600
10222,682,James Davis,Printer,4,2025-07-23,Montreal,180,720
10223,557,Linda Jones,Monitor,2,2024-09-13,Toronto,300,600
10224,1598,Sarah Brown,External Hard Drive,1,2024-05-20,Toronto,95,95
10225,1977,Alex Miller,External Hard Drive,1,2025-11-16,Montreal,95,95
10226,1013,Sarah Miller,External Hard Drive,3,2025-11-17,Calgary,95,285
10227,646,Alex Williams,Smartwatch,4,2024-07-27,Montreal,200,800
10228,796,Daniel Jones,Laptop,4,2025-12-16,Calgary,850,3400
10229,1052,James Taylor,Laptop,1,2025-06-02,Vancouver,850,850
10230,1644,Mary Jones,External Hard Drive,3,2024-02-20,Calgary,95,285
10231,1580,Daniel Brown,Bluetooth Speaker,2,2025-05-17,Ottawa,150,300
10232,1364,Daniel Miller,Headphones,2,2024-09-15,Toronto,120,240
10233,1822,Sarah Davis,Bluetooth Speaker,2,2024-06-26,Vancouver,150,300
10234,1982,Sophia Miller,Bluetooth Speaker,4,2025-06-26,Montreal,150,600
10235,1355,David Miller,Laptop,3,2024-12-21,Calgary,850,2550
10236,1664,David Garcia,Mouse,1,2024-11-13,Vancouver,30,30
10237,1530,John Davis,Bluetooth Speaker,4,2025-10-27,Ottawa,150,600
10238,1372,Emma Taylor,Bluetooth Speaker,4,2024-12-29,Calgary,150,600
10239,1497,Mary Wilson,Printer,2,2024-02-24,Montreal,180,360
10240,1255,John Taylor,Mouse,3,2024-06-04,Montreal,30,90
10241,190,Linda Wilson,Laptop,3,2024-02-13,Calgary,850,2550
10242,1249,John Williams,Headphones,2,2025-08-15,Ottawa,120,240
10243,1409,Sarah Wilson,Keyboard,2,2025-11-08,Toronto,45,90
10244,1401,David Jones,Laptop,2,2025-06-25,Toronto,850,1700
10245,1307,Linda Smith,Laptop,4,2024-11-17,Montreal,850,3400
10246,1982,John Wilson,Bluetooth Speaker,4,2025-10-09,Ottawa,150,600
10247,633,Alex Williams,Printer,4,2024-01-14,Montreal,180,720
10248,628,John Wilson,Monitor,1,2024-12-22,Toronto,300,300
10249,973,Sophia Johnson,External Hard Drive,1,2025-04-27,Montreal,95,95
10250,1769,Sophia Davis,Smartphone,3,2025-09-09,Calgary,600,1800
10251,1283,Linda Smith,Printer,2,2024-12-24,Calgary,180,360
10252,1383,James Taylor,Monitor,2,2024-11-13,Ottawa,300,600
10253,710,James Wilson,Bluetooth Speaker,4,2024-03-15,Toronto,150,600
10254,1480,John Johnson,Bluetooth Speaker,1,2025-08-13,Ottawa,150,150
10255,1435,Daniel Wilson,Headphones,2,2024-07-12,Ottawa,120,240
10256,649,Linda Miller,Monitor,3,2024-12-28,Toronto,300,900
10257,318,Sarah Williams,Smartwatch,2,2024-04-05,Vancouver,200,400
10258,1701,David Brown,External Hard Drive,4,2024-02-09,Vancouver,95,380
10259,1249,John Smith,Smartphone,4,2025-01-31,Montreal,600,2400
10260,1843,James Smith,Headphones,1,2024-04-16,Vancouver,120,120
10261,1258,John Brown,Printer,3,2024-01-17,Calgary,180,540
10262,684,Emma Williams,Printer,3,2025-06-10,Ottawa,180,540
10263,664,Sarah Johnson,Monitor,2,2025-05-13,Montreal,300,600
10264,1999,John Brown,External Hard Drive,3,2025-06-08,Ottawa,95,285
10265,1851,Sarah Brown,External Hard Drive,2,2025-12-26,Toronto,95,190
10266,1398,Sophia Taylor,Printer,2,2025-10-24,Vancouver,180,360
10267,1696,John Johnson,Smartwatch,1,2024-02-12,Toronto,200,200
10268,1632,James Williams,Bluetooth Speaker,3,2025-09-17,Montreal,150,450
10269,1496,Sophia Brown,External Hard Drive,4,2025-08-15,Calgary,95,380
10270,1257,Linda Wilson,Monitor,2,2024-12-15,Vancouver,300,600
10271,1716,John Smith,Printer,2,2025-10-14,Toronto,180,360
10272,1137,Sophia Brown,Bluetooth Speaker,2,2024-01-30,Vancouver,150,300
10273,1854,David Smith,Mouse,3,2025-03-16,Ottawa,30,90
10274,1521,David Miller,Laptop,3,2025-06-25,Calgary,850,2550
10275,442,Sophia Brown,Bluetooth Speaker,3,2025-03-30,Vancouver,150,450
10276,564,Alex Taylor,External Hard Drive,2,2025-09-02,Calgary,95,190
10277,1292,Daniel Williams,Laptop,4,2024-04-03,Ottawa,850,3400
10278,1534,Sarah Davis,External Hard Drive,4,2025-12-23,Ottawa,95,380
10279,1831,Mary Garcia,Monitor,3,2024-10-21,Toronto,300,900
10280,1410,Linda Brown,Keyboard,4,2025-07-02,Montreal,45,180
10281,1411,Daniel Jones,Bluetooth Speaker,2,2024-03-29,Toronto,150,300
10282,1137,Sophia Davis,Laptop,3,2025-05-17,Calgary,850,2550
10283,1637,Sophia Davis,Monitor,3,2024-08-01,Toronto,300,900
10284,1649,Alex Johnson,External Hard Drive,2,2025-02-25,Vancouver,95,190
10285,952,James Brown,Bluetooth Speaker,3,2025-06-09,Toronto,150,450
10286,1105,Alex Johnson,Monitor,2,2024-07-10,Montreal,300,600
10287,699,Sarah Garcia,External Hard Drive,3,2025-11-24,Montreal,95,285
10288,113,John Smith,Keyboard,4,2025-10-03,Calgary,45,180
10289,2,David Jones,Keyboard,3,2024-08-11,Ottawa,45,135
10290,642,John Miller,Smartphone,3,2025-07-08,Montreal,600,1800
10291,220,John Jones,Headphones,3,2025-11-23,Calgary,120,360
10292,1590,Daniel Jones,Monitor,1,2025-01-21,Montreal,300,300
10293,855,Linda Garcia,Headphones,4,2025-11-11,Montreal,120,480
10294,1760,John Johnson,Smartphone,2,2025-04-18,Ottawa,600,1200
10295,1249,Daniel Brown,Smartwatch,1,2025-08-30,Vancouver,200,200
10296,385,Linda Jones,Bluetooth Speaker,4,2024-07-21,Calgary,150,600
10297,1427,Mary Davis,External Hard Drive,3,2025-03-22,Montreal,95,285
10298,1662,Sarah Smith,Printer,3,2024-03-08,Montreal,180,540
10299,1154,Sarah Miller,Headphones,2,2024-04-01,Toronto,120,240
10300,1077,James Davis,Headphones,2,2024-06-26,Vancouver,120,240
10301,1708,James Brown,Monitor,4,2025-10-24,Ottawa,300,1200
10302,730,Linda Garcia,Bluetooth Speaker,4,2025-07-12,Calgary,150,600
10303,1696,Sarah Garcia,Monitor,2,2024-01-03,Montreal,300,600
10304,1734,Mary Taylor,Keyboard,4,2024-04-12,Calgary,45,180
10305,1440,Daniel Wilson,Headphones,2,2024-09-29,Ottawa,120,240
10306,247,Sophia Taylor,Bluetooth Speaker,3,2025-06-17,Vancouver,150,450
10307,836,Emma Smith,Mouse,2,2024-04-25,Toronto,30,60
10308,1463,Mary Miller,Smartwatch,1,2025-04-08,Vancouver,200,200
10309,203,Emma Jones,External Hard Drive,2,2024-04-13,Toronto,95,190
10310,1208,Daniel Jones,Smartphone,2,2024-09-15,Calgary,600,1200
10311,123,Mary Taylor,Smartwatch,1,2024-11-03,Vancouver,200,200
10312,401,Sarah Wilson,Smartphone,1,2025-01-01,Vancouver,600,600
10313,767,John Smith,Headphones,1,2025-10-03,Vancouver,120,120
10314,294,James Brown,Smartwatch,1,2024-10-28,Ottawa,200,200
10315,280,Emma Johnson,Smartwatch,2,2025-07-13,Calgary,200,400
10316,1861,Daniel Brown,External Hard Drive,4,2024-01-27,Toronto,95,380
10317,884,Mary Garcia,Printer,1,2025-05-22,Vancouver,180,180
10318,1634,Emma Miller,External Hard Drive,3,2025-06-10,Calgary,95,285
10319,198,Linda Taylor,Monitor,2,2024-12-30,Ottawa,300,600
10320,982,James Davis,Printer,4,2024-10-24,Ottawa,180,720
10321,1931,Linda Williams,Smartwatch,3,2024-12-26,Calgary,200,600
10322,1535,Daniel Miller,Printer,2,2025-10-07,Toronto,180,360
10323,752,Sarah Brown,Printer,2,2025-05-18,Calgary,180,360
10324,144,Sarah Brown,Monitor,3,2025-08-10,Calgary,300,900
10325,609,Mary Jones,Bluetooth Speaker,1,2024-01-30,Montreal,150,150
10326,1225,Mary Miller,Headphones,1,2025-03-14,Ottawa,120,120
10327,1148,Alex Miller,Bluetooth Speaker,3,2024-12-05,Toronto,150,450
10328,187,Emma Wilson,Headphones,4,2024-05-05,Montreal,120,480
10329,1350,John Miller,Bluetooth Speaker,1,2025-08-18,Calgary,150,150
10330,464,Daniel Williams,Bluetooth Speaker,2,2025-07-19,Ottawa,150,300
10331,1373,Mary Williams,Smartphone,2,2024-12-31,Montreal,600,1200
10332,1795,John Brown,Printer,4,2025-03-18,Montreal,180,720
10333,660,Emma Wilson,Keyboard,2,2024-09-19,Toronto,45,90
10334,764,Emma Jones,Monitor,1,2024-08-09,Calgary,300,300
10335,955,Linda Brown,Bluetooth Speaker,4,2024-01-02,Toronto,150,600
10336,1956,David Garcia,Smartwatch,1,2025-01-28,Montreal,200,200
10337,403,Linda Williams,Mouse,4,2024-11-01,Montreal,30,120
10338,1370,Mary Wilson,Smartphone,3,2024-05-25,Toronto,600,1800
10339,1987,John Smith,Mouse,2,2025-06-13,Montreal,30,60
10340,1535,Sarah Davis,Laptop,4,2025-06-11,Vancouver,850,3400
10341,147,John Wilson,External Hard Drive,3,2024-11-03,Ottawa,95,285
10342,1172,Sarah Brown,Laptop,1,2025-11-01,Calgary,850,850
10343,864,John Taylor,Headphones,3,2024-12-05,Ottawa,120,360
10344,1735,Sarah Wilson,Bluetooth Speaker,1,2024-12-17,Calgary,150,150
10345,1844,Emma Miller,Monitor,4,2024-07-27,Montreal,300,1200
10346,489,Linda Smith,Smartwatch,4,2024-07-23,Toronto,200,800
10347,929,Emma Johnson,Keyboard,2,2025-09-16,Toronto,45,90
10348,1960,Linda Johnson,Keyboard,2,2025-11-20,Montreal,45,90
10349,1664,Alex Williams,Smartphone,4,2025-12-21,Calgary,600,2400
10350,551,David Wilson,Smartphone,1,2025-09-27,Montreal,600,600
10351,338,Sarah Wilson,Smartphone,1,2024-01-15,Calgary,600,600
10352,872,Emma Brown,Smartphone,4,2025-03-03,Montreal,600,2400
10353,641,Sophia Smith,Printer,1,2025-04-20,Montreal,180,180
10354,1803,Daniel Wilson,Bluetooth Speaker,4,2024-10-24,Montreal,150,600
10355,1977,Emma Johnson,Mouse,2,2025-07-10,Toronto,30,60
10356,473,Sarah Garcia,Bluetooth Speaker,1,2024-04-03,Calgary,150,150
10357,1970,James Smith,Bluetooth Speaker,2,2024-04-16,Montreal,150,300
10358,151,David Davis,Laptop,3,2025-02-22,Ottawa,850,2550
10359,1439,Sarah Smith,Monitor,2,2024-10-04,Ottawa,300,600
10360,1322,Daniel Jones,Smartwatch,3,2024-05-07,Toronto,200,600
10361,1635,Mary Garcia,Headphones,2,2025-04-03,Vancouver,120,240
10362,263,Mary Brown,Monitor,2,2024-02-07,Toronto,300,600
10363,1788,Emma Smith,Smartphone,1,2025-08-31,Vancouver,600,600
10364,144,Mary Davis,Mouse,2,2024-07-16,Toronto,30,60
10365,346,Emma Johnson,Laptop,4,2025-12-04,Ottawa,850,3400
10366,624,Linda Brown,Printer,1,2024-12-22,Montreal,180,180
10367,1017,Sarah Garcia,Mouse,1,2024-01-07,Calgary,30,30
10368,1596,Alex Taylor,Laptop,1,2025-07-09,Montreal,850,850
10369,881,Linda Smith,External Hard Drive,2,2024-11-27,Ottawa,95,190
10370,2,James Garcia,Printer,1,2025-06-02,Calgary,180,180
10371,897,Sophia Brown,Smartphone,3,2024-07-12,Vancouver,600,1800
10372,1328,Emma Smith,Headphones,3,2024-11-11,Vancouver,120,360
10373,254,Daniel Miller,Smartphone,2,2024-01-01,Ottawa,600,1200
10374,1676,Daniel Davis,Mouse,1,2024-03-02,Calgary,30,30
10375,453,John Smith,Smartphone,4,2024-12-08,Montreal,600,2400
10376,1061,Linda Jones,External Hard Drive,4,2025-08-23,Ottawa,95,380
10377,1184,Daniel Johnson,Smartphone,3,2024-01-18,Vancouver,600,1800
10378,1015,Sophia Jones,Laptop,2,2025-09-11,Ottawa,850,1700
10379,9,Mary Taylor,Keyboard,2,2025-10-08,Montreal,45,90
10380,1257,Linda Taylor,Smartphone,2,2025-01-05,Toronto,600,1200
10381,1123,Sophia Williams,External Hard Drive,2,2025-08-01,Toronto,95,190
10382,1683,Mary Jones,Bluetooth Speaker,2,2025-08-27,Montreal,150,300
10383,816,Mary Johnson,Bluetooth Speaker,1,2025-10-11,Calgary,150,150
10384,208,Linda Taylor,Headphones,1,2025-12-01,Ottawa,120,120
10385,1155,Daniel Williams,Headphones,1,2025-07-24,Montreal,120,120
10386,404,Linda Davis,Headphones,4,2025-11-29,Toronto,120,480
10387,152,Linda Garcia,Monitor,1,2024-08-22,Vancouver,300,300
10388,54,Sarah Smith,Smartwatch,2,2024-03-09,Montreal,200,400
10389,1144,James Brown,Headphones,2,2025-03-22,Montreal,120,240
10390,1697,Linda Johnson,Smartphone,4,2025-09-01,Montreal,600,2400
10391,1944,Daniel Smith,Headphones,4,2024-01-08,Toronto,120,480
10392,628,Linda Miller,Smartwatch,3,2025-04-06,Toronto,200,600
10393,587,David Jones,Monitor,4,2024-11-06,Montreal,300,1200
10394,1649,John Taylor,Smartwatch,3,2024-05-13,Montreal,200,600
10395,1992,David Johnson,Mouse,1,2025-01-19,Calgary,30,30
10396,1444,James Brown,Headphones,2,2024-02-25,Vancouver,120,240
10397,1446,Sarah Brown,Headphones,3,2024-12-25,Ottawa,120,360
10398,104,Alex Williams,Headphones,3,2024-04-23,Ottawa,120,360
10399,1876,David Smith,Mouse,3,2024-03-28,Ottawa,30,90
10400,254,Sarah Garcia,Smartwatch,4,2024-05-17,Toronto,200,800
10401,1251,Emma Davis,Laptop,4,2024-04-17,Toronto,850,3400
10402,1136,Daniel Jones,Smartphone,4,2025-05-14,Calgary,600,2400
10403,510,Emma Williams,External Hard Drive,3,2025-06-18,Toronto,95,285
10404,1497,Sophia Wilson,Smartphone,1,2024-05-23,Montreal,600,600
10405,99,James Davis,Headphones,2,2025-10-17,Vancouver,120,240
10406,153,David Williams,Monitor,4,2024-02-25,Vancouver,300,1200
10407,1885,Emma Smith,Mouse,1,2025-09-11,Vancouver,30,30
10408,914,Emma Taylor,Laptop,4,2024-01-06,Vancouver,850,3400
10409,1920,James Smith,Printer,4,2025-06-25,Ottawa,180,720
10410,878,John Jones,Laptop,3,2025-03-22,Ottawa,850,2550
10411,338,Daniel Miller,External Hard Drive,3,2025-01-19,Montreal,95,285
10412,1730,Alex Brown,Smartphone,4,2024-11-02,Calgary,600,2400
10413,822,James Miller,Headphones,2,2025-09-30,Toronto,120,240
10414,1187,Daniel Miller,Keyboard,4,2024-10-28,Toronto,45,180
10415,1744,David Taylor,Printer,2,2025-09-24,Ottawa,180,360
10416,957,James Smith,Headphones,1,2025-02-08,Vancouver,120,120
10417,1705,James Brown,Mouse,4,2025-09-02,Montreal,30,120
10418,161,Daniel Miller,Printer,2,2025-11-08,Calgary,180,360
10419,1604,Daniel Jones,External Hard Drive,1,2025-07-15,Ottawa,95,95
10420,801,James Williams,Keyboard,1,2025-05-24,Montreal,45,45
10421,398,James Smith,Smartwatch,3,2024-03-13,Montreal,200,600
10422,1301,James Garcia,Smartwatch,1,2025-07-17,Ottawa,200,200
10423,816,David Johnson,Smartwatch,3,2024-09-21,Montreal,200,600
10424,1940,David Miller,Monitor,1,2024-08-14,Vancouver,300,300
10425,1528,Mary Miller,Smartwatch,1,2024-07-11,Montreal,200,200
10426,1920,Linda Smith,Bluetooth Speaker,2,2025-01-08,Calgary,150,300
10427,1416,John Taylor,Printer,2,2024-01-10,Montreal,180,360
10428,1159,Alex Taylor,Keyboard,3,2024-10-28,Toronto,45,135
10429,1219,Emma Brown,Mouse,4,2024-12-24,Montreal,30,120
10430,401,Sarah Johnson,Bluetooth Speaker,2,2024-02-21,Ottawa,150,300
10431,640,Daniel Taylor,Bluetooth Speaker,1,2024-04-08,Toronto,150,150
10432,1057,James Davis,Keyboard,3,2025-08-15,Ottawa,45,135
10433,688,Linda Brown,Mouse,3,2024-01-13,Calgary,30,90
10434,460,Linda Garcia,Printer,3,2025-01-24,Vancouver,180,540
10435,955,Sophia Wilson,Smartphone,1,2024-12-22,Calgary,600,600
10436,1907,John Smith,Headphones,2,2025-10-01,Toronto,120,240
10437,470,Alex Brown,Smartphone,4,2024-01-11,Vancouver,600,2400
10438,1399,Emma Garcia,External Hard Drive,3,2024-03-21,Montreal,95,285
10439,1046,Emma Smith,Keyboard,1,2024-09-17,Toronto,45,45
10440,750,Mary Johnson,Smartphone,2,2024-01-06,Vancouver,600,1200
10441,1694,Alex Miller,Smartphone,2,2025-04-02,Ottawa,600,1200
10442,38,John Johnson,Smartphone,4,2025-01-07,Vancouver,600,2400
10443,230,John Jones,Smartwatch,3,2025-04-25,Ottawa,200,600
10444,1389,James Garcia,Laptop,1,2024-08-09,Ottawa,850,850
10445,563,Emma Smith,Smartphone,2,2024-03-21,Vancouver,600,1200
10446,438,James Jones,Headphones,1,2025-05-29,Calgary,120,120
10447,1800,Emma Smith,Keyboard,2,2024-02-29,Calgary,45,90
10448,1307,Alex Davis,External Hard Drive,3,2024-08-08,Ottawa,95,285
10449,27,Emma Smith,Laptop,3,2024-12-14,Toronto,850,2550
10450,226,James Jones,Monitor,4,2025-07-14,Vancouver,300,1200
10451,1301,John Smith,Headphones,2,2024-08-15,Toronto,120,240
10452,798,John Wilson,Headphones,1,2024-10-16,Calgary,120,120
10453,1633,Alex Jones,Smartwatch,2,2024-10-19,Toronto,200,400
10454,284,Emma Wilson,Smartwatch,1,2024-07-11,Montreal,200,200
10455,879,Linda Wilson,Keyboard,4,2025-04-18,Montreal,45,180
10456,960,Sophia Garcia,Headphones,2,2024-09-13,Calgary,120,240
10457,1505,John Wilson,Mouse,3,2025-05-20,Toronto,30,90
10458,453,Linda Wilson,Mouse,1,2025-01-22,Vancouver,30,30
10459,1020,Alex Brown,Keyboard,3,2025-09-06,Calgary,45,135
10460,1853,Linda Wilson,Smartphone,4,2025-02-01,Montreal,600,2400
10461,816,James Brown,Bluetooth Speaker,4,2024-12-31,Calgary,150,600
10462,659,Alex Johnson,Monitor,1,2025-10-19,Toronto,300,300
10463,1540,Daniel Brown,External Hard Drive,2,2024-10-16,Toronto,95,190
10464,547,David Wilson,Smartwatch,3,2024-11-04,Toronto,200,600
10465,1216,Sophia Johnson,External Hard Drive,3,2024-10-04,Ottawa,95,285
10466,1073,Alex Johnson,Bluetooth Speaker,1,2025-04-08,Toronto,150,150
10467,1536,Sophia Miller,Printer,1,2024-07-07,Montreal,180,180
10468,17,Linda Wilson,Keyboard,1,2024-06-26,Montreal,45,45
10469,1196,Sophia Williams,Smartphone,4,2025-06-11,Ottawa,600,2400
10470,1244,Sarah Wilson,Laptop,4,2025-01-09,Montreal,850,3400
10471,158,John Johnson,Smartphone,3,2025-08-20,Montreal,600,1800
10472,477,Mary Miller,Headphones,2,2025-03-29,Calgary,120,240
10473,1070,Sarah Taylor,Smartphone,1,2024-08-04,Toronto,600,600
10474,1397,Alex Brown,Headphones,4,2024-02-11,Calgary,120,480
10475,518,Alex Miller,External Hard Drive,2,2024-07-12,Calgary,95,190
10476,99,Sophia Davis,Printer,1,2024-11-22,Montreal,180,180
10477,1916,Sarah Williams,Smartwatch,2,2025-01-07,Vancouver,200,400
10478,1769,Emma Johnson,Printer,1,2025-04-09,Toronto,180,180
10479,1061,John Wilson,Headphones,2,2024-06-11,Vancouver,120,240
10480,280,Mary Garcia,Laptop,3,2024-10-02,Montreal,850,2550
10481,1373,Daniel Williams,Bluetooth Speaker,1,2024-12-29,Ottawa,150,150
10482,497,Sophia Wilson,External Hard Drive,1,2025-10-03,Calgary,95,95
10483,302,Emma Taylor,External Hard Drive,3,2025-04-24,Montreal,95,285
10484,181,David Davis,Smartphone,1,2025-11-19,Montreal,600,600
10485,607,Emma Williams,Smartwatch,1,2025-04-04,Vancouver,200,200
10486,1123,John Brown,Smartphone,4,2024-09-21,Ottawa,600,2400
10487,700,David Brown,Smartphone,3,2025-06-22,Calgary,600,1800
10488,993,James Wilson,Headphones,4,2025-01-20,Ottawa,120,480
10489,1140,Linda Taylor,Bluetooth Speaker,3,2024-03-25,Ottawa,150,450
10490,191,John Davis,Smartwatch,2,2025-12-08,Ottawa,200,400
10491,253,Alex Jones,Smartphone,3,2024-11-11,Toronto,600,1800
10492,981,Emma Williams,External Hard Drive,3,2024-08-30,Ottawa,95,285
10493,928,Emma Jones,Smartphone,4,2025-04-13,Montreal,600,2400
10494,1185,David Miller,Monitor,1,2024-12-07,Toronto,300,300
10495,1280,Emma Taylor,Keyboard,3,2024-06-25,Toronto,45,135
10496,1347,Linda Garcia,External Hard Drive,1,2024-05-09,Ottawa,95,95
10497,128,Sophia Wilson,Monitor,3,2025-10-18,Montreal,300,900
10498,18,Sophia Johnson,Keyboard,4,2024-03-23,Calgary,45,180
10499,1817,Emma Smith,Laptop,3,2024-12-25,Ottawa,850,2550
10500,1759,Emma Johnson,Monitor,2,2024-03-28,Toronto,300,600
10501,566,Mary Brown,Headphones,3,2025-06-15,Calgary,120,360
10502,570,Emma Davis,Laptop,3,2025-09-29,Calgary,850,2550
10503,1347,Mary Smith,Mouse,1,2025-04-15,Toronto,30,30
10504,1896,Linda Wilson,Smartwatch,1,2025-05-12,Calgary,200,200
10505,686,Alex Miller,External Hard Drive,2,2025-05-21,Montreal,95,190
10506,1816,Alex Smith,Mouse,3,2024-12-19,Montreal,30,90
10507,626,David Taylor,External Hard Drive,1,2025-02-19,Ottawa,95,95
10508,1312,Sarah Davis,Smartwatch,3,2024-02-20,Ottawa,200,600
10509,1967,Linda Taylor,Smartwatch,4,2025-08-22,Calgary,200,800
10510,854,James Jones,External Hard Drive,4,2025-11-12,Toronto,95,380
10511,1687,Sarah Davis,Smartwatch,2,2024-03-03,Montreal,200,400
10512,962,James Miller,Monitor,4,2024-03-29,Vancouver,300,1200
10513,1663,Sophia Williams,Printer,1,2025-12-01,Ottawa,180,180
10514,155,Emma Jones,Bluetooth Speaker,1,2024-07-08,Montreal,150,150
10515,490,Sarah Smith,External Hard Drive,2,2025-08-23,Calgary,95,190
10516,1410,Sophia Smith,Mouse,3,2024-12-13,Montreal,30,90
10517,785,David Miller,Mouse,1,2025-06-21,Montreal,30,30
10518,1128,Linda Jones,Smartwatch,4,2024-06-24,Calgary,200,800
10519,1953,Alex Jones,External Hard Drive,1,2024-12-29,Ottawa,95,95
10520,1417,Sophia Johnson,Printer,2,2025-07-07,Ottawa,180,360
10521,1835,Linda Wilson,Printer,4,2025-04-27,Vancouver,180,720
10522,246,Sophia Garcia,Bluetooth Speaker,4,2024-04-28,Vancouver,150,600
10523,1200,Sophia Davis,Monitor,4,2024-06-17,Ottawa,300,1200
10524,1063,Sophia Miller,Bluetooth Speaker,2,2025-09-11,Ottawa,150,300
10525,1501,Mary Johnson,Headphones,2,2024-05-26,Ottawa,120,240
10526,1706,Sophia Smith,Mouse,3,2025-11-18,Ottawa,30,90
10527,759,Linda Miller,Printer,3,2025-03-12,Montreal,180,540
10528,538,Sarah Taylor,Smartwatch,3,2025-03-14,Vancouver,200,600
10529,1891,Alex Brown,Printer,2,2024-07-07,Calgary,180,360
10530,1842,John Brown,Printer,4,2024-06-08,Toronto,180,720
10531,921,Sarah Jones,Keyboard,4,2025-02-05,Calgary,45,180
10532,408,Alex Miller,Mouse,1,2025-08-08,Toronto,30,30
10533,525,David Brown,Headphones,3,2024-01-18,Montreal,120,360
10534,828,Linda Miller,Bluetooth Speaker,4,2024-05-19,Vancouver,150,600
10535,1530,Sophia Johnson,Headphones,4,2024-04-24,Toronto,120,480
10536,903,John Williams,Keyboard,4,2024-11-23,Ottawa,45,180
10537,1849,James Taylor,Monitor,4,2024-08-12,Montreal,300,1200
10538,36,Alex Brown,Headphones,2,2025-07-11,Toronto,120,240
10539,685,David Jones,Printer,3,2025-03-14,Ottawa,180,540
10540,20,Emma Brown,Laptop,4,2025-07-03,Montreal,850,3400
10541,321,Daniel Williams,External Hard Drive,4,2025-12-18,Toronto,95,380
10542,1800,Alex Johnson,Headphones,4,2025-01-20,Ottawa,120,480
10543,512,Emma Wilson,External Hard Drive,4,2025-06-04,Vancouver,95,380
10544,400,Sarah Brown,Keyboard,1,2024-09-09,Montreal,45,45
10545,654,James Garcia,Headphones,4,2025-09-11,Toronto,120,480
10546,972,Mary Davis,Headphones,4,2024-04-07,Ottawa,120,480
10547,1907,David Jones,Smartphone,4,2024-03-11,Vancouver,600,2400
10548,471,Alex Jones,Printer,1,2025-07-04,Ottawa,180,180
10549,1167,Mary Williams,Smartwatch,2,2025-03-22,Vancouver,200,400
10550,1116,Linda Smith,External Hard Drive,1,2024-03-30,Toronto,95,95
10551,1378,Emma Williams,Monitor,4,2025-03-05,Ottawa,300,1200
10552,834,Linda Wilson,Smartphone,2,2024-08-06,Ottawa,600,1200
10553,1824,Mary Davis,Printer,4,2024-04-16,Calgary,180,720
10554,727,Linda Johnson,Keyboard,2,2025-04-20,Montreal,45,90
10555,1983,Sophia Davis,External Hard Drive,4,2025-03-29,Ottawa,95,380
10556,854,David Jones,Bluetooth Speaker,4,2025-08-30,Vancouver,150,600
10557,51,James Wilson,Keyboard,2,2025-06-27,Montreal,45,90
10558,1689,Daniel Wilson,Smartwatch,2,2024-05-05,Toronto,200,400
10559,1722,Linda Taylor,External Hard Drive,4,2024-05-26,Montreal,95,380
10560,575,Linda Brown,Keyboard,1,2024-10-06,Calgary,45,45
10561,1214,John Davis,Smartphone,1,2024-01-24,Toronto,600,600
10562,1149,Sarah Smith,Keyboard,1,2025-12-21,Ottawa,45,45
10563,150,Sophia Miller,Smartwatch,1,2024-04-29,Toronto,200,200
10564,314,Linda Johnson,Smartwatch,2,2025-10-13,Toronto,200,400
10565,570,John Johnson,Laptop,2,2024-10-23,Calgary,850,1700
10566,1366,Sarah Johnson,Headphones,1,2024-03-22,Vancouver,120,120
10567,305,John Davis,Bluetooth Speaker,3,2025-03-23,Toronto,150,450
10568,1716,Sophia Miller,Bluetooth Speaker,3,2025-12-20,Vancouver,150,450
10569,682,Sarah Miller,Smartphone,3,2025-04-14,Montreal,600,1800
10570,838,Alex Garcia,Smartwatch,4,2025-02-26,Calgary,200,800
10571,1807,Emma Johnson,Laptop,1,2025-06-28,Ottawa,850,850
10572,1078,David Smith,Printer,4,2024-01-24,Toronto,180,720
10573,1003,Linda Johnson,Laptop,2,2024-03-01,Vancouver,850,1700
10574,444,Sarah Miller,Monitor,2,2025-12-01,Toronto,300,600
10575,613,Emma Garcia,Keyboard,3,2024-03-24,Calgary,45,135
10576,993,Sophia Miller,Headphones,3,2024-08-12,Ottawa,120,360
10577,264,Sarah Garcia,Laptop,2,2025-11-10,Montreal,850,1700
10578,1077,Sophia Taylor,Keyboard,3,2024-07-04,Montreal,45,135
10579,1596,John Williams,Headphones,3,2025-01-09,Vancouver,120,360
10580,1004,Sarah Davis,External Hard Drive,2,2024-03-12,Montreal,95,190
10581,1644,James Garcia,Monitor,4,2024-03-14,Vancouver,300,1200
10582,5,David Davis,Monitor,3,2024-12-06,Ottawa,300,900
10583,1127,Sophia Wilson,Smartwatch,4,2024-06-01,Toronto,200,800
10584,1220,Alex Brown,Monitor,3,2024-04-05,Calgary,300,900
10585,774,Sarah Jones,External Hard Drive,1,2025-07-18,Ottawa,95,95
10586,877,Emma Smith,Smartwatch,4,2025-03-20,Ottawa,200,800
10587,992,James Wilson,Mouse,4,2025-11-16,Montreal,30,120
10588,884,Sophia Jones,Printer,3,2024-04-19,Montreal,180,540
10589,1374,Sarah Davis,Smartphone,4,2025-04-02,Calgary,600,2400
10590,47,David Davis,Keyboard,1,2024-02-20,Toronto,45,45
10591,867,John Smith,Printer,2,2025-01-11,Ottawa,180,360
10592,823,Emma Brown,Printer,1,2024-03-13,Montreal,180,180
10593,936,Mary Johnson,Bluetooth Speaker,2,2024-07-30,Ottawa,150,300
10594,1844,James Taylor,Laptop,1,2025-03-07,Toronto,850,850
10595,656,Mary Williams,Monitor,1,2025-12-24,Vancouver,300,300
10596,269,Mary Miller,Mouse,4,2024-06-16,Toronto,30,120
10597,370,Sophia Taylor,Laptop,1,2024-11-26,Ottawa,850,850
10598,636,Sarah Jones,Smartphone,3,2025-05-08,Ottawa,600,1800
10599,1130,Sarah Brown,Laptop,3,2024-05-22,Calgary,850,2550
10600,1694,David Wilson,Bluetooth Speaker,3,2025-08-04,Ottawa,150,450
10601,1683,Sophia Garcia,Smartphone,3,2025-03-20,Montreal,600,1800
10602,657,Sophia Garcia,External Hard Drive,4,2025-01-28,Calgary,95,380
10603,120,James Garcia,External Hard Drive,3,2025-05-26,Ottawa,95,285
10604,831,Sophia Garcia,Smartwatch,1,2025-11-16,Toronto,200,200
10605,1811,Emma Davis,Laptop,3,2025-09-12,Ottawa,850,2550
10606,1628,John Williams,Keyboard,4,2025-12-15,Toronto,45,180
10607,1082,Sarah Jones,Mouse,2,2025-11-27,Toronto,30,60
10608,1975,Emma Miller,Bluetooth Speaker,1,2024-11-23,Ottawa,150,150
10609,1370,Sarah Johnson,Smartphone,1,2025-08-26,Toronto,600,600
10610,741,Linda Garcia,Mouse,4,2024-09-15,Vancouver,30,120
10611,1498,Sophia Davis,Laptop,2,2025-03-12,Calgary,850,1700
10612,117,Linda Johnson,Keyboard,3,2025-12-18,Ottawa,45,135
10613,1854,James Jones,Laptop,2,2025-07-17,Vancouver,850,1700
10614,791,Linda Taylor,Monitor,1,2024-12-14,Toronto,300,300
10615,1151,Sophia Garcia,Monitor,1,2025-11-23,Toronto,300,300
10616,1417,Alex Davis,Bluetooth Speaker,1,2025-05-29,Calgary,150,150
10617,1932,John Smith,Smartphone,2,2025-03-24,Vancouver,600,1200
10618,1013,James Taylor,Smartphone,3,2025-02-02,Vancouver,600,1800
10619,1665,Daniel Davis,Printer,1,2025-08-18,Ottawa,180,180
10620,1082,Emma Jones,Bluetooth Speaker,4,2024-08-01,Toronto,150,600
10621,634,Sophia Johnson,Bluetooth Speaker,3,2025-06-29,Montreal,150,450
10622,513,Daniel Miller,Keyboard,1,2025-07-15,Ottawa,45,45
10623,1775,Daniel Johnson,Monitor,3,2024-10-15,Ottawa,300,900
10624,802,Alex Garcia,Smartphone,4,2024-09-15,Ottawa,600,2400
10625,1120,John Taylor,Laptop,2,2024-09-14,Calgary,850,1700
10626,1662,James Davis,Bluetooth Speaker,1,2025-01-22,Calgary,150,150
10627,1142,John Wilson,Smartwatch,4,2025-11-24,Ottawa,200,800
10628,560,Sophia Williams,Headphones,1,2025-06-28,Montreal,120,120
10629,1625,Emma Jones,Smartphone,1,2024-09-21,Vancouver,600,600
10630,488,Mary Wilson,External Hard Drive,2,2024-11-08,Vancouver,95,190
10631,1261,Linda Brown,Smartphone,2,2024-02-09,Toronto,600,1200
10632,1909,James Wilson,Smartwatch,3,2024-07-28,Vancouver,200,600
10633,897,Alex Johnson,Smartphone,4,2024-09-28,Vancouver,600,2400
10634,1296,James Davis,Smartwatch,4,2024-05-15,Montreal,200,800
10635,1213,Sarah Wilson,Headphones,2,2025-08-21,Vancouver,120,240
10636,704,Sophia Smith,Printer,1,2024-02-29,Montreal,180,180
10637,1471,John Jones,Keyboard,3,2025-05-24,Calgary,45,135
10638,581,Linda Brown,Headphones,2,2025-11-06,Montreal,120,240
10639,790,Daniel Taylor,Mouse,3,2025-05-29,Calgary,30,90
10640,861,Linda Williams,Printer,3,2024-01-15,Montreal,180,540
10641,247,James Garcia,Keyboard,4,2025-09-05,Ottawa,45,180
10642,1987,Daniel Miller,Monitor,3,2024-09-11,Calgary,300,900
10643,1100,Linda Garcia,Smartwatch,4,2025-12-22,Calgary,200,800
10644,154,David Brown,Bluetooth Speaker,1,2025-06-18,Vancouver,150,150
10645,1680,Alex Miller,Mouse,1,2024-08-22,Calgary,30,30
10646,1459,Mary Miller,Headphones,2,2024-05-10,Montreal,120,240
10647,997,Linda Garcia,Smartphone,1,2025-10-31,Ottawa,600,600
10648,1110,James Garcia,Headphones,4,2025-11-15,Ottawa,120,480
10649,697,Daniel Miller,Keyboard,3,2024-01-17,Vancouver,45,135
10650,1309,Alex Taylor,Mouse,3,2024-07-03,Montreal,30,90
10651,1998,Alex Smith,Laptop,1,2025-01-25,Montreal,850,850
10652,1244,David Williams,Keyboard,4,2025-02-26,Toronto,45,180
10653,1093,Daniel Wilson,Printer,3,2025-03-17,Calgary,180,540
10654,1071,David Taylor,Headphones,1,2025-11-26,Vancouver,120,120
10655,1009,Sarah Davis,Headphones,4,2025-10-16,Ottawa,120,480
10656,94,Linda Williams,Mouse,4,2025-07-09,Toronto,30,120
10657,1774,Emma Johnson,Smartwatch,3,2024-01-12,Montreal,200,600
10658,958,John Williams,Mouse,2,2025-06-03,Calgary,30,60
10659,1012,Sarah Smith,Bluetooth Speaker,2,2024-03-20,Ottawa,150,300
10660,453,Linda Williams,Headphones,4,2025-11-04,Toronto,120,480
10661,1228,John Smith,Smartwatch,4,2024-10-28,Montreal,200,800
10662,912,John Garcia,Smartwatch,1,2024-08-03,Ottawa,200,200
10663,218,Emma Garcia,Mouse,4,2024-09-04,Ottawa,30,120
10664,474,Mary Davis,Monitor,1,2025-06-24,Montreal,300,300
10665,432,Sophia Garcia,Keyboard,1,2024-09-28,Montreal,45,45
10666,341,Emma Davis,Printer,1,2024-05-12,Vancouver,180,180
10667,551,David Smith,Monitor,4,2024-01-05,Ottawa,300,1200
10668,1636,Daniel Davis,Headphones,4,2025-06-25,Montreal,120,480
10669,1313,Mary Miller,Headphones,1,2025-09-20,Toronto,120,120
10670,1278,Mary Smith,Headphones,3,2025-11-20,Calgary,120,360
10671,1758,James Johnson,External Hard Drive,4,2024-05-20,Vancouver,95,380
10672,357,Mary Jones,Smartphone,2,2025-04-27,Montreal,600,1200
10673,23,David Davis,Laptop,3,2024-10-31,Calgary,850,2550
10674,1786,John Garcia,External Hard Drive,2,2024-12-10,Vancouver,95,190
10675,522,Alex Williams,Laptop,4,2025-07-15,Ottawa,850,3400
10676,1782,Daniel Williams,Smartwatch,3,2024-09-26,Calgary,200,600
10677,1861,Emma Jones,Headphones,4,2024-04-17,Vancouver,120,480
10678,1124,James Williams,Bluetooth Speaker,4,2025-07-11,Montreal,150,600
10679,802,John Wilson,Printer,3,2025-04-18,Montreal,180,540
10680,1204,Sarah Wilson,Mouse,4,2024-03-22,Vancouver,30,120
10681,1247,Linda Smith,Printer,3,2025-09-29,Ottawa,180,540
10682,1930,Alex Johnson,Bluetooth Speaker,4,2024-03-24,Vancouver,150,600
10683,762,Daniel Smith,Mouse,1,2024-10-16,Toronto,30,30
10684,1683,Daniel Wilson,Smartwatch,2,2024-03-11,Vancouver,200,400
10685,442,Sophia Garcia,Bluetooth Speaker,1,2024-06-23,Vancouver,150,150
10686,1632,John Garcia,Headphones,4,2025-04-07,Montreal,120,480
10687,769,Emma Brown,Bluetooth Speaker,4,2025-01-29,Ottawa,150,600
10688,1016,James Smith,Headphones,4,2024-03-31,Vancouver,120,480
10689,1349,John Taylor,Bluetooth Speaker,1,2025-04-13,Calgary,150,150
10690,516,David Jones,Bluetooth Speaker,4,2025-03-09,Montreal,150,600
10691,1040,Sophia Davis,Monitor,3,2024-09-05,Montreal,300,900
10692,792,Sophia Miller,Printer,2,2025-10-05,Vancouver,180,360
10693,336,Linda Johnson,Laptop,4,2025-11-11,Calgary,850,3400
10694,1783,Linda Jones,External Hard Drive,4,2025-07-25,Vancouver,95,380
10695,258,Alex Miller,Monitor,2,2024-08-28,Calgary,300,600
10696,497,Sophia Wilson,Laptop,2,2025-12-02,Montreal,850,1700
10697,896,John Brown,Monitor,2,2025-05-10,Calgary,300,600
10698,160,Alex Garcia,Smartphone,1,2024-12-05,Vancouver,600,600
10699,1499,John Jones,Mouse,1,2025-04-15,Toronto,30,30
10700,852,Alex Johnson,Headphones,4,2025-04-07,Toronto,120,480
10701,1688,Sophia Brown,External Hard Drive,2,2024-10-01,Calgary,95,190
10702,1932,James Smith,Monitor,4,2024-01-15,Vancouver,300,1200
10703,690,Linda Brown,Monitor,4,2024-02-10,Ottawa,300,1200
10704,1699,Sophia Miller,Smartwatch,4,2024-07-26,Toronto,200,800
10705,380,Mary Miller,Bluetooth Speaker,1,2024-02-29,Montreal,150,150
10706,1569,James Jones,Smartphone,2,2024-12-30,Vancouver,600,1200
10707,1953,Alex Williams,External Hard Drive,4,2024-08-27,Vancouver,95,380
10708,957,Sarah Miller,External Hard Drive,1,2025-08-30,Toronto,95,95
10709,691,Emma Smith,Mouse,3,2024-06-08,Ottawa,30,90
10710,1451,Sarah Taylor,External Hard Drive,3,2025-01-31,Montreal,95,285
10711,1637,Sarah Taylor,Keyboard,4,2025-05-14,Ottawa,45,180
10712,1292,John Wilson,External Hard Drive,4,2024-07-27,Montreal,95,380
10713,1859,Sarah Davis,Monitor,2,2024-05-12,Toronto,300,600
10714,1601,Alex Taylor,Keyboard,2,2025-01-15,Vancouver,45,90
10715,1441,Alex Garcia,Laptop,4,2025-03-08,Montreal,850,3400
10716,1192,Sophia Smith,Bluetooth Speaker,1,2025-08-31,Vancouver,150,150
10717,1866,Emma Johnson,Keyboard,4,2025-12-31,Calgary,45,180
10718,1067,Sophia Smith,Laptop,2,2025-01-23,Calgary,850,1700
10719,1580,Sophia Garcia,Smartphone,2,2025-08-05,Toronto,600,1200
10720,285,Mary Williams,Printer,1,2025-03-07,Toronto,180,180
10721,397,Linda Wilson,Headphones,4,2024-09-30,Toronto,120,480
10722,12,Sophia Garcia,Monitor,2,2024-12-16,Calgary,300,600
10723,1631,James Wilson,Keyboard,4,2024-05-13,Montreal,45,180
10724,1326,Mary Brown,Printer,2,2024-03-06,Ottawa,180,360
10725,1922,Emma Garcia,Bluetooth Speaker,3,2025-09-30,Toronto,150,450
10726,1277,Linda Taylor,Smartwatch,3,2024-07-23,Ottawa,200,600
10727,499,Daniel Taylor,Smartphone,3,2024-10-24,Ottawa,600,1800
10728,754,Sarah Garcia,Headphones,2,2024-04-26,Calgary,120,240
10729,35,Emma Brown,Bluetooth Speaker,1,2024-09-23,Montreal,150,150
10730,727,Alex Garcia,Smartphone,3,2024-05-28,Calgary,600,1800
10731,849,David Brown,Smartwatch,2,2024-07-12,Toronto,200,400
10732,90,Emma Smith,Laptop,4,2025-11-10,Calgary,850,3400
10733,776,Alex Wilson,Smartwatch,3,2024-06-27,Calgary,200,600
10734,605,David Taylor,Keyboard,1,2024-05-27,Calgary,45,45
10735,1946,Mary Davis,Headphones,1,2025-04-09,Toronto,120,120
10736,970,Mary Williams,External Hard Drive,1,2025-07-22,Toronto,95,95
10737,1626,James Williams,Mouse,4,2024-01-05,Calgary,30,120
10738,1022,James Davis,Monitor,4,2025-06-09,Calgary,300,1200
10739,418,John Miller,Monitor,1,2024-10-06,Ottawa,300,300
10740,115,Daniel Johnson,Laptop,1,2025-05-13,Montreal,850,850
10741,617,Alex Taylor,Bluetooth Speaker,1,2025-03-11,Ottawa,150,150
10742,1927,David Wilson,Headphones,4,2024-08-03,Montreal,120,480
10743,1220,Sarah Smith,External Hard Drive,4,2025-11-17,Montreal,95,380
10744,826,Sarah Miller,Laptop,2,2025-05-29,Calgary,850,1700
10745,1525,David Smith,Mouse,3,2024-05-16,Ottawa,30,90
10746,1650,Sarah Miller,Keyboard,4,2025-09-03,Montreal,45,180
10747,1517,Emma Taylor,Keyboard,1,2025-08-17,Montreal,45,45
10748,1099,Sarah Wilson,External Hard Drive,3,2024-10-06,Toronto,95,285
10749,413,David Garcia,External Hard Drive,4,2024-05-11,Montreal,95,380
10750,1400,Daniel Taylor,External Hard Drive,3,2025-01-27,Calgary,95,285
10751,1444,David Miller,Smartwatch,2,2025-04-25,Vancouver,200,400
10752,729,John Davis,Monitor,4,2025-05-27,Toronto,300,1200
10753,1301,Sarah Johnson,Printer,1,2025-09-19,Vancouver,180,180
10754,1021,David Brown,Headphones,1,2025-02-22,Calgary,120,120
10755,761,Linda Garcia,Printer,2,2024-07-20,Vancouver,180,360
10756,676,James Brown,Smartwatch,2,2025-10-13,Montreal,200,400
10757,1418,Sophia Johnson,Bluetooth Speaker,2,2025-10-19,Vancouver,150,300
10758,1893,Emma Wilson,Keyboard,2,2025-04-06,Ottawa,45,90
10759,457,Sarah Smith,Monitor,2,2024-07-20,Calgary,300,600
10760,920,Sophia Davis,External Hard Drive,4,2024-05-31,Ottawa,95,380
10761,192,David Taylor,Mouse,4,2024-08-09,Vancouver,30,120
10762,739,David Davis,Mouse,3,2024-03-19,Ottawa,30,90
10763,1713,David Garcia,Mouse,2,2024-07-18,Toronto,30,60
10764,1123,Linda Jones,Headphones,1,2024-04-08,Vancouver,120,120
10765,1572,Daniel Johnson,External Hard Drive,1,2024-07-31,Ottawa,95,95
10766,978,John Garcia,Monitor,2,2024-05-22,Montreal,300,600
10767,1009,Alex Davis,Keyboard,2,2025-12-02,Vancouver,45,90
10768,96,Emma Garcia,Printer,2,2025-01-23,Toronto,180,360
10769,1688,Linda Taylor,External Hard Drive,2,2025-01-08,Montreal,95,190
10770,663,Daniel Davis,External Hard Drive,2,2024-02-21,Vancouver,95,190
10771,1214,Emma Jones,Smartwatch,1,2025-09-15,Montreal,200,200
10772,1760,Sophia Johnson,Bluetooth Speaker,3,2024-05-14,Vancouver,150,450
10773,37,James Williams,Mouse,2,2025-02-14,Vancouver,30,60
10774,1804,Daniel Smith,Laptop,2,2025-04-14,Calgary,850,1700
10775,1393,James Miller,Monitor,2,2024-04-21,Ottawa,300,600
10776,1719,Sophia Jones,Smartwatch,4,2025-06-08,Vancouver,200,800
10777,1549,John Smith,Bluetooth Speaker,1,2024-02-13,Toronto,150,150
10778,279,Daniel Taylor,Bluetooth Speaker,1,2025-01-31,Ottawa,150,150
10779,217,Linda Taylor,Smartphone,3,2025-08-07,Calgary,600,1800
10780,867,David Smith,Mouse,4,2024-09-17,Ottawa,30,120
10781,873,Linda Miller,Smartphone,4,2025-06-28,Ottawa,600,2400
10782,1822,Alex Garcia,Smartwatch,4,2025-01-22,Vancouver,200,800
10783,1297,John Smith,Bluetooth Speaker,3,2025-04-20,Toronto,150,450
10784,1905,Linda Taylor,Laptop,3,2025-02-13,Vancouver,850,2550
10785,62,John Miller,Monitor,3,2025-08-02,Toronto,300,900
10786,596,John Miller,Smartphone,4,2024-01-16,Toronto,600,2400
10787,1904,Alex Garcia,Bluetooth Speaker,1,2025-10-23,Montreal,150,150
10788,729,Linda Smith,Monitor,4,2024-04-11,Vancouver,300,1200
10789,1366,David Garcia,Mouse,3,2024-07-04,Calgary,30,90
10790,397,Alex Miller,Printer,4,2024-01-25,Ottawa,180,720
10791,699,David Miller,Monitor,2,2024-03-12,Montreal,300,600
10792,1043,Emma Smith,Bluetooth Speaker,4,2025-08-15,Calgary,150,600
10793,177,James Wilson,Smartwatch,4,2025-07-26,Vancouver,200,800
10794,1636,Mary Taylor,Smartphone,1,2024-01-18,Toronto,600,600
10795,396,David Taylor,Smartphone,1,2025-07-23,Vancouver,600,600
10796,445,Sarah Miller,Keyboard,1,2024-11-27,Vancouver,45,45
10797,1257,Linda Johnson,Bluetooth Speaker,2,2025-07-22,Montreal,150,300
10798,1939,Mary Williams,Keyboard,1,2024-04-06,Calgary,45,45
10799,76,John Wilson,Laptop,2,2025-12-27,Montreal,850,1700
10800,265,James Davis,Laptop,3,2024-01-12,Calgary,850,2550
10801,455,Alex Brown,Bluetooth Speaker,1,2024-01-11,Montreal,150,150
10802,1820,John Brown,Smartphone,4,2024-06-11,Ottawa,600,2400
10803,718,Alex Williams,Mouse,4,2024-10-09,Toronto,30,120
10804,735,Sarah Brown,Headphones,2,2025-12-29,Toronto,120,240
10805,1408,Emma Garcia,Laptop,1,2024-08-28,Toronto,850,850
10806,1588,Sophia Smith,Smartphone,4,2024-02-14,Ottawa,600,2400
10807,851,James Johnson,External Hard Drive,3,2025-08-15,Ottawa,95,285
10808,1530,John Brown,External Hard Drive,1,2024-09-11,Toronto,95,95
10809,1391,Sarah Miller,Keyboard,3,2024-03-07,Toronto,45,135
10810,144,Emma Jones,Monitor,4,2025-09-05,Calgary,300,1200
10811,885,Sarah Garcia,Mouse,1,2025-08-25,Calgary,30,30
10812,1093,Sarah Taylor,Keyboard,2,2024-02-11,Vancouver,45,90
10813,1123,Mary Brown,External Hard Drive,4,2025-01-18,Montreal,95,380
10814,396,Linda Garcia,Mouse,3,2025-08-11,Calgary,30,90
10815,1049,Sophia Wilson,Headphones,1,2024-08-21,Calgary,120,120
10816,948,James Johnson,Monitor,3,2025-12-14,Calgary,300,900
10817,891,Sophia Davis,Keyboard,3,2025-04-29,Calgary,45,135
10818,1493,Sophia Brown,External Hard Drive,2,2024-02-08,Ottawa,95,190
10819,1508,James Taylor,Laptop,2,2024-01-11,Vancouver,850,1700
10820,1589,Daniel Brown,Laptop,4,2025-09-15,Calgary,850,3400
10821,1175,Emma Miller,Keyboard,2,2025-02-12,Montreal,45,90
10822,1168,Mary Johnson,Headphones,2,2024-04-17,Calgary,120,240
10823,569,David Jones,Headphones,4,2024-04-03,Ottawa,120,480
10824,1063,James Johnson,Bluetooth Speaker,4,2024-03-24,Toronto,150,600
10825,109,James Jones,Monitor,4,2024-02-27,Toronto,300,1200
10826,1717,Linda Garcia,Smartphone,4,2024-10-19,Vancouver,600,2400
10827,1066,Emma Williams,Headphones,3,2024-01-16,Toronto,120,360
10828,1210,James Miller,Monitor,3,2025-04-21,Calgary,300,900
10829,935,Emma Johnson,Headphones,4,2025-08-27,Ottawa,120,480
10830,398,Sophia Taylor,Bluetooth Speaker,4,2024-06-13,Vancouver,150,600
10831,1247,Daniel Jones,Printer,1,2025-03-12,Calgary,180,180
10832,634,Emma Williams,Headphones,1,2025-12-27,Toronto,120,120
10833,1157,Linda Garcia,Monitor,1,2025-10-17,Montreal,300,300
10834,1187,Alex Taylor,Bluetooth Speaker,2,2025-02-06,Calgary,150,300
10835,1239,John Williams,Bluetooth Speaker,3,2025-01-20,Montreal,150,450
10836,733,Sarah Smith,Monitor,3,2024-05-17,Montreal,300,900
10837,235,Daniel Brown,Monitor,1,2025-12-16,Vancouver,300,300
10838,1867,David Miller,Laptop,1,2025-12-22,Ottawa,850,850
10839,658,Sophia Miller,Printer,3,2025-06-14,Toronto,180,540
10840,751,Alex Miller,Bluetooth Speaker,2,2024-10-19,Toronto,150,300
10841,588,John Williams,Laptop,1,2025-04-19,Calgary,850,850
10842,1033,Linda Davis,Mouse,4,2025-04-06,Toronto,30,120
10843,1098,Emma Brown,Keyboard,1,2025-01-07,Vancouver,45,45
10844,954,Daniel Davis,Keyboard,3,2024-06-10,Toronto,45,135
10845,492,John Johnson,Bluetooth Speaker,3,2025-10-03,Calgary,150,450
10846,913,John Wilson,Laptop,1,2024-02-13,Toronto,850,850
10847,1277,Daniel Davis,Printer,1,2024-03-23,Ottawa,180,180
10848,1254,Emma Brown,Printer,4,2025-09-27,Montreal,180,720
10849,1543,David Williams,Mouse,4,2025-06-22,Montreal,30,120
10850,1198,James Wilson,Bluetooth Speaker,2,2025-06-02,Montreal,150,300
10851,1677,Mary Garcia,Headphones,2,2025-02-14,Ottawa,120,240
10852,1192,Daniel Taylor,Mouse,4,2024-12-06,Vancouver,30,120
10853,170,Emma Wilson,Laptop,2,2025-12-11,Calgary,850,1700
10854,1417,Emma Davis,Headphones,2,2025-09-15,Ottawa,120,240
10855,946,Daniel Wilson,Keyboard,1,2024-03-29,Calgary,45,45
10856,795,Alex Williams,Smartwatch,4,2025-10-01,Vancouver,200,800
10857,634,Mary Taylor,Keyboard,1,2024-08-17,Ottawa,45,45
10858,1218,Alex Jones,Bluetooth Speaker,1,2024-01-18,Toronto,150,150
10859,1541,David Miller,Monitor,2,2025-11-03,Vancouver,300,600
10860,29,James Davis,Keyboard,1,2024-10-07,Montreal,45,45
10861,1189,John Johnson,External Hard Drive,3,2025-02-25,Ottawa,95,285
10862,1446,Daniel Taylor,Keyboard,2,2025-11-08,Vancouver,45,90
10863,339,Mary Miller,Keyboard,3,2025-12-02,Vancouver,45,135
10864,1672,John Brown,Keyboard,2,2024-12-03,Ottawa,45,90
10865,1520,Mary Brown,Keyboard,1,2024-09-22,Montreal,45,45
10866,1389,David Taylor,Headphones,2,2024-12-20,Montreal,120,240
10867,1857,Linda Wilson,Headphones,3,2024-12-25,Vancouver,120,360
10868,1366,Emma Williams,Keyboard,2,2024-08-04,Calgary,45,90
10869,500,James Miller,Smartphone,3,2024-11-16,Vancouver,600,1800
10870,1681,Mary Taylor,Smartphone,4,2025-12-19,Ottawa,600,2400
10871,511,Sophia Davis,Headphones,1,2025-10-26,Ottawa,120,120
10872,1351,James Garcia,Smartwatch,3,2025-11-23,Ottawa,200,600
10873,217,John Smith,Monitor,4,2024-07-30,Montreal,300,1200
10874,1325,Sophia Williams,Mouse,1,2024-07-21,Toronto,30,30
10875,1156,David Garcia,External Hard Drive,4,2025-12-17,Ottawa,95,380
10876,1828,David Taylor,External Hard Drive,3,2024-06-01,Ottawa,95,285
10877,1094,Sarah Miller,Keyboard,1,2025-11-12,Calgary,45,45
10878,1276,David Davis,Smartwatch,4,2025-03-04,Calgary,200,800
10879,1439,Emma Davis,Smartphone,3,2024-10-13,Vancouver,600,1800
10880,1811,Sarah Jones,Smartphone,4,2024-11-16,Vancouver,600,2400
10881,445,Alex Williams,Smartwatch,1,2025-03-11,Vancouver,200,200
10882,876,Sarah Brown,Monitor,1,2025-08-14,Ottawa,300,300
10883,1206,Emma Jones,Headphones,1,2025-05-10,Calgary,120,120
10884,167,David Davis,Monitor,3,2025-08-26,Vancouver,300,900
10885,91,Sarah Williams,Bluetooth Speaker,4,2024-05-28,Calgary,150,600
10886,714,Daniel Miller,Bluetooth Speaker,4,2025-06-25,Ottawa,150,600
10887,1882,Sarah Johnson,Smartphone,3,2025-09-26,Ottawa,600,1800
10888,1555,Linda Johnson,Mouse,1,2025-04-26,Vancouver,30,30
10889,39,David Miller,Bluetooth Speaker,2,2024-11-21,Ottawa,150,300
10890,1150,Sarah Brown,Smartphone,1,2024-01-29,Ottawa,600,600
10891,1475,James Johnson,Keyboard,2,2024-09-15,Calgary,45,90
10892,173,Linda Williams,Printer,1,2025-11-28,Toronto,180,180
10893,653,Linda Williams,Printer,3,2024-03-15,Montreal,180,540
10894,754,Sarah Williams,Laptop,2,2025-07-10,Vancouver,850,1700
10895,1244,Daniel Davis,Keyboard,3,2025-08-03,Toronto,45,135
10896,1662,Alex Brown,Printer,2,2025-05-12,Vancouver,180,360
10897,1082,Linda Miller,Monitor,4,2025-02-19,Toronto,300,1200
10898,1684,Sarah Wilson,Laptop,2,2025-12-22,Ottawa,850,1700
10899,476,Sarah Wilson,Smartphone,2,2024-12-05,Vancouver,600,1200
10900,456,Sarah Johnson,Smartwatch,2,2024-11-03,Toronto,200,400
10901,829,Mary Jones,Smartwatch,4,2025-12-04,Montreal,200,800
10902,895,Sarah Davis,Smartphone,3,2025-09-06,Ottawa,600,1800
10903,1385,David Miller,Mouse,4,2024-08-28,Vancouver,30,120
10904,1959,Emma Williams,Smartphone,2,2024-09-09,Vancouver,600,1200
10905,1025,Mary Taylor,Headphones,1,2024-08-07,Toronto,120,120
10906,387,Daniel Taylor,Smartwatch,4,2025-01-31,Vancouver,200,800
10907,1997,James Williams,Printer,1,2024-12-01,Ottawa,180,180
10908,348,Alex Taylor,External Hard Drive,4,2025-12-29,Calgary,95,380
10909,190,Alex Wilson,Laptop,4,2025-12-14,Toronto,850,3400
10910,505,David Brown,Mouse,2,2024-01-29,Montreal,30,60
10911,1215,David Johnson,Bluetooth Speaker,3,2025-05-08,Vancouver,150,450
10912,1532,Sarah Taylor,Keyboard,3,2025-12-24,Ottawa,45,135
10913,1393,Mary Johnson,Mouse,2,2025-05-16,Vancouver,30,60
10914,1433,Sophia Smith,Bluetooth Speaker,4,2024-06-02,Montreal,150,600
10915,824,James Jones,Mouse,3,2024-08-18,Ottawa,30,90
10916,929,Sophia Smith,External Hard Drive,3,2024-04-11,Montreal,95,285
10917,934,James Jones,Mouse,3,2024-06-25,Ottawa,30,90
10918,1141,Sarah Davis,Printer,2,2025-11-23,Calgary,180,360
10919,134,Emma Johnson,Smartphone,1,2024-08-19,Ottawa,600,600
10920,58,John Smith,Headphones,1,2024-01-12,Montreal,120,120
10921,1580,John Jones,Laptop,1,2024-07-04,Toronto,850,850
10922,685,Emma Davis,Smartwatch,1,2024-09-22,Calgary,200,200
10923,672,Mary Taylor,Bluetooth Speaker,1,2024-05-14,Vancouver,150,150
10924,173,Sophia Williams,Laptop,3,2024-01-31,Calgary,850,2550
10925,1853,Alex Taylor,Mouse,3,2025-03-31,Calgary,30,90
10926,815,Sophia Johnson,Smartphone,4,2024-09-15,Vancouver,600,2400
10927,1173,Alex Brown,Laptop,3,2024-04-13,Ottawa,850,2550
10928,80,Emma Smith,Smartphone,2,2025-03-06,Calgary,600,1200
10929,886,Linda Johnson,Bluetooth Speaker,4,2025-01-16,Calgary,150,600
10930,1237,John Johnson,Printer,3,2025-04-13,Toronto,180,540
10931,203,Linda Williams,Printer,4,2025-05-27,Toronto,180,720
10932,764,Linda Wilson,Smartphone,4,2024-07-25,Montreal,600,2400
10933,1253,Emma Taylor,Smartphone,1,2025-10-08,Vancouver,600,600
10934,1700,Sophia Smith,Headphones,4,2025-03-22,Ottawa,120,480
10935,1251,Sophia Wilson,Keyboard,3,2024-03-29,Ottawa,45,135
10936,1683,Linda Taylor,Headphones,1,2024-07-13,Montreal,120,120
10937,1556,David Miller,Laptop,3,2025-02-17,Ottawa,850,2550
10938,1465,Linda Wilson,Monitor,1,2024-05-01,Ottawa,300,300
10939,1426,Sarah Johnson,Headphones,3,2025-04-06,Toronto,120,360
10940,47,Daniel Johnson,Laptop,1,2024-04-25,Ottawa,850,850
10941,1257,Emma Wilson,Smartwatch,1,2024-07-14,Ottawa,200,200
10942,1329,Mary Garcia,Laptop,2,2024-02-05,Montreal,850,1700
10943,1550,Daniel Taylor,Laptop,3,2024-03-07,Montreal,850,2550
10944,1167,Daniel Taylor,Smartphone,4,2025-10-06,Calgary,600,2400
10945,1439,Daniel Johnson,External Hard Drive,1,2024-10-07,Ottawa,95,95
10946,1537,Sarah Davis,Mouse,3,2025-04-23,Ottawa,30,90
10947,1397,Mary Smith,Smartphone,1,2024-01-11,Ottawa,600,600
10948,1590,Alex Williams,Smartphone,2,2025-12-30,Toronto,600,1200
10949,1910,Sophia Miller,External Hard Drive,2,2024-11-17,Ottawa,95,190
10950,1283,Mary Wilson,External Hard Drive,2,2025-10-29,Toronto,95,190
10951,656,Mary Jones,Mouse,2,2024-08-27,Calgary,30,60
10952,471,Sarah Davis,Monitor,4,2024-02-29,Vancouver,300,1200
10953,1977,Sophia Jones,Smartwatch,4,2025-10-11,Ottawa,200,800
10954,971,Emma Jones,Headphones,1,2025-07-15,Montreal,120,120
10955,1036,Mary Garcia,Laptop,3,2025-11-09,Montreal,850,2550
10956,1354,Mary Taylor,Headphones,2,2024-06-13,Ottawa,120,240
10957,736,Linda Garcia,Printer,2,2024-07-07,Toronto,180,360
10958,784,Linda Williams,Bluetooth Speaker,4,2025-05-01,Montreal,150,600
10959,968,Sarah Miller,Monitor,4,2024-04-01,Montreal,300,1200
10960,358,Sarah Garcia,Bluetooth Speaker,2,2024-10-15,Calgary,150,300
10961,972,Daniel Smith,Laptop,3,2025-05-23,Calgary,850,2550
10962,1432,Sarah Williams,External Hard Drive,1,2024-03-15,Calgary,95,95
10963,668,Mary Miller,Laptop,1,2025-07-10,Montreal,850,850
10964,373,Alex Davis,Smartwatch,1,2025-03-03,Montreal,200,200
10965,1032,David Williams,Headphones,1,2025-01-19,Ottawa,120,120
10966,1146,David Garcia,Mouse,3,2024-02-22,Ottawa,30,90
10967,1372,Alex Davis,Keyboard,3,2024-06-23,Toronto,45,135
10968,676,Linda Smith,Keyboard,3,2025-11-03,Montreal,45,135
10969,90,James Davis,Mouse,4,2025-08-01,Ottawa,30,120
10970,1672,John Wilson,External Hard Drive,2,2025-04-18,Ottawa,95,190
10971,698,Linda Johnson,Keyboard,3,2024-12-26,Calgary,45,135
10972,1340,David Williams,External Hard Drive,1,2024-09-26,Calgary,95,95
10973,1202,James Garcia,Smartphone,3,2025-02-10,Calgary,600,1800
10974,540,John Jones,Smartwatch,2,2024-05-03,Vancouver,200,400
10975,732,Alex Smith,Monitor,4,2025-11-24,Ottawa,300,1200
10976,869,Alex Miller,Headphones,1,2025-01-10,Calgary,120,120
10977,41,James Garcia,Headphones,4,2025-01-26,Calgary,120,480
10978,740,Sarah Brown,Monitor,3,2024-06-30,Montreal,300,900
10979,1728,David Wilson,Laptop,1,2024-02-05,Calgary,850,850
10980,1947,Linda Wilson,Laptop,1,2024-07-30,Montreal,850,850
10981,502,Linda Johnson,Bluetooth Speaker,3,2024-05-13,Toronto,150,450
10982,959,David Wilson,Laptop,3,2025-11-20,Calgary,850,2550
10983,1169,Sophia Davis,External Hard Drive,2,2025-11-08,Montreal,95,190
10984,1225,John Williams,Mouse,3,2025-05-05,Calgary,30,90
10985,929,James Davis,Smartphone,3,2025-03-13,Toronto,600,1800
10986,1748,Linda Garcia,Monitor,3,2024-02-15,Calgary,300,900
10987,461,Linda Taylor,External Hard Drive,1,2025-10-29,Montreal,95,95
10988,732,Alex Williams,External Hard Drive,2,2025-02-04,Toronto,95,190
10989,752,Alex Smith,Bluetooth Speaker,1,2025-05-02,Toronto,150,150
10990,925,Emma Jones,External Hard Drive,3,2025-03-07,Toronto,95,285
10991,909,John Smith,Smartwatch,2,2025-03-03,Vancouver,200,400
10992,1582,Mary Williams,Laptop,3,2025-07-25,Montreal,850,2550
10993,1571,Linda Garcia,Headphones,1,2025-05-31,Vancouver,120,120
10994,1277,Alex Smith,Smartwatch,1,2025-04-06,Toronto,200,200
10995,390,Alex Brown,Smartphone,3,2024-06-29,Vancouver,600,1800
10996,1618,David Williams,Smartphone,2,2024-05-24,Calgary,600,1200
10997,883,Sarah Wilson,Smartphone,1,2024-09-21,Vancouver,600,600
10998,256,James Williams,Laptop,3,2025-02-09,Ottawa,850,2550
10999,709,Alex Miller,External Hard Drive,4,2025-04-28,Toronto,95,380
11000,1839,Alex Miller,Smartphone,3,2025-04-26,Toronto,600,1800
11001,1945,Daniel Miller,Monitor,3,2024-08-24,Montreal,300,900
11002,450,Sarah Jones,Headphones,2,2025-06-08,Calgary,120,240
11003,10,Linda Brown,External Hard Drive,3,2024-12-04,Montreal,95,285
11004,824,Sophia Williams,Bluetooth Speaker,4,2024-09-24,Vancouver,150,600
11005,798,Sophia Taylor,Laptop,3,2024-09-22,Ottawa,850,2550
11006,1266,Emma Brown,Mouse,4,2025-06-11,Ottawa,30,120
11007,1275,Emma Davis,Smartwatch,1,2024-04-01,Ottawa,200,200
11008,877,Daniel Williams,Printer,3,2024-09-04,Ottawa,180,540
11009,1029,Sophia Brown,Smartwatch,2,2024-01-19,Calgary,200,400
11010,1143,James Brown,Smartphone,3,2025-01-24,Vancouver,600,1800
11011,1016,James Taylor,Headphones,4,2025-01-22,Ottawa,120,480
11012,1825,Emma Miller,Bluetooth Speaker,4,2025-09-06,Toronto,150,600
11013,374,Mary Brown,External Hard Drive,2,2024-04-04,Vancouver,95,190
11014,1089,Linda Williams,Monitor,4,2025-03-05,Calgary,300,1200
11015,146,Linda Smith,Keyboard,3,2025-12-25,Ottawa,45,135
11016,224,Emma Smith,Smartwatch,4,2024-02-06,Calgary,200,800
11017,1263,Alex Garcia,Keyboard,3,2025-01-27,Ottawa,45,135
11018,177,Sophia Williams,External Hard Drive,3,2025-07-26,Toronto,95,285
11019,1803,Linda Garcia,Headphones,4,2024-10-17,Vancouver,120,480
11020,853,James Davis,Keyboard,2,2024-10-29,Toronto,45,90
11021,1306,Sarah Wilson,Smartwatch,1,2025-02-04,Ottawa,200,200
11022,63,Emma Miller,Mouse,2,2024-12-09,Montreal,30,60
11023,1241,Alex Jones,Printer,1,2025-06-01,Vancouver,180,180
11024,1878,David Jones,Keyboard,2,2025-01-11,Calgary,45,90
11025,827,Sophia Wilson,Mouse,3,2024-06-13,Ottawa,30,90
11026,795,Daniel Miller,Mouse,3,2024-01-13,Toronto,30,90
11027,689,Linda Wilson,Smartphone,4,2024-01-25,Montreal,600,2400
11028,1485,Sarah Miller,Printer,1,2024-05-02,Ottawa,180,180
11029,1953,Sarah Smith,Monitor,1,2024-05-08,Calgary,300,300
11030,1634,James Taylor,Smartwatch,4,2025-09-25,Toronto,200,800
11031,105,Linda Wilson,Bluetooth Speaker,2,2025-06-30,Vancouver,150,300
11032,1123,James Davis,External Hard Drive,4,2025-08-17,Montreal,95,380
11033,511,Mary Wilson,Bluetooth Speaker,2,2024-11-04,Ottawa,150,300
11034,385,Emma Wilson,Keyboard,4,2025-03-11,Ottawa,45,180
11035,405,Linda Brown,Printer,1,2024-06-30,Ottawa,180,180
11036,823,John Williams,Keyboard,1,2025-08-10,Ottawa,45,45
11037,518,Alex Smith,Printer,2,2025-09-07,Toronto,180,360
11038,476,Alex Williams,Smartwatch,1,2024-02-12,Vancouver,200,200
11039,709,Sophia Wilson,External Hard Drive,1,2025-02-07,Calgary,95,95
11040,1887,Alex Miller,External Hard Drive,1,2025-08-27,Montreal,95,95
11041,1669,Emma Jones,Smartwatch,1,2025-10-17,Ottawa,200,200
11042,1894,Linda Williams,Monitor,3,2025-08-12,Ottawa,300,900
11043,771,Emma Miller,Mouse,4,2024-09-19,Vancouver,30,120
11044,1461,James Wilson,Printer,4,2024-03-10,Vancouver,180,720
11045,1047,Emma Davis,Laptop,3,2025-10-22,Toronto,850,2550
11046,997,Linda Smith,Laptop,1,2024-10-18,Toronto,850,850
11047,1589,Mary Smith,Mouse,4,2024-08-01,Toronto,30,120
11048,677,Daniel Taylor,Keyboard,4,2024-05-26,Montreal,45,180
11049,714,Emma Wilson,Printer,4,2024-01-25,Toronto,180,720
11050,1482,James Johnson,Headphones,2,2024-11-18,Ottawa,120,240
11051,83,Linda Williams,External Hard Drive,3,2024-04-18,Toronto,95,285
11052,1169,John Smith,Bluetooth Speaker,2,2025-11-23,Montreal,150,300
11053,1109,David Johnson,Headphones,2,2024-09-07,Toronto,120,240
11054,1102,Sarah Smith,Bluetooth Speaker,3,2025-04-26,Toronto,150,450
11055,457,Sarah Miller,External Hard Drive,4,2025-12-15,Ottawa,95,380
11056,1902,Emma Williams,Laptop,2,2025-11-12,Ottawa,850,1700
11057,1,John Davis,Smartwatch,4,2024-06-23,Ottawa,200,800
11058,51,Mary Wilson,Monitor,2,2024-12-12,Toronto,300,600
11059,685,Alex Garcia,Smartphone,4,2024-06-18,Ottawa,600,2400
11060,717,Sophia Brown,Keyboard,1,2024-01-02,Vancouver,45,45
11061,1796,Sarah Johnson,Mouse,1,2025-10-07,Calgary,30,30
11062,1470,Sarah Wilson,Laptop,1,2025-09-30,Calgary,850,850
11063,449,Mary Brown,Smartwatch,3,2025-07-11,Ottawa,200,600
11064,881,Sarah Jones,Smartwatch,1,2025-12-06,Montreal,200,200
11065,488,John Davis,Bluetooth Speaker,2,2024-12-27,Ottawa,150,300
11066,1824,Emma Davis,Smartwatch,4,2025-12-21,Ottawa,200,800
11067,34,Daniel Williams,Printer,4,2024-10-22,Toronto,180,720
11068,1372,Linda Johnson,Keyboard,4,2025-07-23,Montreal,45,180
11069,95,Sarah Johnson,Smartphone,4,2025-08-12,Ottawa,600,2400
11070,1096,Emma Jones,Laptop,2,2024-07-20,Vancouver,850,1700
11071,1575,James Smith,Printer,4,2024-10-15,Calgary,180,720
11072,154,Emma Taylor,Laptop,2,2024-03-02,Vancouver,850,1700
11073,250,James Taylor,Monitor,2,2025-05-16,Vancouver,300,600
11074,674,Linda Miller,Smartphone,4,2024-05-05,Vancouver,600,2400
11075,438,Sophia Garcia,Smartwatch,4,2024-02-18,Montreal,200,800
11076,118,Linda Brown,Monitor,4,2025-08-22,Montreal,300,1200
11077,771,David Johnson,Bluetooth Speaker,2,2024-06-27,Montreal,150,300
11078,1915,David Wilson,Monitor,3,2025-08-03,Calgary,300,900
11079,1330,Emma Smith,Headphones,2,2025-05-07,Toronto,120,240
11080,268,Emma Jones,Bluetooth Speaker,3,2025-03-08,Ottawa,150,450
11081,1985,Linda Davis,Smartphone,4,2025-07-25,Ottawa,600,2400
11082,1078,Daniel Miller,Keyboard,2,2024-10-28,Toronto,45,90
11083,236,David Davis,Headphones,4,2024-06-17,Ottawa,120,480
11084,389,John Jones,Laptop,3,2024-09-25,Vancouver,850,2550
11085,990,Mary Williams,Mouse,3,2024-12-29,Calgary,30,90
11086,1758,James Jones,Mouse,2,2025-09-15,Ottawa,30,60
11087,763,Linda Johnson,Headphones,2,2024-04-09,Calgary,120,240
11088,1849,Alex Davis,Keyboard,2,2024-08-02,Toronto,45,90
11089,401,Mary Miller,Printer,2,2025-09-16,Ottawa,180,360
11090,624,David Taylor,Mouse,1,2024-04-06,Calgary,30,30
11091,767,John Taylor,Headphones,1,2025-09-21,Vancouver,120,120
11092,1327,Sarah Johnson,Smartphone,4,2025-07-01,Vancouver,600,2400
11093,919,Sarah Smith,External Hard Drive,3,2024-12-02,Toronto,95,285
11094,1231,Mary Garcia,Keyboard,3,2024-12-24,Montreal,45,135
11095,1253,Linda Johnson,Keyboard,4,2024-10-16,Ottawa,45,180
11096,853,Linda Taylor,Printer,4,2025-01-30,Vancouver,180,720
11097,1934,Daniel Davis,Bluetooth Speaker,4,2024-12-25,Vancouver,150,600
11098,578,Daniel Jones,Smartwatch,1,2024-12-12,Toronto,200,200
11099,75,James Davis,Mouse,4,2024-05-03,Vancouver,30,120
11100,435,Alex Davis,Smartwatch,3,2025-07-05,Ottawa,200,600
11101,103,John Wilson,Smartwatch,4,2025-10-14,Toronto,200,800
11102,1446,Emma Miller,Smartphone,2,2025-06-21,Calgary,600,1200
11103,1728,David Davis,Laptop,3,2025-10-15,Toronto,850,2550
11104,764,David Taylor,Smartwatch,3,2025-02-25,Ottawa,200,600
11105,738,David Taylor,Keyboard,3,2024-12-01,Ottawa,45,135
11106,806,James Taylor,Printer,1,2025-05-17,Calgary,180,180
11107,1330,James Brown,Printer,1,2024-02-26,Toronto,180,180
11108,98,Alex Taylor,External Hard Drive,3,2025-10-23,Ottawa,95,285
11109,1874,Alex Miller,Laptop,2,2025-12-17,Ottawa,850,1700
11110,798,Linda Brown,Bluetooth Speaker,3,2024-03-16,Calgary,150,450
11111,1359,Alex Garcia,Keyboard,1,2025-04-10,Montreal,45,45
11112,859,Sophia Davis,Keyboard,2,2024-10-11,Toronto,45,90
11113,435,Emma Williams,External Hard Drive,3,2025-12-22,Ottawa,95,285
11114,447,Sarah Brown,Monitor,1,2025-01-20,Vancouver,300,300
11115,1332,David Brown,External Hard Drive,2,2024-09-15,Calgary,95,190
11116,249,Sophia Davis,Smartwatch,4,2025-04-21,Montreal,200,800
11117,166,Alex Wilson,Headphones,4,2025-11-26,Montreal,120,480
11118,1505,David Wilson,Printer,3,2024-01-11,Calgary,180,540
11119,984,James Davis,External Hard Drive,4,2025-11-02,Montreal,95,380
11120,1359,Linda Johnson,Smartwatch,1,2024-09-16,Ottawa,200,200
11121,1020,Daniel Miller,Mouse,2,2025-01-27,Montreal,30,60
11122,542,Sophia Smith,Laptop,3,2025-08-22,Toronto,850,2550
11123,759,David Smith,Keyboard,2,2025-01-03,Vancouver,45,90
11124,1130,Emma Garcia,Monitor,2,2024-07-02,Ottawa,300,600
11125,1587,Sophia Smith,Laptop,2,2024-01-16,Calgary,850,1700
11126,81,Daniel Johnson,Smartwatch,1,2025-05-20,Vancouver,200,200
11127,133,Daniel Smith,Bluetooth Speaker,3,2024-03-26,Ottawa,150,450
11128,797,Emma Wilson,Mouse,4,2025-12-11,Vancouver,30,120
11129,900,Sarah Wilson,Smartwatch,2,2024-01-10,Montreal,200,400
11130,138,James Miller,Headphones,2,2025-04-21,Calgary,120,240
11131,184,David Wilson,Smartphone,2,2024-06-12,Calgary,600,1200
11132,1425,Mary Johnson,Smartwatch,1,2024-01-24,Toronto,200,200
11133,1354,Daniel Brown,External Hard Drive,4,2025-07-29,Montreal,95,380
11134,785,Sophia Wilson,Smartwatch,2,2024-11-07,Toronto,200,400
11135,1532,Sophia Williams,External Hard Drive,1,2024-08-25,Toronto,95,95
11136,1876,John Williams,Bluetooth Speaker,1,2025-04-06,Montreal,150,150
11137,984,Daniel Johnson,Keyboard,2,2025-04-06,Ottawa,45,90
11138,69,Alex Taylor,Printer,2,2024-08-25,Toronto,180,360
11139,546,Sophia Miller,Smartphone,1,2024-01-22,Vancouver,600,600
11140,1798,Sophia Davis,Bluetooth Speaker,1,2024-06-28,Ottawa,150,150
11141,53,David Wilson,External Hard Drive,2,2025-07-12,Montreal,95,190
11142,1474,Sarah Miller,Printer,1,2025-12-30,Calgary,180,180
11143,205,Mary Johnson,Headphones,1,2025-05-13,Ottawa,120,120
11144,126,Mary Taylor,Laptop,2,2025-04-19,Toronto,850,1700
11145,1771,James Johnson,Smartphone,2,2025-12-16,Vancouver,600,1200
11146,43,Mary Wilson,Monitor,3,2024-12-04,Montreal,300,900
11147,1776,James Brown,Bluetooth Speaker,4,2025-06-14,Calgary,150,600
11148,1995,Alex Davis,Laptop,2,2025-11-22,Vancouver,850,1700
11149,1907,David Taylor,Laptop,2,2024-06-10,Calgary,850,1700
11150,111,Linda Garcia,Smartwatch,2,2024-03-01,Montreal,200,400
11151,761,Daniel Smith,Smartwatch,4,2024-03-25,Ottawa,200,800
11152,1687,Alex Davis,Monitor,3,2025-06-30,Toronto,300,900
11153,1207,Linda Davis,Monitor,1,2025-05-04,Montreal,300,300
11154,848,Sophia Miller,External Hard Drive,4,2024-01-05,Vancouver,95,380
11155,95,Alex Johnson,Monitor,2,2024-03-16,Ottawa,300,600
11156,1995,James Smith,Laptop,2,2024-09-09,Calgary,850,1700
11157,1398,Alex Williams,External Hard Drive,3,2024-01-07,Ottawa,95,285
11158,1936,John Jones,Printer,3,2025-11-11,Ottawa,180,540
11159,1544,Emma Brown,Keyboard,3,2025-10-03,Vancouver,45,135
11160,900,Mary Brown,Keyboard,1,2025-04-17,Toronto,45,45
11161,360,Sophia Miller,Keyboard,4,2024-05-17,Ottawa,45,180
11162,900,James Miller,Smartphone,4,2024-12-23,Ottawa,600,2400
11163,1720,Linda Brown,Smartphone,3,2025-08-25,Toronto,600,1800
11164,281,Sophia Davis,Monitor,1,2024-06-11,Toronto,300,300
11165,1219,James Miller,Keyboard,4,2024-11-13,Calgary,45,180
11166,1888,David Taylor,Headphones,2,2025-04-02,Calgary,120,240
11167,1219,Sophia Jones,Smartwatch,2,2024-09-09,Toronto,200,400
11168,667,Daniel Wilson,Headphones,2,2024-07-19,Montreal,120,240
11169,93,John Miller,Keyboard,4,2025-06-15,Toronto,45,180
11170,672,James Brown,Keyboard,3,2025-11-05,Calgary,45,135
11171,1970,James Davis,Smartwatch,2,2024-06-13,Vancouver,200,400
11172,61,Mary Davis,Keyboard,3,2024-08-19,Vancouver,45,135
11173,634,John Jones,Bluetooth Speaker,1,2024-11-23,Ottawa,150,150
11174,1075,Daniel Davis,Laptop,2,2024-08-25,Vancouver,850,1700
11175,1427,James Johnson,External Hard Drive,1,2024-04-29,Calgary,95,95
11176,1813,Sophia Brown,Smartwatch,3,2025-09-10,Vancouver,200,600
11177,1029,Sophia Brown,Keyboard,4,2024-09-06,Montreal,45,180
11178,1490,Emma Davis,Smartphone,3,2024-12-01,Toronto,600,1800
11179,604,Mary Williams,Smartphone,2,2024-10-10,Toronto,600,1200
11180,682,Linda Wilson,Laptop,2,2024-07-16,Calgary,850,1700
11181,1853,David Wilson,Smartphone,3,2025-02-19,Ottawa,600,1800
11182,534,David Taylor,External Hard Drive,2,2026-01-01,Toronto,95,190
11183,1429,Sophia Smith,Mouse,2,2025-01-29,Vancouver,30,60
11184,838,James Williams,Mouse,1,2024-05-30,Montreal,30,30
11185,1537,David Miller,Mouse,4,2024-09-21,Ottawa,30,120
11186,645,David Smith,Laptop,3,2024-08-07,Ottawa,850,2550
11187,233,Daniel Johnson,Laptop,1,2024-08-03,Ottawa,850,850
11188,524,Daniel Taylor,External Hard Drive,2,2024-11-10,Toronto,95,190
11189,346,Mary Wilson,Smartwatch,1,2025-10-29,Ottawa,200,200
11190,1070,Linda Wilson,Monitor,4,2024-08-03,Calgary,300,1200
11191,546,Linda Miller,Mouse,3,2024-11-30,Vancouver,30,90
11192,1969,Mary Garcia,Smartphone,4,2024-12-24,Montreal,600,2400
11193,1102,Alex Davis,Headphones,4,2025-09-17,Vancouver,120,480
11194,1754,David Brown,Monitor,1,2024-06-09,Calgary,300,300
11195,1837,John Garcia,External Hard Drive,1,2025-09-01,Calgary,95,95
11196,1947,Alex Johnson,Smartwatch,4,2025-05-25,Vancouver,200,800
11197,1097,John Williams,Smartphone,2,2024-06-05,Toronto,600,1200
11198,794,Sophia Brown,Keyboard,3,2024-06-10,Calgary,45,135
11199,249,John Williams,Smartwatch,2,2024-02-11,Ottawa,200,400
11200,47,Daniel Smith,Mouse,2,2024-06-28,Montreal,30,60
11201,1145,Mary Wilson,Mouse,3,2024-10-29,Montreal,30,90
11202,214,Mary Brown,Keyboard,1,2024-11-25,Calgary,45,45
11203,239,James Brown,External Hard Drive,2,2025-07-16,Ottawa,95,190
11204,1080,Daniel Miller,Printer,1,2025-03-04,Vancouver,180,180
11205,350,Alex Wilson,Smartwatch,3,2024-12-15,Montreal,200,600
11206,107,John Taylor,Keyboard,2,2024-04-29,Ottawa,45,90
11207,831,Alex Smith,External Hard Drive,1,2024-03-15,Ottawa,95,95
11208,48,Mary Garcia,External Hard Drive,1,2025-11-04,Toronto,95,95
11209,1597,James Johnson,Laptop,2,2025-10-22,Calgary,850,1700
11210,337,Mary Wilson,Smartwatch,3,2024-05-02,Ottawa,200,600
11211,1050,Linda Jones,Smartphone,4,2025-10-14,Vancouver,600,2400
11212,804,Emma Miller,Printer,1,2024-06-30,Montreal,180,180
11213,1281,Daniel Davis,Bluetooth Speaker,3,2024-09-13,Toronto,150,450
11214,8,Emma Taylor,Headphones,2,2025-08-20,Vancouver,120,240
11215,625,Daniel Williams,Smartwatch,1,2025-08-05,Montreal,200,200
11216,1891,Mary Garcia,Monitor,1,2024-09-25,Calgary,300,300
11217,1277,Sarah Wilson,External Hard Drive,1,2025-05-07,Vancouver,95,95
11218,1716,Sarah Garcia,Laptop,3,2024-06-28,Montreal,850,2550
11219,719,Daniel Wilson,Keyboard,1,2024-05-28,Toronto,45,45
11220,303,Emma Williams,Mouse,1,2025-06-01,Montreal,30,30
11221,639,John Brown,Keyboard,2,2024-05-27,Ottawa,45,90
11222,56,Daniel Williams,Keyboard,1,2025-11-10,Toronto,45,45
11223,726,David Davis,Printer,3,2024-01-09,Vancouver,180,540
11224,526,David Williams,Smartwatch,2,2024-06-26,Calgary,200,400
11225,474,Mary Johnson,Keyboard,4,2025-01-29,Toronto,45,180
11226,28,Sarah Taylor,Printer,2,2025-09-19,Toronto,180,360
11227,78,Emma Wilson,Bluetooth Speaker,1,2025-08-30,Toronto,150,150
11228,1240,Sophia Brown,Smartphone,4,2024-11-26,Montreal,600,2400
11229,1410,Daniel Jones,Bluetooth Speaker,2,2024-02-25,Ottawa,150,300
11230,365,Alex Jones,Smartwatch,1,2024-07-25,Calgary,200,200
11231,666,Emma Williams,Mouse,2,2024-04-14,Calgary,30,60
11232,526,Sophia Jones,Bluetooth Speaker,3,2025-06-30,Ottawa,150,450
11233,699,Emma Garcia,Printer,1,2025-12-21,Montreal,180,180
11234,1336,Daniel Williams,Printer,3,2024-12-20,Montreal,180,540
11235,883,James Johnson,Headphones,1,2025-10-20,Ottawa,120,120
11236,1031,Linda Garcia,External Hard Drive,3,2025-05-03,Ottawa,95,285
11237,1027,James Davis,Monitor,4,2025-08-15,Vancouver,300,1200
11238,1647,Sophia Davis,Monitor,3,2025-05-17,Montreal,300,900
11239,919,David Davis,Smartwatch,2,2024-02-19,Toronto,200,400
11240,750,Emma Brown,External Hard Drive,1,2024-03-27,Calgary,95,95
11241,363,David Davis,Headphones,2,2025-12-03,Montreal,120,240
11242,1775,Daniel Johnson,Laptop,3,2024-10-29,Ottawa,850,2550
11243,1532,Sarah Davis,Keyboard,1,2024-01-01,Toronto,45,45
11244,1298,John Johnson,Bluetooth Speaker,3,2025-01-15,Vancouver,150,450
11245,1530,Daniel Taylor,External Hard Drive,4,2025-10-11,Vancouver,95,380
11246,806,James Taylor,Keyboard,4,2025-10-09,Toronto,45,180
11247,739,James Miller,Laptop,4,2024-12-27,Toronto,850,3400
11248,1907,Alex Taylor,Mouse,3,2025-01-15,Ottawa,30,90
11249,1039,Alex Johnson,Headphones,3,2025-10-27,Ottawa,120,360
11250,1216,Linda Williams,Keyboard,4,2024-06-10,Calgary,45,180
11251,1655,David Brown,Headphones,3,2024-01-19,Calgary,120,360
11252,485,Linda Brown,Headphones,2,2024-08-30,Vancouver,120,240
11253,28,Sophia Wilson,External Hard Drive,3,2024-05-08,Toronto,95,285
11254,714,Sarah Wilson,Printer,2,2024-06-24,Vancouver,180,360
11255,1063,James Brown,Smartphone,4,2025-02-12,Ottawa,600,2400
11256,1977,James Smith,Smartwatch,3,2024-03-24,Montreal,200,600
11257,1297,Alex Miller,Monitor,4,2025-01-10,Ottawa,300,1200
11258,1255,Sarah Davis,Headphones,1,2024-08-09,Montreal,120,120
11259,86,Alex Smith,External Hard Drive,3,2024-11-20,Toronto,95,285
11260,1498,Daniel Miller,External Hard Drive,3,2025-03-26,Toronto,95,285
11261,126,Sophia Brown,Keyboard,4,2025-02-19,Toronto,45,180
11262,812,Sophia Johnson,Keyboard,4,2025-10-18,Calgary,45,180
11263,537,Sarah Brown,Bluetooth Speaker,4,2025-03-20,Calgary,150,600
11264,145,Emma Smith,Headphones,1,2025-09-09,Montreal,120,120
11265,1549,James Taylor,Smartphone,1,2024-11-20,Vancouver,600,600
11266,1236,Mary Williams,Smartwatch,4,2025-06-06,Vancouver,200,800
11267,25,Daniel Miller,Smartwatch,3,2024-06-14,Montreal,200,600
11268,1604,Sophia Johnson,Mouse,3,2025-12-08,Calgary,30,90
11269,1418,James Miller,Mouse,4,2025-10-20,Ottawa,30,120
11270,67,Daniel Davis,Bluetooth Speaker,2,2024-08-25,Montreal,150,300
11271,233,John Garcia,Monitor,1,2024-01-13,Vancouver,300,300
11272,109,Emma Brown,Mouse,1,2025-12-31,Montreal,30,30
11273,1170,Mary Brown,Laptop,2,2024-09-13,Montreal,850,1700
11274,111,Linda Brown,Bluetooth Speaker,4,2025-05-28,Toronto,150,600
11275,228,Emma Jones,Smartwatch,3,2024-07-28,Calgary,200,600
11276,111,Linda Garcia,Smartwatch,3,2025-04-28,Toronto,200,600
11277,1494,James Garcia,Smartphone,1,2024-12-30,Calgary,600,600
11278,34,Alex Williams,External Hard Drive,2,2024-08-12,Montreal,95,190
11279,623,Linda Davis,Laptop,3,2024-07-12,Calgary,850,2550
11280,1800,Daniel Smith,Monitor,1,2024-07-14,Vancouver,300,300
11281,1960,Sophia Garcia,Keyboard,3,2025-02-03,Toronto,45,135
11282,1393,Linda Williams,Bluetooth Speaker,3,2024-02-26,Montreal,150,450
11283,748,Alex Brown,Mouse,3,2025-09-16,Vancouver,30,90
11284,595,Linda Garcia,Printer,1,2024-07-31,Calgary,180,180
11285,1578,James Smith,Smartphone,2,2024-10-05,Calgary,600,1200
11286,425,Linda Davis,Smartwatch,4,2025-01-14,Vancouver,200,800
11287,613,James Wilson,Printer,2,2024-04-26,Calgary,180,360
11288,1542,Emma Jones,Bluetooth Speaker,3,2025-03-26,Toronto,150,450
11289,692,John Johnson,Headphones,2,2025-08-21,Ottawa,120,240
11290,1306,Sarah Jones,Monitor,3,2025-02-13,Calgary,300,900
11291,1344,Daniel Smith,Headphones,1,2025-01-01,Montreal,120,120
11292,1762,Alex Jones,Bluetooth Speaker,1,2024-04-22,Calgary,150,150
11293,1467,Alex Williams,Headphones,1,2024-06-12,Montreal,120,120
11294,1976,Alex Williams,Monitor,3,2024-01-04,Calgary,300,900
11295,315,John Garcia,External Hard Drive,2,2025-09-21,Calgary,95,190
11296,877,Sarah Davis,Bluetooth Speaker,4,2024-01-23,Montreal,150,600
11297,1990,Mary Johnson,Printer,4,2025-08-24,Toronto,180,720
11298,1765,Linda Johnson,Headphones,1,2024-04-01,Ottawa,120,120
11299,1401,Linda Johnson,Monitor,4,2025-04-13,Ottawa,300,1200
11300,1313,Sarah Davis,Mouse,3,2024-06-03,Toronto,30,90
11301,1461,Sophia Brown,Keyboard,2,2025-09-18,Calgary,45,90
11302,662,Daniel Johnson,Monitor,4,2024-07-25,Ottawa,300,1200
11303,277,Sophia Garcia,Smartphone,4,2024-03-21,Toronto,600,2400
11304,1734,Sarah Smith,Keyboard,2,2025-09-06,Toronto,45,90
11305,1606,John Johnson,Mouse,4,2025-04-27,Ottawa,30,120
11306,1527,Daniel Johnson,Laptop,2,2025-08-14,Montreal,850,1700
11307,624,Mary Miller,Printer,3,2025-02-10,Vancouver,180,540
11308,516,James Davis,Smartwatch,3,2024-04-12,Montreal,200,600
11309,1374,Daniel Miller,Mouse,3,2024-08-27,Calgary,30,90
11310,843,Sophia Miller,External Hard Drive,1,2024-09-21,Montreal,95,95
11311,1470,Mary Smith,Keyboard,3,2024-02-02,Vancouver,45,135
11312,1854,David Wilson,External Hard Drive,4,2024-02-04,Vancouver,95,380
11313,350,Sophia Williams,Keyboard,1,2024-09-05,Toronto,45,45
11314,1631,David Jones,Smartphone,1,2024-02-19,Calgary,600,600
11315,1688,Linda Brown,Laptop,1,2024-10-06,Toronto,850,850
11316,823,David Johnson,Smartwatch,3,2024-05-31,Montreal,200,600
11317,1161,Emma Smith,Smartphone,1,2025-10-20,Montreal,600,600
11318,759,John Taylor,Mouse,3,2025-07-04,Ottawa,30,90
11319,899,James Johnson,External Hard Drive,3,2025-12-01,Toronto,95,285
11320,243,Sarah Jones,Keyboard,1,2025-06-20,Toronto,45,45
11321,543,James Johnson,Mouse,1,2024-08-17,Toronto,30,30
11322,1064,Linda Smith,Monitor,4,2025-10-26,Toronto,300,1200
11323,229,James Wilson,Laptop,1,2024-10-14,Vancouver,850,850
11324,548,David Jones,Printer,3,2025-01-29,Ottawa,180,540
11325,920,Sarah Brown,Monitor,4,2025-03-28,Calgary,300,1200
11326,1247,Daniel Jones,External Hard Drive,4,2025-09-11,Calgary,95,380
11327,6,Sophia Wilson,Laptop,3,2024-02-02,Calgary,850,2550
11328,1346,David Taylor,Laptop,1,2024-12-28,Vancouver,850,850
11329,468,Daniel Johnson,Mouse,1,2024-04-20,Ottawa,30,30
11330,1756,Daniel Williams,Monitor,2,2024-04-30,Ottawa,300,600
11331,75,Linda Miller,Mouse,1,2024-01-16,Vancouver,30,30
11332,4,Linda Johnson,Mouse,2,2025-06-06,Toronto,30,60
11333,1871,James Miller,Mouse,4,2025-12-15,Montreal,30,120
11334,646,John Johnson,External Hard Drive,4,2025-12-14,Toronto,95,380
11335,118,James Smith,Keyboard,4,2024-04-07,Calgary,45,180
11336,881,John Smith,Keyboard,2,2024-04-25,Toronto,45,90
11337,1630,Sophia Williams,External Hard Drive,3,2025-04-15,Vancouver,95,285
11338,504,Sarah Johnson,Smartwatch,3,2025-03-14,Calgary,200,600
11339,947,John Taylor,Printer,4,2024-10-07,Montreal,180,720
11340,574,Daniel Davis,Smartphone,2,2024-12-14,Calgary,600,1200
11341,1465,Sarah Miller,Printer,2,2024-08-19,Toronto,180,360
11342,194,Mary Davis,External Hard Drive,4,2024-04-20,Ottawa,95,380
11343,847,Mary Taylor,Headphones,1,2024-12-17,Ottawa,120,120
11344,715,Sophia Garcia,Smartphone,4,2024-01-12,Ottawa,600,2400
11345,1416,John Garcia,Smartwatch,2,2025-05-02,Calgary,200,400
11346,1050,Mary Miller,Bluetooth Speaker,1,2025-06-16,Ottawa,150,150
11347,1459,John Jones,Smartphone,3,2025-09-30,Vancouver,600,1800
11348,173,James Taylor,Laptop,1,2024-10-11,Montreal,850,850
11349,1324,John Johnson,External Hard Drive,3,2025-09-24,Ottawa,95,285
11350,1669,James Miller,Bluetooth Speaker,2,2025-09-27,Vancouver,150,300
11351,326,Alex Taylor,Printer,4,2025-06-28,Vancouver,180,720
11352,1434,Mary Taylor,Bluetooth Speaker,4,2025-01-26,Calgary,150,600
11353,1142,Sarah Brown,External Hard Drive,4,2024-06-18,Calgary,95,380
11354,836,James Garcia,Printer,4,2024-03-17,Montreal,180,720
11355,1811,Mary Taylor,External Hard Drive,4,2024-10-23,Montreal,95,380
11356,724,James Garcia,Monitor,2,2024-11-25,Toronto,300,600
11357,225,Linda Miller,Headphones,2,2024-03-03,Montreal,120,240
11358,532,Emma Smith,Smartwatch,4,2024-09-26,Calgary,200,800
11359,113,Sarah Smith,Smartwatch,1,2024-08-03,Vancouver,200,200
11360,140,Sarah Johnson,Laptop,4,2024-07-08,Toronto,850,3400
11361,559,David Taylor,Headphones,3,2024-03-15,Montreal,120,360
11362,1,Daniel Taylor,Headphones,3,2025-11-16,Vancouver,120,360
11363,90,Alex Garcia,Laptop,3,2025-05-24,Calgary,850,2550
11364,654,Alex Miller,Printer,3,2025-08-01,Ottawa,180,540
11365,320,Sarah Garcia,Laptop,4,2024-04-02,Toronto,850,3400
11366,1574,Linda Garcia,Printer,3,2024-02-22,Vancouver,180,540
11367,1829,John Miller,Laptop,1,2025-05-10,Calgary,850,850
11368,1918,John Smith,Smartphone,4,2024-04-03,Calgary,600,2400
11369,139,Sophia Davis,Smartphone,3,2025-09-16,Toronto,600,1800
11370,1535,Alex Miller,Monitor,4,2024-08-16,Toronto,300,1200
11371,1892,Daniel Davis,Keyboard,4,2024-09-06,Montreal,45,180
11372,845,Alex Miller,Laptop,4,2025-01-25,Montreal,850,3400
11373,259,Sarah Brown,Headphones,2,2025-12-21,Toronto,120,240
11374,1697,Daniel Taylor,Smartphone,3,2024-06-30,Toronto,600,1800
11375,902,Mary Smith,Mouse,2,2024-09-23,Vancouver,30,60
11376,690,Mary Davis,Printer,1,2024-10-07,Montreal,180,180
11377,10,Emma Smith,Smartphone,1,2025-10-28,Calgary,600,600
11378,261,Linda Davis,Smartphone,2,2024-03-23,Montreal,600,1200
11379,1943,Daniel Garcia,External Hard Drive,3,2024-07-04,Montreal,95,285
11380,1674,Linda Brown,Printer,4,2025-10-12,Toronto,180,720
11381,172,Sophia Davis,Smartwatch,1,2025-07-20,Toronto,200,200
11382,898,Alex Wilson,Bluetooth Speaker,1,2025-06-14,Montreal,150,150
11383,13,Mary Brown,Printer,1,2024-12-13,Ottawa,180,180
11384,1192,Mary Smith,Monitor,3,2025-02-26,Ottawa,300,900
11385,1666,Sarah Jones,External Hard Drive,2,2025-03-29,Montreal,95,190
11386,1620,Linda Jones,Printer,2,2024-09-23,Ottawa,180,360
11387,321,John Brown,Printer,3,2025-05-21,Montreal,180,540
11388,1343,John Jones,Keyboard,1,2024-05-21,Toronto,45,45
11389,1637,David Miller,External Hard Drive,3,2024-11-11,Toronto,95,285
11390,329,Sophia Taylor,Printer,3,2025-11-06,Toronto,180,540
11391,785,John Williams,Bluetooth Speaker,2,2024-08-19,Calgary,150,300
11392,777,Emma Smith,Bluetooth Speaker,3,2024-10-23,Toronto,150,450
11393,1995,Daniel Davis,Mouse,3,2025-07-25,Toronto,30,90
11394,911,James Jones,External Hard Drive,1,2024-01-22,Montreal,95,95
11395,1944,James Johnson,Smartwatch,4,2025-01-18,Ottawa,200,800
11396,1574,Sarah Davis,Printer,1,2024-05-05,Ottawa,180,180
11397,1443,Alex Johnson,Keyboard,2,2024-04-12,Toronto,45,90
11398,1630,Emma Johnson,Keyboard,4,2024-04-19,Toronto,45,180
11399,1119,John Jones,Headphones,1,2025-07-23,Toronto,120,120
11400,1841,Linda Miller,Smartwatch,3,2025-04-16,Montreal,200,600
11401,1605,Daniel Williams,Keyboard,3,2024-03-05,Montreal,45,135
11402,318,John Miller,Bluetooth Speaker,4,2025-04-16,Montreal,150,600
11403,1980,David Taylor,Headphones,4,2025-07-23,Ottawa,120,480
11404,236,Linda Brown,Laptop,3,2025-10-31,Calgary,850,2550
11405,1970,Mary Miller,Keyboard,2,2024-03-16,Ottawa,45,90
11406,334,John Davis,Monitor,1,2024-01-19,Montreal,300,300
11407,1909,James Taylor,External Hard Drive,3,2025-01-18,Vancouver,95,285
11408,376,James Taylor,Keyboard,1,2024-07-08,Calgary,45,45
11409,1483,John Williams,Smartphone,1,2024-12-25,Toronto,600,600
11410,1161,James Wilson,Smartwatch,1,2025-03-27,Ottawa,200,200
11411,1954,David Johnson,Smartphone,1,2024-03-19,Calgary,600,600
11412,588,James Taylor,Mouse,2,2025-08-18,Vancouver,30,60
11413,1571,John Davis,Keyboard,2,2024-06-20,Calgary,45,90
11414,513,Linda Davis,Laptop,2,2024-07-30,Ottawa,850,1700
11415,1320,Emma Brown,Smartphone,3,2025-03-20,Montreal,600,1800
11416,1344,Alex Davis,Smartphone,3,2024-05-28,Toronto,600,1800
11417,918,Mary Smith,Smartwatch,3,2024-01-10,Montreal,200,600
11418,1596,Daniel Wilson,Headphones,2,2025-06-25,Montreal,120,240
11419,1856,James Davis,Laptop,1,2024-02-24,Ottawa,850,850
11420,1373,Alex Taylor,Smartphone,2,2025-09-30,Montreal,600,1200
11421,1864,Mary Davis,Printer,3,2024-06-28,Montreal,180,540
11422,1803,Daniel Smith,Laptop,4,2025-01-15,Ottawa,850,3400
11423,873,Sarah Miller,Printer,3,2025-02-25,Ottawa,180,540
11424,1253,James Taylor,Keyboard,1,2025-03-26,Vancouver,45,45
11425,270,James Taylor,Smartphone,2,2024-04-02,Montreal,600,1200
11426,1852,Mary Williams,Smartphone,4,2025-06-03,Calgary,600,2400
11427,798,David Smith,Bluetooth Speaker,4,2025-02-16,Toronto,150,600
11428,1315,John Taylor,Bluetooth Speaker,1,2025-01-28,Toronto,150,150
11429,725,Alex Taylor,Smartwatch,2,2024-11-26,Ottawa,200,400
11430,1189,Alex Garcia,External Hard Drive,4,2025-12-08,Ottawa,95,380
11431,5,Daniel Smith,External Hard Drive,3,2025-03-08,Vancouver,95,285
11432,851,Mary Taylor,Headphones,1,2024-06-11,Montreal,120,120
11433,1403,Mary Williams,Smartwatch,4,2024-02-09,Ottawa,200,800
11434,78,Mary Davis,External Hard Drive,1,2024-03-25,Ottawa,95,95
11435,1434,Daniel Davis,Smartwatch,2,2025-08-12,Toronto,200,400
11436,574,Linda Taylor,Smartphone,2,2025-12-25,Montreal,600,1200
11437,132,John Taylor,Bluetooth Speaker,2,2024-03-31,Vancouver,150,300
11438,601,Daniel Jones,Bluetooth Speaker,3,2025-04-28,Ottawa,150,450
11439,1773,David Miller,Bluetooth Speaker,4,2025-01-19,Ottawa,150,600
11440,1066,Daniel Garcia,External Hard Drive,2,2024-07-11,Ottawa,95,190
11441,89,Sophia Garcia,Laptop,3,2024-09-09,Toronto,850,2550
11442,402,John Smith,Monitor,2,2025-10-16,Ottawa,300,600
11443,296,Sophia Jones,Smartphone,2,2024-08-31,Ottawa,600,1200
11444,1864,Daniel Johnson,Keyboard,4,2025-12-24,Toronto,45,180
11445,1319,Daniel Garcia,Smartwatch,3,2025-12-07,Ottawa,200,600
11446,616,Daniel Williams,Bluetooth Speaker,2,2024-09-26,Montreal,150,300
11447,1550,John Smith,Bluetooth Speaker,3,2024-01-19,Montreal,150,450
11448,800,David Johnson,Bluetooth Speaker,3,2024-02-09,Toronto,150,450
11449,1715,Sophia Taylor,Smartphone,2,2025-09-01,Montreal,600,1200
11450,1661,David Jones,Bluetooth Speaker,2,2025-05-30,Vancouver,150,300
11451,422,Mary Davis,Headphones,1,2024-02-02,Ottawa,120,120
11452,1889,Sophia Taylor,Smartwatch,4,2025-11-07,Vancouver,200,800
11453,1047,John Johnson,Smartphone,2,2025-03-25,Montreal,600,1200
11454,575,Emma Williams,Smartwatch,1,2025-06-22,Toronto,200,200
11455,143,David Johnson,Printer,4,2025-11-15,Toronto,180,720
11456,993,John Wilson,Mouse,2,2025-09-16,Vancouver,30,60
11457,665,John Williams,Headphones,3,2025-08-29,Montreal,120,360
11458,145,Mary Williams,Laptop,4,2024-11-14,Ottawa,850,3400
11459,1249,Sophia Garcia,Laptop,3,2025-10-07,Montreal,850,2550
11460,1007,Daniel Jones,Monitor,1,2024-05-03,Montreal,300,300
11461,503,James Brown,Headphones,2,2025-01-06,Toronto,120,240
11462,1986,Emma Williams,Smartwatch,1,2024-12-16,Calgary,200,200
11463,1998,Emma Wilson,Laptop,2,2024-11-18,Ottawa,850,1700
11464,821,Emma Taylor,Mouse,2,2025-05-02,Ottawa,30,60
11465,1640,John Johnson,Laptop,3,2025-03-26,Toronto,850,2550
11466,104,David Brown,Bluetooth Speaker,1,2024-12-18,Montreal,150,150
11467,1971,Mary Smith,Monitor,3,2024-04-25,Toronto,300,900
11468,1063,Emma Brown,Smartphone,3,2024-01-13,Montreal,600,1800
11469,1971,John Smith,Keyboard,3,2024-11-15,Calgary,45,135
11470,198,John Garcia,Keyboard,1,2024-06-13,Calgary,45,45
11471,1670,Alex Smith,Laptop,2,2025-12-20,Vancouver,850,1700
11472,579,James Taylor,Smartwatch,2,2024-03-25,Montreal,200,400
11473,391,Alex Garcia,Smartwatch,1,2024-09-04,Toronto,200,200
11474,1203,Sarah Williams,Bluetooth Speaker,2,2025-03-07,Toronto,150,300
11475,1992,David Miller,Laptop,1,2025-07-21,Toronto,850,850
11476,554,James Williams,Laptop,1,2025-11-14,Vancouver,850,850
11477,1472,Sophia Miller,Keyboard,2,2025-10-14,Ottawa,45,90
11478,1524,John Smith,Printer,4,2025-10-05,Toronto,180,720
11479,1039,Daniel Taylor,Laptop,3,2025-04-23,Calgary,850,2550
11480,1647,Linda Taylor,Smartphone,1,2025-12-13,Toronto,600,600
11481,1693,Sophia Davis,Monitor,1,2025-01-02,Toronto,300,300
11482,1313,Linda Williams,Monitor,4,2024-12-22,Toronto,300,1200
11483,478,James Wilson,Smartphone,1,2025-02-11,Ottawa,600,600
11484,1255,Emma Taylor,Printer,1,2024-12-10,Toronto,180,180
11485,923,James Smith,Smartwatch,2,2024-06-27,Ottawa,200,400
11486,420,Emma Wilson,Keyboard,2,2025-02-28,Ottawa,45,90
11487,157,Sarah Brown,Monitor,4,2025-06-24,Vancouver,300,1200
11488,550,Sarah Williams,Headphones,1,2025-03-18,Calgary,120,120
11489,1465,Emma Johnson,Mouse,3,2024-11-01,Toronto,30,90
11490,1121,John Taylor,Keyboard,2,2025-01-01,Toronto,45,90
11491,1021,John Garcia,Printer,3,2024-02-05,Toronto,180,540
11492,997,Mary Taylor,Headphones,3,2025-04-07,Ottawa,120,360
11493,1435,David Williams,Laptop,4,2025-09-12,Montreal,850,3400
11494,951,Sophia Johnson,Smartphone,4,2024-05-25,Calgary,600,2400
11495,289,Emma Wilson,Laptop,1,2024-05-25,Toronto,850,850
11496,1278,James Davis,Bluetooth Speaker,4,2025-01-14,Montreal,150,600
11497,196,John Johnson,External Hard Drive,2,2024-06-16,Montreal,95,190
11498,598,Sarah Williams,Smartphone,1,2024-10-01,Montreal,600,600
11499,1858,Alex Davis,Headphones,1,2024-03-27,Calgary,120,120
11500,1546,Sophia Johnson,Mouse,3,2024-06-02,Montreal,30,90
11501,517,Sarah Brown,External Hard Drive,3,2025-05-11,Toronto,95,285
11502,1659,Mary Miller,Bluetooth Speaker,3,2024-11-10,Toronto,150,450
11503,1866,Sarah Miller,Smartwatch,1,2025-09-01,Vancouver,200,200
11504,865,Mary Williams,Bluetooth Speaker,4,2025-12-23,Ottawa,150,600
11505,1142,Linda Jones,External Hard Drive,4,2025-07-13,Montreal,95,380
11506,806,Alex Garcia,Monitor,4,2024-09-30,Ottawa,300,1200
11507,1933,James Brown,Keyboard,1,2025-12-06,Ottawa,45,45
11508,1183,Linda Williams,Printer,1,2024-09-18,Ottawa,180,180
11509,815,David Jones,Laptop,1,2025-05-01,Ottawa,850,850
11510,228,James Jones,Smartwatch,1,2025-03-29,Ottawa,200,200
11511,1901,Alex Taylor,Printer,1,2025-03-18,Toronto,180,180
11512,216,David Davis,Bluetooth Speaker,4,2024-09-18,Calgary,150,600
11513,948,David Jones,Mouse,1,2025-06-26,Montreal,30,30
11514,1720,Daniel Brown,Laptop,4,2024-04-14,Montreal,850,3400
11515,15,Linda Smith,Smartwatch,1,2024-12-15,Toronto,200,200
11516,1181,Emma Jones,Printer,4,2025-03-13,Toronto,180,720
11517,1672,Sophia Jones,Laptop,2,2024-06-17,Ottawa,850,1700
11518,1285,Daniel Miller,Laptop,2,2024-12-08,Calgary,850,1700
11519,1181,Sophia Taylor,Smartwatch,4,2024-08-17,Montreal,200,800
11520,47,Sophia Brown,Headphones,2,2024-01-23,Vancouver,120,240
11521,324,James Davis,Keyboard,2,2025-11-06,Toronto,45,90
11522,844,Emma Miller,Headphones,4,2024-10-07,Vancouver,120,480
11523,1709,James Johnson,Laptop,1,2025-06-02,Montreal,850,850
11524,130,Daniel Taylor,External Hard Drive,1,2025-12-22,Toronto,95,95
11525,1435,Emma Smith,Smartphone,4,2024-09-09,Montreal,600,2400
11526,95,John Brown,External Hard Drive,3,2025-02-07,Toronto,95,285
11527,627,Alex Smith,Smartwatch,3,2024-05-12,Montreal,200,600
11528,755,James Williams,Laptop,2,2024-09-30,Vancouver,850,1700
11529,1956,Emma Johnson,Laptop,3,2025-09-09,Calgary,850,2550
11530,1316,Emma Jones,Mouse,2,2024-08-19,Toronto,30,60
11531,794,Linda Wilson,Keyboard,1,2025-06-28,Vancouver,45,45
11532,1835,Sarah Johnson,Mouse,4,2024-03-19,Montreal,30,120
11533,1307,David Brown,Smartwatch,1,2024-02-04,Vancouver,200,200
11534,69,Mary Smith,Monitor,4,2025-05-09,Toronto,300,1200
11535,1684,Emma Johnson,Headphones,3,2024-04-19,Vancouver,120,360
11536,11,Linda Garcia,Mouse,1,2024-11-16,Montreal,30,30
11537,1278,Alex Wilson,Smartwatch,1,2025-07-28,Ottawa,200,200
11538,1866,Daniel Johnson,Headphones,2,2024-11-23,Calgary,120,240
11539,872,Sophia Taylor,Smartwatch,4,2025-11-20,Calgary,200,800
11540,550,David Williams,Monitor,3,2025-01-18,Ottawa,300,900
11541,1158,Emma Jones,Keyboard,1,2024-12-29,Toronto,45,45
11542,712,Sarah Garcia,Keyboard,4,2024-08-19,Vancouver,45,180
11543,23,Sarah Taylor,Smartwatch,3,2025-09-07,Vancouver,200,600
11544,815,Linda Johnson,Mouse,1,2025-02-17,Ottawa,30,30
11545,346,David Miller,Keyboard,4,2024-10-20,Ottawa,45,180
11546,302,David Johnson,Smartphone,2,2025-06-30,Montreal,600,1200
11547,363,James Williams,Mouse,1,2025-12-06,Montreal,30,30
11548,396,Sophia Davis,Printer,4,2024-06-22,Calgary,180,720
11549,218,James Wilson,Bluetooth Speaker,3,2025-01-26,Toronto,150,450
11550,141,John Taylor,Smartwatch,3,2024-04-11,Toronto,200,600
11551,1640,Linda Miller,Smartwatch,2,2024-10-19,Ottawa,200,400
11552,958,Linda Miller,Smartwatch,1,2024-03-25,Calgary,200,200
11553,1234,Emma Davis,Monitor,2,2024-07-19,Calgary,300,600
11554,985,Emma Miller,Smartwatch,4,2025-11-15,Montreal,200,800
11555,993,John Brown,Keyboard,3,2025-06-24,Vancouver,45,135
11556,1647,Mary Miller,Keyboard,2,2024-10-23,Toronto,45,90
11557,1640,Sophia Brown,Bluetooth Speaker,1,2024-02-25,Calgary,150,150
11558,828,Emma Garcia,Bluetooth Speaker,4,2025-04-16,Montreal,150,600
11559,683,Sophia Jones,External Hard Drive,1,2024-01-16,Montreal,95,95
11560,1484,Sophia Miller,Mouse,2,2025-10-13,Montreal,30,60
11561,1004,David Wilson,Keyboard,3,2024-03-06,Vancouver,45,135
11562,356,James Garcia,Keyboard,3,2025-10-20,Calgary,45,135
11563,1008,John Johnson,Monitor,2,2025-10-31,Ottawa,300,600
11564,1348,Sophia Wilson,Keyboard,1,2025-04-16,Ottawa,45,45
11565,1157,Sarah Taylor,Keyboard,1,2025-08-03,Montreal,45,45
11566,888,Emma Wilson,External Hard Drive,1,2024-01-23,Montreal,95,95
11567,1829,Sarah Taylor,Smartphone,1,2025-12-02,Vancouver,600,600
11568,1864,Emma Taylor,External Hard Drive,3,2025-04-30,Montreal,95,285
11569,127,Daniel Davis,Smartphone,1,2025-02-18,Calgary,600,600
11570,1130,Mary Wilson,External Hard Drive,2,2025-10-18,Montreal,95,190
11571,1009,Sarah Garcia,Keyboard,2,2024-10-31,Montreal,45,90
11572,604,James Davis,External Hard Drive,2,2024-06-25,Calgary,95,190
11573,1823,Sophia Smith,Keyboard,2,2024-07-13,Toronto,45,90
11574,1402,David Johnson,Keyboard,1,2024-01-13,Ottawa,45,45
11575,1929,Mary Smith,Bluetooth Speaker,3,2024-06-14,Montreal,150,450
11576,1014,David Johnson,Laptop,4,2024-05-29,Calgary,850,3400
11577,51,Sarah Brown,Smartphone,1,2024-12-06,Ottawa,600,600
11578,1053,Alex Johnson,Printer,4,2025-07-10,Vancouver,180,720
11579,1486,Linda Johnson,Mouse,3,2024-06-22,Toronto,30,90
11580,1320,Sophia Garcia,Mouse,1,2024-06-15,Montreal,30,30
11581,1321,David Taylor,External Hard Drive,4,2025-12-09,Toronto,95,380
11582,1750,James Williams,Laptop,3,2025-12-18,Montreal,850,2550
11583,779,John Johnson,Monitor,4,2025-08-16,Montreal,300,1200
11584,1431,Emma Taylor,Printer,2,2025-08-02,Montreal,180,360
11585,1793,Sarah Smith,Mouse,2,2024-04-06,Toronto,30,60
11586,814,Sophia Wilson,Headphones,3,2025-11-09,Vancouver,120,360
11587,1637,Sarah Taylor,Smartwatch,3,2025-02-07,Calgary,200,600
11588,1429,Alex Johnson,Headphones,4,2024-03-17,Calgary,120,480
11589,1370,David Brown,Monitor,3,2024-08-24,Vancouver,300,900
11590,1646,Emma Davis,Printer,2,2025-12-08,Vancouver,180,360
11591,420,Linda Smith,Mouse,2,2024-10-17,Montreal,30,60
11592,1206,Sophia Johnson,External Hard Drive,1,2024-05-15,Montreal,95,95
11593,983,David Wilson,Smartwatch,4,2025-01-01,Calgary,200,800
11594,825,Sophia Johnson,Smartphone,3,2025-07-01,Montreal,600,1800
11595,1025,Daniel Jones,Mouse,3,2024-09-04,Montreal,30,90
11596,1855,Emma Miller,Mouse,3,2024-08-01,Vancouver,30,90
11597,1974,Alex Brown,Monitor,4,2024-03-10,Toronto,300,1200
11598,567,Emma Garcia,Mouse,2,2024-11-24,Ottawa,30,60
11599,371,Emma Taylor,Printer,3,2024-01-16,Ottawa,180,540
11600,936,Mary Johnson,Laptop,3,2025-05-01,Montreal,850,2550
11601,1935,David Miller,Printer,2,2024-06-22,Montreal,180,360
11602,661,Mary Jones,Smartphone,3,2025-11-29,Ottawa,600,1800
11603,1455,James Taylor,Laptop,1,2024-09-30,Vancouver,850,850
11604,969,Emma Garcia,Mouse,2,2025-06-07,Ottawa,30,60
11605,1333,James Garcia,Mouse,2,2024-08-06,Ottawa,30,60
11606,1161,Daniel Jones,Smartwatch,2,2025-05-27,Ottawa,200,400
11607,202,David Taylor,Mouse,1,2025-02-02,Montreal,30,30
11608,1460,Sarah Wilson,Keyboard,2,2024-04-20,Montreal,45,90
11609,313,David Johnson,Smartphone,4,2025-04-08,Ottawa,600,2400
11610,117,Emma Garcia,Bluetooth Speaker,4,2025-10-02,Montreal,150,600
11611,1690,James Garcia,External Hard Drive,4,2024-04-02,Ottawa,95,380
11612,937,Alex Williams,Smartwatch,2,2025-03-26,Vancouver,200,400
11613,1827,David Miller,Headphones,2,2025-01-30,Montreal,120,240
11614,575,John Williams,Laptop,2,2025-07-04,Toronto,850,1700
11615,244,Emma Jones,Bluetooth Speaker,1,2025-04-23,Montreal,150,150
11616,537,James Jones,External Hard Drive,4,2024-11-11,Vancouver,95,380
11617,1626,John Davis,Mouse,3,2025-11-01,Vancouver,30,90
11618,75,Sophia Davis,Printer,3,2025-11-28,Montreal,180,540
11619,1830,Sarah Garcia,Keyboard,2,2024-12-18,Calgary,45,90
11620,386,David Taylor,Laptop,1,2024-08-26,Ottawa,850,850
11621,1927,Daniel Taylor,Laptop,2,2024-04-13,Ottawa,850,1700
11622,1234,David Smith,Laptop,3,2024-01-29,Vancouver,850,2550
11623,475,Daniel Jones,Smartphone,4,2024-03-29,Montreal,600,2400
11624,418,Linda Williams,Laptop,3,2025-01-09,Calgary,850,2550
11625,347,Linda Garcia,Smartwatch,4,2025-01-31,Toronto,200,800
11626,1553,Alex Jones,External Hard Drive,4,2025-07-16,Ottawa,95,380
11627,640,Mary Johnson,Printer,1,2024-12-29,Calgary,180,180
11628,939,James Taylor,Smartwatch,3,2024-05-26,Ottawa,200,600
11629,955,Emma Taylor,Smartwatch,2,2024-11-09,Montreal,200,400
11630,876,Linda Williams,Keyboard,1,2025-07-01,Ottawa,45,45
11631,763,David Smith,Printer,4,2025-03-27,Toronto,180,720
11632,1203,James Garcia,Keyboard,3,2025-05-20,Montreal,45,135
11633,1206,Daniel Garcia,Laptop,2,2025-04-30,Vancouver,850,1700
11634,664,David Brown,Laptop,1,2024-04-10,Calgary,850,850
11635,25,Emma Wilson,Smartwatch,2,2024-04-16,Ottawa,200,400
11636,1991,Linda Jones,Smartwatch,3,2024-10-17,Montreal,200,600
11637,1204,Alex Miller,Laptop,2,2024-12-14,Montreal,850,1700
11638,710,Alex Taylor,Monitor,1,2025-09-08,Ottawa,300,300
11639,1525,Linda Williams,External Hard Drive,2,2025-08-10,Vancouver,95,190
11640,1880,Mary Garcia,Smartphone,3,2024-08-14,Ottawa,600,1800
11641,1185,Sarah Wilson,Bluetooth Speaker,1,2025-08-18,Vancouver,150,150
11642,177,James Johnson,Mouse,4,2025-08-10,Ottawa,30,120
11643,285,Sarah Jones,Headphones,1,2024-02-19,Montreal,120,120
11644,63,Alex Wilson,Printer,3,2025-12-22,Toronto,180,540
11645,1003,David Johnson,Keyboard,2,2024-06-06,Toronto,45,90
11646,662,Alex Wilson,Printer,4,2024-11-23,Montreal,180,720
11647,666,James Johnson,Laptop,4,2024-03-17,Toronto,850,3400
11648,156,Daniel Williams,Bluetooth Speaker,2,2025-09-24,Vancouver,150,300
11649,1906,Daniel Johnson,Headphones,3,2025-03-29,Montreal,120,360
11650,1493,Emma Williams,Smartwatch,1,2024-11-05,Vancouver,200,200
11651,1073,David Johnson,Smartwatch,3,2024-11-22,Montreal,200,600
11652,967,Emma Smith,Keyboard,4,2025-05-22,Vancouver,45,180
11653,849,James Taylor,External Hard Drive,1,2024-04-16,Vancouver,95,95
11654,1108,John Garcia,Mouse,1,2024-08-28,Toronto,30,30
11655,1385,Alex Taylor,External Hard Drive,2,2025-03-10,Montreal,95,190
11656,689,Linda Davis,Bluetooth Speaker,3,2024-01-28,Ottawa,150,450
11657,148,Emma Smith,External Hard Drive,1,2025-12-04,Toronto,95,95
11658,1654,Linda Davis,Keyboard,2,2024-09-05,Vancouver,45,90
11659,342,Linda Williams,Headphones,3,2024-12-29,Vancouver,120,360
11660,476,John Wilson,Headphones,4,2025-12-25,Ottawa,120,480
11661,1087,Sarah Davis,Headphones,4,2025-06-16,Ottawa,120,480
11662,1725,James Johnson,Smartwatch,3,2025-04-16,Vancouver,200,600
11663,1384,John Garcia,Monitor,1,2025-10-28,Ottawa,300,300
11664,561,Sophia Davis,Bluetooth Speaker,1,2025-06-22,Calgary,150,150
11665,327,Sophia Brown,Mouse,4,2025-08-11,Toronto,30,120
11666,1793,Mary Davis,Bluetooth Speaker,4,2025-02-16,Montreal,150,600
11667,1760,Sophia Smith,Bluetooth Speaker,1,2025-07-22,Ottawa,150,150
11668,1165,Emma Wilson,External Hard Drive,3,2025-09-22,Ottawa,95,285
11669,990,Sarah Williams,Smartphone,4,2024-06-13,Calgary,600,2400
11670,215,Alex Miller,Bluetooth Speaker,1,2025-07-29,Montreal,150,150
11671,435,John Miller,Keyboard,3,2024-02-17,Calgary,45,135
11672,1915,Mary Wilson,Smartphone,2,2025-10-23,Montreal,600,1200
11673,952,Mary Davis,Monitor,3,2025-04-28,Toronto,300,900
11674,723,John Davis,Keyboard,1,2024-06-06,Ottawa,45,45
11675,1342,David Garcia,Bluetooth Speaker,3,2025-10-29,Toronto,150,450
11676,32,Sarah Taylor,Printer,1,2024-05-30,Montreal,180,180
11677,670,James Miller,Smartwatch,4,2024-08-12,Ottawa,200,800
11678,285,David Williams,External Hard Drive,2,2024-09-16,Calgary,95,190
11679,1329,James Jones,Laptop,4,2025-01-21,Vancouver,850,3400
11680,429,David Smith,Mouse,4,2024-09-12,Calgary,30,120
11681,1501,Mary Jones,Mouse,1,2024-03-01,Vancouver,30,30
11682,286,Alex Johnson,Keyboard,1,2025-01-30,Calgary,45,45
11683,1168,Sarah Williams,Mouse,1,2025-01-31,Montreal,30,30
11684,1448,Sarah Williams,Smartphone,1,2024-06-10,Toronto,600,600
11685,1043,Alex Davis,Headphones,4,2025-01-14,Vancouver,120,480
11686,18,Daniel Jones,Printer,1,2025-03-18,Montreal,180,180
11687,769,Sarah Johnson,Laptop,1,2024-12-14,Toronto,850,850
11688,590,Mary Jones,Mouse,4,2024-01-31,Toronto,30,120
11689,1395,James Taylor,Mouse,2,2024-03-11,Ottawa,30,60
11690,1199,Emma Wilson,Keyboard,2,2025-01-31,Ottawa,45,90
11691,1010,James Jones,Bluetooth Speaker,3,2025-03-13,Ottawa,150,450
11692,194,Emma Taylor,Smartwatch,4,2024-01-02,Vancouver,200,800
11693,502,Emma Miller,External Hard Drive,1,2025-07-15,Vancouver,95,95
11694,988,Alex Jones,External Hard Drive,3,2024-05-14,Toronto,95,285
11695,1137,Sophia Smith,External Hard Drive,2,2024-05-25,Vancouver,95,190
11696,114,John Davis,External Hard Drive,2,2024-06-27,Toronto,95,190
11697,1246,David Jones,Monitor,4,2024-09-20,Montreal,300,1200
11698,1702,John Wilson,Laptop,1,2024-11-06,Calgary,850,850
11699,947,John Jones,Bluetooth Speaker,1,2024-07-22,Toronto,150,150
11700,831,Emma Wilson,Smartwatch,3,2025-11-29,Toronto,200,600
11701,1668,Sarah Garcia,Smartwatch,2,2024-01-30,Montreal,200,400
11702,1921,Linda Brown,Keyboard,3,2024-02-28,Ottawa,45,135
11703,1288,Sarah Johnson,Printer,3,2024-01-09,Ottawa,180,540
11704,925,John Garcia,Mouse,3,2024-11-19,Ottawa,30,90
11705,55,John Smith,Mouse,1,2024-06-15,Toronto,30,30
11706,1895,Sarah Taylor,Bluetooth Speaker,2,2024-12-02,Toronto,150,300
11707,1667,Emma Miller,Monitor,3,2025-01-13,Vancouver,300,900
11708,800,Daniel Smith,Smartphone,2,2025-12-03,Vancouver,600,1200
11709,778,James Taylor,Headphones,2,2024-08-29,Calgary,120,240
11710,1482,David Garcia,Bluetooth Speaker,3,2025-10-27,Calgary,150,450
11711,1902,James Williams,Smartphone,3,2024-06-08,Vancouver,600,1800
11712,162,Sarah Miller,Headphones,4,2024-08-22,Toronto,120,480
11713,1404,Linda Wilson,Smartwatch,1,2025-03-28,Montreal,200,200
11714,87,David Garcia,Monitor,2,2024-07-17,Vancouver,300,600
11715,55,David Johnson,Bluetooth Speaker,3,2025-04-21,Toronto,150,450
11716,1500,Linda Wilson,External Hard Drive,3,2024-02-02,Vancouver,95,285
11717,1824,Alex Smith,Smartwatch,2,2025-02-11,Ottawa,200,400
11718,1202,John Brown,Smartphone,3,2024-03-29,Vancouver,600,1800
11719,1415,Emma Jones,Bluetooth Speaker,4,2025-08-29,Ottawa,150,600
11720,1373,Alex Wilson,Bluetooth Speaker,2,2024-08-08,Toronto,150,300
11721,1032,Sophia Brown,Keyboard,3,2024-03-09,Ottawa,45,135
11722,833,Daniel Miller,Laptop,2,2024-10-20,Vancouver,850,1700
11723,313,James Williams,Smartwatch,3,2024-08-24,Ottawa,200,600
11724,759,Sarah Johnson,Bluetooth Speaker,3,2024-06-08,Montreal,150,450
11725,1859,David Garcia,Mouse,1,2024-10-16,Ottawa,30,30
11726,443,James Davis,Mouse,2,2025-07-07,Ottawa,30,60
11727,1791,Linda Brown,Laptop,1,2025-07-31,Calgary,850,850
11728,328,David Smith,Bluetooth Speaker,3,2025-06-16,Montreal,150,450
11729,1078,James Wilson,External Hard Drive,2,2024-11-30,Toronto,95,190
11730,761,John Johnson,Laptop,2,2025-08-04,Ottawa,850,1700
11731,1263,Alex Brown,Laptop,4,2025-05-16,Montreal,850,3400
11732,1253,Sophia Davis,Smartphone,4,2024-09-02,Toronto,600,2400
11733,579,Linda Taylor,Smartphone,3,2024-11-18,Montreal,600,1800
11734,1075,Emma Williams,Printer,3,2025-09-02,Calgary,180,540
11735,1633,Daniel Smith,Smartwatch,3,2024-11-24,Toronto,200,600
11736,1628,Mary Williams,Headphones,3,2025-06-30,Toronto,120,360
11737,1007,Alex Smith,Laptop,4,2024-12-04,Ottawa,850,3400
11738,1288,David Davis,Smartphone,2,2024-06-19,Vancouver,600,1200
11739,1442,Mary Jones,Monitor,1,2024-04-19,Toronto,300,300
11740,1827,Linda Davis,Printer,2,2024-01-10,Toronto,180,360
11741,96,John Davis,Bluetooth Speaker,2,2024-07-20,Calgary,150,300
11742,1112,Sarah Garcia,Smartwatch,4,2024-09-13,Calgary,200,800
11743,1102,Sarah Miller,Bluetooth Speaker,2,2024-09-18,Calgary,150,300
11744,1312,Daniel Jones,Printer,2,2025-11-23,Ottawa,180,360
11745,1144,Sarah Garcia,Keyboard,3,2025-03-05,Toronto,45,135
11746,814,Daniel Williams,Mouse,1,2025-05-21,Calgary,30,30
11747,491,Alex Garcia,Smartwatch,2,2024-03-06,Calgary,200,400
11748,1936,David Johnson,Mouse,2,2025-11-03,Montreal,30,60
11749,452,Emma Wilson,Monitor,1,2025-08-01,Montreal,300,300
11750,1524,Alex Johnson,Bluetooth Speaker,3,2025-09-03,Calgary,150,450
11751,165,John Garcia,Keyboard,4,2025-08-11,Ottawa,45,180
11752,182,Alex Davis,Monitor,4,2024-02-04,Vancouver,300,1200
11753,469,John Smith,Headphones,2,2025-07-10,Montreal,120,240
11754,910,Daniel Garcia,Bluetooth Speaker,3,2025-10-23,Montreal,150,450
11755,735,Alex Miller,Printer,4,2025-05-05,Toronto,180,720
11756,823,Alex Williams,Keyboard,4,2025-08-02,Toronto,45,180
11757,944,John Jones,Smartwatch,4,2024-09-10,Calgary,200,800
11758,7,John Smith,Keyboard,4,2024-01-17,Toronto,45,180
11759,330,Emma Davis,Bluetooth Speaker,4,2024-09-17,Toronto,150,600
11760,775,Linda Johnson,Smartphone,2,2025-12-25,Vancouver,600,1200
11761,1697,Mary Davis,Monitor,4,2024-09-12,Ottawa,300,1200
11762,151,John Johnson,Keyboard,2,2025-12-28,Calgary,45,90
11763,1109,Sophia Miller,Mouse,1,2025-02-27,Vancouver,30,30
11764,147,Mary Davis,Monitor,1,2025-05-15,Calgary,300,300
11765,1648,Sarah Johnson,Mouse,3,2024-10-12,Ottawa,30,90
11766,1405,Linda Wilson,Keyboard,2,2024-01-07,Calgary,45,90
11767,915,Daniel Garcia,Smartphone,3,2025-05-11,Toronto,600,1800
11768,1572,Alex Brown,Monitor,1,2024-07-17,Ottawa,300,300
11769,1309,Mary Jones,Printer,1,2025-08-25,Vancouver,180,180
11770,700,Sarah Davis,Monitor,1,2025-10-20,Vancouver,300,300
11771,82,Sarah Wilson,Smartwatch,1,2025-02-21,Montreal,200,200
11772,514,Mary Miller,Keyboard,4,2025-10-23,Vancouver,45,180
11773,1921,James Williams,Headphones,1,2024-02-21,Montreal,120,120
11774,815,Linda Davis,Bluetooth Speaker,4,2024-08-30,Toronto,150,600
11775,709,Sarah Garcia,Laptop,4,2024-08-06,Vancouver,850,3400
11776,1940,Daniel Smith,External Hard Drive,3,2025-06-01,Ottawa,95,285
11777,1547,James Wilson,Headphones,4,2024-04-18,Montreal,120,480
11778,746,Emma Jones,Mouse,3,2024-12-16,Vancouver,30,90
11779,1023,Mary Taylor,Printer,4,2024-03-06,Toronto,180,720
11780,1410,Linda Davis,Printer,4,2024-01-10,Ottawa,180,720
11781,707,Mary Johnson,External Hard Drive,1,2024-07-20,Ottawa,95,95
11782,471,Emma Taylor,Smartphone,2,2024-08-01,Toronto,600,1200
11783,1143,John Williams,Smartwatch,4,2024-03-08,Vancouver,200,800
11784,396,James Wilson,Bluetooth Speaker,2,2024-11-22,Calgary,150,300
11785,1556,Alex Davis,Headphones,2,2024-02-19,Vancouver,120,240
11786,261,James Davis,Laptop,2,2024-01-17,Montreal,850,1700
11787,805,Mary Miller,Monitor,4,2025-06-06,Montreal,300,1200
11788,934,Mary Miller,External Hard Drive,2,2024-11-01,Vancouver,95,190
11789,1280,Emma Brown,Smartphone,4,2025-01-26,Montreal,600,2400
11790,1758,Mary Miller,Printer,1,2024-05-03,Calgary,180,180
11791,905,Mary Jones,Laptop,4,2025-05-18,Calgary,850,3400
11792,1250,Mary Brown,Printer,3,2024-08-12,Ottawa,180,540
11793,1077,Alex Miller,Keyboard,1,2024-11-13,Montreal,45,45
11794,940,Linda Taylor,External Hard Drive,2,2025-04-17,Vancouver,95,190
11795,1891,Alex Brown,Smartphone,2,2025-06-24,Ottawa,600,1200
11796,1524,John Davis,Monitor,3,2024-12-23,Calgary,300,900
11797,1530,Sophia Johnson,Mouse,1,2025-04-27,Ottawa,30,30
11798,854,Sarah Taylor,Smartphone,3,2025-03-04,Toronto,600,1800
11799,1388,James Garcia,Bluetooth Speaker,2,2025-05-11,Montreal,150,300
11800,1304,John Williams,Monitor,4,2025-04-16,Vancouver,300,1200
11801,593,Linda Brown,Headphones,2,2025-07-24,Calgary,120,240
11802,714,David Taylor,Smartphone,3,2025-10-16,Ottawa,600,1800
11803,1182,Daniel Brown,Monitor,4,2024-10-26,Vancouver,300,1200
11804,632,David Garcia,Headphones,4,2025-11-06,Montreal,120,480
11805,59,Linda Williams,Smartphone,2,2024-03-24,Vancouver,600,1200
11806,1751,Sophia Brown,Laptop,4,2025-01-11,Montreal,850,3400
11807,128,Alex Williams,Mouse,1,2024-11-08,Montreal,30,30
11808,736,Daniel Jones,Laptop,2,2025-09-20,Montreal,850,1700
11809,721,Sophia Miller,Bluetooth Speaker,2,2024-11-15,Ottawa,150,300
11810,1906,Alex Garcia,Monitor,1,2024-07-22,Montreal,300,300
11811,1139,Daniel Garcia,Headphones,2,2024-12-20,Vancouver,120,240
11812,1233,Sarah Miller,Keyboard,3,2024-10-20,Toronto,45,135
11813,526,John Williams,Smartphone,3,2025-05-18,Vancouver,600,1800
11814,521,Sophia Smith,Keyboard,2,2024-05-24,Ottawa,45,90
11815,552,Alex Smith,Smartphone,1,2025-06-22,Montreal,600,600
11816,1986,Daniel Johnson,Bluetooth Speaker,4,2024-01-17,Toronto,150,600
11817,237,Daniel Williams,Keyboard,1,2025-07-28,Ottawa,45,45
11818,1305,Mary Williams,Headphones,3,2025-07-29,Calgary,120,360
11819,1383,Emma Miller,Smartwatch,2,2024-02-08,Calgary,200,400
11820,1225,James Brown,Laptop,1,2024-05-09,Calgary,850,850
11821,1782,Alex Taylor,Headphones,4,2024-04-24,Toronto,120,480
11822,1302,Sophia Jones,Printer,4,2025-03-25,Vancouver,180,720
11823,1259,Sarah Davis,External Hard Drive,4,2024-02-14,Toronto,95,380
11824,494,James Wilson,Bluetooth Speaker,4,2024-08-03,Toronto,150,600
11825,4,Daniel Jones,Mouse,1,2025-08-22,Toronto,30,30
11826,666,Sophia Taylor,Smartphone,4,2025-02-18,Calgary,600,2400
11827,442,John Wilson,Headphones,3,2025-11-19,Vancouver,120,360
11828,29,Sophia Miller,Keyboard,4,2024-09-21,Toronto,45,180
11829,1133,Alex Brown,External Hard Drive,3,2025-03-15,Vancouver,95,285
11830,610,Sophia Jones,Smartwatch,1,2025-09-08,Montreal,200,200
11831,1751,Emma Davis,Printer,3,2025-01-15,Toronto,180,540
11832,805,David Garcia,Keyboard,1,2024-10-27,Toronto,45,45
11833,75,Emma Taylor,Laptop,4,2024-06-19,Toronto,850,3400
11834,838,Sarah Johnson,Smartwatch,2,2025-09-11,Montreal,200,400
11835,1170,Alex Garcia,External Hard Drive,3,2025-02-09,Montreal,95,285
11836,128,James Johnson,Monitor,3,2024-12-20,Calgary,300,900
11837,1877,Linda Wilson,Monitor,2,2024-06-09,Ottawa,300,600
11838,42,Sarah Wilson,External Hard Drive,1,2025-07-05,Vancouver,95,95
11839,1380,Mary Johnson,Monitor,1,2024-01-26,Ottawa,300,300
11840,41,Daniel Davis,Bluetooth Speaker,4,2024-03-23,Toronto,150,600
11841,934,James Smith,Headphones,3,2024-06-21,Toronto,120,360
11842,34,Linda Davis,Smartphone,1,2025-11-15,Calgary,600,600
11843,1041,Linda Miller,Headphones,4,2024-03-10,Ottawa,120,480
11844,1701,Mary Miller,Printer,1,2024-01-06,Toronto,180,180
11845,1177,Sarah Wilson,Headphones,2,2024-07-13,Ottawa,120,240
11846,998,John Garcia,Headphones,2,2025-06-08,Calgary,120,240
11847,1402,David Smith,Laptop,2,2024-03-03,Ottawa,850,1700
11848,588,Sarah Smith,Smartphone,4,2024-01-13,Vancouver,600,2400
11849,1623,Linda Johnson,Headphones,3,2024-07-23,Calgary,120,360
11850,1653,David Davis,Smartphone,2,2024-02-09,Ottawa,600,1200
11851,1898,Mary Miller,Mouse,2,2024-06-13,Toronto,30,60
11852,342,Linda Jones,Monitor,1,2024-01-31,Montreal,300,300
11853,27,David Brown,Keyboard,2,2025-06-12,Montreal,45,90
11854,1849,Emma Taylor,Laptop,3,2025-10-10,Calgary,850,2550
11855,1311,Mary Davis,Monitor,4,2025-11-07,Montreal,300,1200
11856,646,John Miller,Smartphone,2,2025-02-01,Vancouver,600,1200
11857,731,Linda Brown,Monitor,4,2025-04-03,Calgary,300,1200
11858,168,Mary Johnson,Headphones,4,2024-08-10,Toronto,120,480
11859,610,Daniel Jones,Keyboard,3,2025-09-25,Toronto,45,135
11860,268,James Jones,Headphones,1,2024-03-18,Calgary,120,120
11861,1773,James Williams,Printer,1,2025-08-22,Montreal,180,180
11862,821,Sophia Taylor,Headphones,4,2025-09-16,Montreal,120,480
11863,455,Emma Davis,Keyboard,2,2025-09-03,Toronto,45,90
11864,906,Emma Jones,Smartwatch,4,2025-03-03,Vancouver,200,800
11865,1709,Linda Jones,Mouse,1,2025-02-28,Montreal,30,30
11866,1425,James Johnson,Smartphone,2,2025-01-21,Vancouver,600,1200
11867,922,David Taylor,Mouse,1,2024-08-26,Montreal,30,30
11868,981,Alex Wilson,Printer,3,2025-09-14,Calgary,180,540
11869,1500,Linda Taylor,Mouse,1,2024-03-30,Ottawa,30,30
11870,702,Alex Davis,Monitor,2,2025-01-19,Toronto,300,600
11871,634,Sarah Brown,External Hard Drive,2,2024-05-18,Calgary,95,190
11872,1582,Sophia Williams,Laptop,4,2025-10-08,Montreal,850,3400
11873,1600,John Miller,Keyboard,2,2025-06-07,Toronto,45,90
11874,130,Emma Smith,Laptop,3,2024-08-31,Ottawa,850,2550
11875,1020,David Davis,Keyboard,1,2025-05-19,Ottawa,45,45
11876,1846,Linda Johnson,Smartphone,4,2025-02-25,Montreal,600,2400
11877,1387,Sarah Johnson,Mouse,4,2024-06-30,Toronto,30,120
11878,1729,John Brown,Smartphone,2,2024-07-13,Montreal,600,1200
11879,819,Alex Davis,Headphones,3,2025-09-25,Ottawa,120,360
11880,693,John Wilson,Headphones,4,2024-02-22,Calgary,120,480
11881,1316,Linda Williams,Laptop,3,2025-11-15,Calgary,850,2550
11882,1395,Alex Brown,Bluetooth Speaker,3,2024-06-27,Vancouver,150,450
11883,794,Mary Johnson,Bluetooth Speaker,1,2024-10-19,Ottawa,150,150
11884,29,Emma Jones,External Hard Drive,1,2025-01-09,Ottawa,95,95
11885,149,Daniel Johnson,Bluetooth Speaker,1,2024-02-28,Montreal,150,150
11886,1803,Mary Miller,Printer,3,2024-02-23,Vancouver,180,540
11887,1320,Emma Johnson,Monitor,1,2024-09-01,Vancouver,300,300
11888,11,Sarah Miller,Monitor,4,2024-05-28,Toronto,300,1200
11889,1536,David Smith,Headphones,4,2025-01-02,Montreal,120,480
11890,676,Linda Smith,Bluetooth Speaker,2,2024-01-16,Calgary,150,300
11891,1137,Alex Taylor,External Hard Drive,3,2024-06-24,Toronto,95,285
11892,187,David Taylor,Keyboard,1,2025-06-23,Vancouver,45,45
11893,807,David Taylor,Headphones,4,2025-02-09,Calgary,120,480
11894,744,Linda Taylor,Smartphone,3,2025-04-11,Ottawa,600,1800
11895,1251,Sophia Jones,Bluetooth Speaker,3,2024-05-08,Montreal,150,450
11896,1334,John Jones,Headphones,1,2024-08-10,Vancouver,120,120
11897,98,Alex Williams,Bluetooth Speaker,3,2024-08-31,Ottawa,150,450
11898,55,Sophia Davis,Printer,1,2025-03-01,Vancouver,180,180
11899,623,David Johnson,External Hard Drive,1,2024-12-19,Calgary,95,95
11900,664,Linda Miller,Laptop,1,2024-11-21,Toronto,850,850
11901,758,Emma Taylor,Smartwatch,3,2025-08-26,Calgary,200,600
11902,406,Linda Wilson,External Hard Drive,3,2024-01-03,Montreal,95,285
11903,69,Sophia Garcia,Bluetooth Speaker,1,2025-04-23,Montreal,150,150
11904,1336,John Jones,Smartphone,3,2024-03-21,Vancouver,600,1800
11905,1313,James Miller,Smartphone,1,2024-02-13,Calgary,600,600
11906,1786,David Garcia,Laptop,2,2024-06-03,Toronto,850,1700
11907,1572,Alex Miller,Mouse,3,2025-06-19,Montreal,30,90
11908,751,David Garcia,Smartphone,3,2024-04-08,Toronto,600,1800
11909,1172,Sarah Garcia,Headphones,2,2025-01-31,Ottawa,120,240
11910,1491,Emma Johnson,Smartphone,2,2024-06-19,Vancouver,600,1200
11911,1763,Daniel Wilson,Smartwatch,2,2024-05-27,Toronto,200,400
11912,1268,Emma Taylor,Laptop,1,2024-05-02,Vancouver,850,850
11913,1515,Linda Williams,Headphones,1,2024-04-21,Ottawa,120,120
11914,1873,Sarah Miller,Bluetooth Speaker,4,2024-05-09,Toronto,150,600
11915,958,David Miller,External Hard Drive,2,2024-03-08,Toronto,95,190
11916,1531,James Davis,Laptop,4,2025-12-29,Ottawa,850,3400
11917,365,Daniel Garcia,Smartwatch,1,2025-08-30,Calgary,200,200
11918,482,Linda Miller,Monitor,3,2025-10-18,Toronto,300,900
11919,201,David Smith,Smartwatch,2,2025-06-28,Toronto,200,400
11920,154,Daniel Wilson,Keyboard,3,2024-10-12,Montreal,45,135
11921,1474,Daniel Garcia,Keyboard,1,2024-01-05,Calgary,45,45
11922,1525,Emma Brown,Monitor,2,2024-04-27,Toronto,300,600
11923,73,John Garcia,Printer,4,2025-10-13,Ottawa,180,720
11924,713,James Jones,Smartphone,4,2024-08-17,Vancouver,600,2400
11925,296,Emma Davis,External Hard Drive,1,2024-06-08,Ottawa,95,95
11926,1041,Emma Williams,Mouse,3,2024-10-20,Calgary,30,90
11927,1665,Daniel Taylor,Mouse,1,2024-07-04,Montreal,30,30
11928,1241,Mary Wilson,External Hard Drive,3,2025-07-05,Montreal,95,285
11929,61,Daniel Jones,Smartwatch,1,2024-08-11,Montreal,200,200
11930,939,John Davis,Monitor,4,2024-05-31,Ottawa,300,1200
11931,1640,Emma Taylor,Monitor,3,2024-05-19,Vancouver,300,900
11932,42,Sarah Wilson,Bluetooth Speaker,1,2025-01-01,Vancouver,150,150
11933,25,Linda Brown,Laptop,2,2024-05-07,Toronto,850,1700
11934,1063,Linda Taylor,Headphones,4,2024-12-16,Vancouver,120,480
11935,1827,Linda Jones,Keyboard,4,2024-05-26,Vancouver,45,180
11936,131,Mary Taylor,Mouse,2,2024-10-11,Toronto,30,60
11937,1522,Emma Johnson,Smartphone,1,2025-04-13,Ottawa,600,600
11938,1253,James Johnson,Headphones,3,2024-08-05,Ottawa,120,360
11939,108,Linda Jones,Smartwatch,4,2025-03-11,Calgary,200,800
11940,172,Sarah Davis,Bluetooth Speaker,1,2026-01-01,Ottawa,150,150
11941,1459,Sophia Williams,Headphones,2,2024-05-24,Montreal,120,240
11942,1502,John Smith,Bluetooth Speaker,3,2024-10-03,Montreal,150,450
11943,102,John Smith,Mouse,1,2024-02-29,Calgary,30,30
11944,866,David Williams,Mouse,1,2025-09-01,Vancouver,30,30
11945,524,Daniel Brown,Smartphone,4,2025-01-09,Calgary,600,2400
11946,275,James Garcia,Monitor,4,2025-02-07,Toronto,300,1200
11947,1637,Linda Taylor,Smartwatch,3,2025-11-23,Calgary,200,600
11948,1068,John Garcia,Printer,1,2024-04-23,Calgary,180,180
11949,1979,Emma Brown,External Hard Drive,2,2025-05-09,Montreal,95,190
11950,817,Sophia Williams,Smartphone,2,2025-09-06,Toronto,600,1200
11951,957,Sophia Smith,Mouse,3,2024-12-01,Toronto,30,90
11952,1041,Alex Miller,Laptop,1,2025-07-22,Calgary,850,850
11953,330,Daniel Johnson,Monitor,4,2024-10-11,Toronto,300,1200
11954,1593,John Taylor,External Hard Drive,1,2024-05-08,Toronto,95,95
11955,1847,Alex Williams,Laptop,4,2024-11-10,Ottawa,850,3400
11956,1521,David Brown,Smartphone,2,2025-08-20,Toronto,600,1200
11957,1839,Emma Johnson,Headphones,3,2025-12-12,Vancouver,120,360
11958,12,Mary Davis,Printer,3,2024-03-11,Toronto,180,540
11959,1342,Daniel Taylor,Bluetooth Speaker,3,2024-12-10,Montreal,150,450
11960,1616,Mary Davis,External Hard Drive,4,2024-04-07,Ottawa,95,380
11961,216,James Davis,External Hard Drive,2,2024-10-26,Montreal,95,190
11962,339,Alex Davis,Smartphone,2,2024-06-24,Montreal,600,1200
11963,1800,John Taylor,External Hard Drive,3,2024-03-15,Vancouver,95,285
11964,661,John Jones,Bluetooth Speaker,3,2024-05-22,Ottawa,150,450
11965,1105,Mary Wilson,Bluetooth Speaker,4,2024-01-23,Calgary,150,600
11966,1751,James Williams,Laptop,4,2024-06-29,Toronto,850,3400
11967,1509,Sarah Johnson,Headphones,1,2024-02-14,Vancouver,120,120
11968,374,David Williams,Bluetooth Speaker,4,2025-04-13,Vancouver,150,600
11969,976,John Garcia,Printer,1,2024-04-01,Calgary,180,180
11970,710,Alex Miller,External Hard Drive,3,2024-09-25,Vancouver,95,285
11971,1224,Sarah Wilson,Laptop,2,2024-02-03,Calgary,850,1700
11972,1561,James Wilson,Mouse,4,2025-11-08,Calgary,30,120
11973,466,Emma Brown,Laptop,2,2025-08-04,Calgary,850,1700
11974,1113,John Jones,Printer,4,2024-12-29,Vancouver,180,720
11975,1292,Alex Miller,Monitor,4,2025-12-08,Calgary,300,1200
11976,1679,Sophia Williams,Laptop,1,2024-05-12,Vancouver,850,850
11977,1595,David Jones,Mouse,4,2025-01-16,Ottawa,30,120
11978,1946,Sarah Williams,Bluetooth Speaker,3,2025-11-10,Calgary,150,450
11979,489,Sarah Williams,Keyboard,2,2024-10-03,Vancouver,45,90
11980,1901,Sarah Jones,Keyboard,4,2024-06-04,Vancouver,45,180
11981,1562,Mary Johnson,Keyboard,2,2025-01-21,Vancouver,45,90
11982,47,Daniel Johnson,Monitor,2,2025-06-18,Toronto,300,600
11983,1312,Linda Johnson,Mouse,2,2024-07-18,Toronto,30,60
11984,778,David Williams,Printer,4,2024-10-01,Calgary,180,720
11985,1040,James Davis,Smartphone,1,2025-05-15,Ottawa,600,600
11986,711,Linda Taylor,Keyboard,2,2025-04-03,Calgary,45,90
11987,401,David Smith,Smartphone,2,2024-02-19,Montreal,600,1200
11988,1943,Alex Wilson,Monitor,4,2025-11-28,Montreal,300,1200
11989,1818,John Jones,Smartphone,4,2025-06-15,Ottawa,600,2400
11990,981,Mary Williams,External Hard Drive,3,2025-09-19,Ottawa,95,285
11991,1110,John Brown,Monitor,3,2024-04-01,Ottawa,300,900
11992,250,Emma Davis,Smartphone,1,2025-03-31,Toronto,600,600
11993,391,Emma Brown,Laptop,1,2024-12-04,Toronto,850,850
11994,1806,Sarah Johnson,Keyboard,1,2024-02-22,Montreal,45,45
11995,335,Alex Wilson,Headphones,1,2025-05-10,Ottawa,120,120
11996,629,Alex Jones,Smartwatch,2,2025-09-26,Vancouver,200,400
11997,1543,Mary Williams,Monitor,4,2024-01-04,Montreal,300,1200
11998,137,James Davis,Bluetooth Speaker,3,2025-11-11,Ottawa,150,450
11999,883,Alex Jones,Smartwatch,2,2024-10-07,Vancouver,200,400
12000,688,John Taylor,Printer,4,2024-10-16,Ottawa,180,720
12001,1864,Emma Taylor,Monitor,4,2024-03-13,Calgary,300,1200
12002,1522,John Jones,Monitor,2,2024-05-16,Vancouver,300,600
12003,827,Emma Wilson,Smartphone,2,2025-10-14,Calgary,600,1200
12004,727,John Smith,Monitor,3,2025-01-27,Toronto,300,900
12005,1501,Sarah Williams,Keyboard,1,2024-07-26,Montreal,45,45
12006,594,Mary Wilson,Mouse,1,2024-09-16,Ottawa,30,30
12007,1247,Daniel Johnson,Mouse,3,2024-09-19,Montreal,30,90
12008,990,Daniel Miller,Printer,3,2025-05-19,Ottawa,180,540
12009,372,Sophia Taylor,External Hard Drive,1,2025-07-03,Calgary,95,95
12010,935,Sarah Johnson,Headphones,2,2024-07-21,Vancouver,120,240
12011,995,Mary Wilson,External Hard Drive,1,2024-12-12,Vancouver,95,95
12012,402,John Davis,Keyboard,4,2024-02-21,Ottawa,45,180
12013,1467,Alex Brown,Keyboard,4,2025-08-15,Calgary,45,180
12014,1514,Mary Taylor,Laptop,3,2024-12-21,Ottawa,850,2550
12015,615,Linda Taylor,Mouse,1,2025-12-23,Ottawa,30,30
12016,1297,Mary Taylor,Smartwatch,1,2025-06-02,Ottawa,200,200
12017,1550,Sarah Taylor,Bluetooth Speaker,4,2024-12-28,Vancouver,150,600
12018,1183,Daniel Wilson,Monitor,1,2024-02-14,Ottawa,300,300
12019,1176,Linda Williams,Headphones,3,2025-01-12,Vancouver,120,360
12020,995,James Smith,Bluetooth Speaker,3,2025-02-15,Toronto,150,450
12021,620,Sarah Jones,External Hard Drive,4,2024-05-21,Calgary,95,380
12022,188,Sophia Johnson,Bluetooth Speaker,1,2024-09-14,Toronto,150,150
12023,1837,David Miller,Laptop,1,2024-02-06,Ottawa,850,850
12024,1122,David Wilson,Headphones,4,2024-02-14,Vancouver,120,480
12025,131,Emma Smith,Headphones,2,2025-09-23,Calgary,120,240
12026,805,Alex Johnson,Laptop,2,2024-02-15,Montreal,850,1700
12027,1195,Alex Taylor,Keyboard,1,2025-10-13,Calgary,45,45
12028,936,Daniel Wilson,Laptop,3,2025-07-18,Calgary,850,2550
12029,986,Emma Johnson,Keyboard,2,2024-10-27,Ottawa,45,90
12030,183,Alex Williams,Smartwatch,1,2024-10-14,Toronto,200,200
12031,983,Daniel Brown,Printer,2,2024-09-25,Toronto,180,360
12032,364,James Brown,Keyboard,4,2024-03-02,Montreal,45,180
12033,39,James Davis,Bluetooth Speaker,2,2025-07-19,Ottawa,150,300
12034,1551,Daniel Johnson,Keyboard,2,2025-08-03,Calgary,45,90
12035,1912,Linda Wilson,Printer,4,2024-08-29,Toronto,180,720
12036,497,Mary Johnson,External Hard Drive,3,2024-12-19,Toronto,95,285
12037,1540,David Taylor,Monitor,1,2024-03-11,Vancouver,300,300
12038,1373,Emma Taylor,Laptop,3,2025-02-16,Calgary,850,2550
12039,982,Sophia Wilson,Monitor,3,2025-09-03,Ottawa,300,900
12040,921,Mary Jones,Laptop,2,2024-03-01,Toronto,850,1700
12041,1421,James Miller,Smartwatch,1,2025-09-06,Ottawa,200,200
12042,722,Linda Davis,Mouse,2,2025-03-27,Calgary,30,60
12043,1185,Alex Brown,Bluetooth Speaker,4,2025-01-27,Calgary,150,600
12044,16,Emma Wilson,Bluetooth Speaker,3,2025-09-22,Toronto,150,450
12045,493,Sophia Jones,External Hard Drive,3,2025-06-12,Montreal,95,285
12046,1450,Linda Taylor,Mouse,4,2024-10-31,Ottawa,30,120
12047,1132,John Taylor,Mouse,1,2024-07-09,Ottawa,30,30
12048,894,John Williams,Laptop,3,2025-12-24,Vancouver,850,2550
12049,1474,Mary Davis,Bluetooth Speaker,3,2024-03-18,Calgary,150,450
12050,311,Mary Taylor,Bluetooth Speaker,1,2025-07-11,Calgary,150,150
12051,739,Mary Jones,Mouse,2,2025-08-27,Toronto,30,60
12052,1194,Sarah Garcia,Laptop,4,2025-06-08,Toronto,850,3400
12053,546,Sarah Miller,Keyboard,1,2024-10-27,Toronto,45,45
12054,414,David Johnson,Keyboard,4,2024-01-17,Vancouver,45,180
12055,251,Sophia Johnson,Printer,4,2025-07-27,Montreal,180,720
12056,759,Daniel Wilson,Smartphone,3,2025-03-09,Toronto,600,1800
12057,1805,Alex Williams,Headphones,1,2024-02-12,Toronto,120,120
12058,1165,Sophia Wilson,Smartwatch,4,2024-03-08,Toronto,200,800
12059,1298,Alex Jones,Laptop,2,2025-01-14,Vancouver,850,1700
12060,1440,Sophia Brown,Keyboard,4,2024-07-30,Ottawa,45,180
12061,1632,James Garcia,External Hard Drive,3,2024-07-21,Montreal,95,285
12062,1763,Emma Brown,Headphones,2,2025-12-26,Ottawa,120,240
12063,1915,Mary Taylor,Headphones,2,2024-04-18,Calgary,120,240
12064,1063,James Wilson,Headphones,1,2024-10-10,Calgary,120,120
12065,814,John Brown,Mouse,2,2025-08-28,Toronto,30,60
12066,29,David Brown,Printer,1,2024-08-12,Ottawa,180,180
12067,958,John Davis,External Hard Drive,1,2024-04-27,Vancouver,95,95
12068,477,James Taylor,Smartphone,2,2025-08-25,Montreal,600,1200
12069,318,Sophia Jones,External Hard Drive,1,2024-12-05,Ottawa,95,95
12070,245,Emma Jones,External Hard Drive,1,2024-10-07,Ottawa,95,95
12071,748,David Smith,Laptop,2,2025-05-05,Montreal,850,1700
12072,697,Emma Jones,Printer,3,2024-01-19,Ottawa,180,540
12073,272,Linda Smith,Monitor,4,2024-06-23,Ottawa,300,1200
12074,1464,James Smith,Printer,1,2025-04-13,Montreal,180,180
12075,1772,Mary Johnson,Monitor,1,2025-09-09,Vancouver,300,300
12076,1263,David Taylor,Smartphone,2,2024-05-21,Montreal,600,1200
12077,377,James Smith,Laptop,4,2025-04-07,Toronto,850,3400
12078,266,Emma Smith,Mouse,4,2024-10-24,Toronto,30,120
12079,926,John Miller,Headphones,1,2025-04-14,Toronto,120,120
12080,921,Mary Smith,Laptop,2,2025-12-05,Toronto,850,1700
12081,1383,Linda Johnson,Mouse,3,2025-01-07,Calgary,30,90
12082,340,Linda Taylor,Laptop,4,2025-04-12,Vancouver,850,3400
12083,389,Sophia Johnson,Mouse,3,2025-03-13,Calgary,30,90
12084,577,Daniel Garcia,Laptop,2,2025-12-20,Ottawa,850,1700
12085,1713,Emma Smith,Printer,3,2025-03-18,Ottawa,180,540
12086,3,James Taylor,Printer,2,2025-03-31,Montreal,180,360
12087,1453,Linda Miller,Printer,1,2024-09-04,Toronto,180,180
12088,1166,Linda Miller,Headphones,3,2024-05-21,Montreal,120,360
12089,376,Emma Davis,Smartwatch,1,2025-02-05,Ottawa,200,200
12090,1694,Alex Miller,Bluetooth Speaker,1,2024-08-09,Toronto,150,150
12091,324,Alex Davis,Monitor,2,2024-07-02,Vancouver,300,600
12092,146,James Garcia,Printer,3,2024-12-29,Ottawa,180,540
12093,1982,Mary Wilson,Smartwatch,4,2024-07-06,Montreal,200,800
12094,293,David Wilson,Monitor,3,2024-04-22,Montreal,300,900
12095,1689,Emma Jones,Laptop,4,2024-06-29,Ottawa,850,3400
12096,432,James Wilson,Smartphone,1,2024-07-17,Calgary,600,600
12097,705,Sarah Johnson,Mouse,1,2024-03-10,Vancouver,30,30
12098,949,Daniel Johnson,Smartwatch,2,2025-08-20,Ottawa,200,400
12099,1999,Alex Taylor,External Hard Drive,4,2025-04-29,Ottawa,95,380
12100,585,Mary Brown,Keyboard,3,2025-02-02,Montreal,45,135
12101,399,Linda Brown,Smartwatch,2,2025-07-04,Toronto,200,400
12102,817,Emma Garcia,Printer,2,2025-10-04,Toronto,180,360
12103,1913,Linda Davis,Printer,2,2024-01-10,Toronto,180,360
12104,1368,John Brown,Smartwatch,3,2024-01-03,Montreal,200,600
12105,964,Alex Johnson,Mouse,2,2025-04-22,Toronto,30,60
12106,1164,James Wilson,Monitor,3,2025-10-23,Ottawa,300,900
12107,187,Sarah Jones,Laptop,2,2024-03-07,Calgary,850,1700
12108,1829,Alex Wilson,Keyboard,4,2025-12-05,Calgary,45,180
12109,61,Sarah Jones,Laptop,1,2024-04-06,Calgary,850,850
12110,939,John Johnson,Headphones,4,2025-06-14,Toronto,120,480
12111,1404,Daniel Johnson,Mouse,4,2024-11-13,Calgary,30,120
12112,710,David Garcia,Printer,2,2024-04-07,Toronto,180,360
12113,807,Alex Miller,Headphones,4,2024-02-26,Ottawa,120,480
12114,1464,Sarah Davis,Laptop,4,2024-04-16,Ottawa,850,3400
12115,1343,Emma Brown,Laptop,4,2024-03-28,Montreal,850,3400
12116,1326,Linda Taylor,Keyboard,2,2025-10-14,Montreal,45,90
12117,1368,Daniel Taylor,Bluetooth Speaker,3,2025-10-17,Vancouver,150,450
12118,11,John Brown,Laptop,1,2025-01-05,Ottawa,850,850
12119,1086,Mary Garcia,Monitor,1,2025-01-09,Toronto,300,300
12120,1869,James Johnson,Monitor,3,2024-02-21,Vancouver,300,900
12121,226,Linda Brown,Smartwatch,3,2025-12-24,Ottawa,200,600
12122,1177,Sophia Taylor,Keyboard,4,2024-02-10,Toronto,45,180
12123,1735,Alex Taylor,Keyboard,1,2024-03-31,Ottawa,45,45
12124,564,Daniel Smith,Printer,3,2024-02-08,Ottawa,180,540
12125,772,David Brown,Laptop,4,2024-01-13,Toronto,850,3400
12126,1595,Linda Taylor,Bluetooth Speaker,1,2025-08-30,Ottawa,150,150
12127,1608,Mary Wilson,External Hard Drive,2,2025-09-12,Ottawa,95,190
12128,1684,Linda Davis,Headphones,2,2024-04-13,Ottawa,120,240
12129,1885,David Wilson,Keyboard,1,2024-02-12,Montreal,45,45
12130,1599,John Jones,Smartwatch,1,2024-07-27,Calgary,200,200
12131,1334,Emma Miller,Smartwatch,2,2025-08-22,Ottawa,200,400
12132,885,James Williams,Laptop,2,2025-08-27,Toronto,850,1700
12133,1267,John Garcia,Laptop,1,2025-11-16,Ottawa,850,850
12134,1517,Emma Williams,External Hard Drive,4,2025-04-20,Montreal,95,380
12135,1390,Alex Davis,Smartphone,3,2025-09-29,Montreal,600,1800
12136,1354,Mary Garcia,Smartphone,3,2024-04-18,Ottawa,600,1800
12137,1131,Linda Davis,Laptop,1,2025-07-12,Vancouver,850,850
12138,226,David Wilson,Mouse,3,2024-08-01,Calgary,30,90
12139,825,David Jones,Monitor,2,2025-08-26,Toronto,300,600
12140,218,Alex Smith,Monitor,2,2025-11-23,Toronto,300,600
12141,937,Mary Garcia,External Hard Drive,3,2025-02-12,Toronto,95,285
12142,753,John Davis,External Hard Drive,1,2025-07-06,Toronto,95,95
12143,506,David Brown,Printer,2,2025-09-24,Montreal,180,360
12144,259,James Wilson,Bluetooth Speaker,4,2024-03-17,Calgary,150,600
12145,1912,Mary Garcia,Smartwatch,4,2024-04-04,Ottawa,200,800
12146,1798,Daniel Brown,Monitor,2,2024-09-25,Ottawa,300,600
12147,1541,Mary Davis,Mouse,2,2024-12-26,Vancouver,30,60
12148,1797,David Jones,Laptop,3,2025-06-13,Ottawa,850,2550
12149,54,Emma Jones,Keyboard,1,2025-11-13,Calgary,45,45
12150,1071,Sarah Jones,Mouse,3,2024-06-10,Ottawa,30,90
12151,727,Sarah Miller,Printer,1,2025-04-09,Montreal,180,180
12152,689,Sarah Johnson,Mouse,4,2025-07-17,Ottawa,30,120
12153,1545,Daniel Johnson,Keyboard,4,2025-07-01,Toronto,45,180
12154,1123,Daniel Taylor,Headphones,1,2024-07-05,Toronto,120,120
12155,1044,Linda Wilson,Smartphone,3,2024-02-21,Toronto,600,1800
12156,1914,Daniel Brown,Headphones,2,2025-05-02,Toronto,120,240
12157,1777,John Smith,Smartwatch,1,2025-06-14,Montreal,200,200
12158,1597,Alex Jones,Smartwatch,3,2025-01-30,Montreal,200,600
12159,1915,Alex Wilson,Monitor,4,2024-04-01,Montreal,300,1200
12160,1514,Daniel Brown,Keyboard,2,2025-10-12,Ottawa,45,90
12161,419,Alex Jones,Smartwatch,4,2024-12-22,Toronto,200,800
12162,690,Mary Miller,External Hard Drive,1,2026-01-01,Vancouver,95,95
12163,850,James Wilson,Monitor,4,2025-09-02,Vancouver,300,1200
12164,62,Linda Brown,Printer,4,2025-12-19,Toronto,180,720
12165,1169,David Williams,Monitor,1,2024-05-23,Calgary,300,300
12166,216,David Garcia,Headphones,2,2024-07-17,Ottawa,120,240
12167,3,Sophia Miller,Laptop,1,2024-11-18,Vancouver,850,850
12168,160,John Garcia,External Hard Drive,3,2024-11-27,Montreal,95,285
12169,1763,Sophia Johnson,External Hard Drive,1,2024-09-20,Calgary,95,95
12170,781,Sarah Johnson,Bluetooth Speaker,1,2024-08-04,Montreal,150,150
12171,1144,Sarah Taylor,External Hard Drive,2,2025-12-01,Calgary,95,190
12172,893,James Wilson,External Hard Drive,3,2025-07-09,Calgary,95,285
12173,1113,Sophia Wilson,Headphones,4,2025-03-09,Ottawa,120,480
12174,329,Sophia Johnson,Mouse,4,2025-04-04,Montreal,30,120
12175,580,James Johnson,External Hard Drive,4,2025-12-01,Montreal,95,380
12176,1934,Mary Williams,Laptop,4,2025-05-17,Vancouver,850,3400
12177,1381,John Jones,Smartphone,2,2025-04-13,Toronto,600,1200
12178,1634,Linda Wilson,Headphones,3,2025-12-06,Toronto,120,360
12179,1291,Emma Garcia,Headphones,2,2024-12-31,Vancouver,120,240
12180,1641,Mary Smith,Mouse,1,2024-08-26,Calgary,30,30
12181,952,Mary Davis,Bluetooth Speaker,3,2025-09-15,Vancouver,150,450
12182,1347,Sarah Taylor,Mouse,3,2025-08-03,Vancouver,30,90
12183,635,David Davis,Monitor,4,2025-07-14,Montreal,300,1200
12184,988,Alex Taylor,Smartphone,4,2025-10-24,Vancouver,600,2400
12185,1565,Mary Davis,Smartwatch,4,2025-01-30,Calgary,200,800
12186,1673,David Smith,Printer,4,2025-01-29,Toronto,180,720
12187,1219,John Wilson,Smartwatch,1,2025-09-18,Ottawa,200,200
12188,921,David Smith,Bluetooth Speaker,4,2024-03-15,Vancouver,150,600
12189,738,James Wilson,Bluetooth Speaker,2,2024-04-07,Vancouver,150,300
12190,1356,John Taylor,External Hard Drive,3,2025-01-17,Montreal,95,285
12191,170,Sarah Brown,Mouse,1,2025-09-14,Montreal,30,30
12192,521,David Davis,Monitor,1,2025-01-04,Vancouver,300,300
12193,1487,Sophia Johnson,External Hard Drive,3,2024-10-11,Vancouver,95,285
12194,40,James Smith,Keyboard,3,2024-09-12,Calgary,45,135
12195,1561,James Garcia,Monitor,3,2024-11-04,Toronto,300,900
12196,1285,Mary Wilson,Bluetooth Speaker,1,2025-09-20,Toronto,150,150
12197,1419,John Miller,Bluetooth Speaker,2,2024-06-24,Ottawa,150,300
12198,955,John Brown,Headphones,2,2024-08-15,Toronto,120,240
12199,1250,Linda Brown,Keyboard,3,2024-12-12,Ottawa,45,135
12200,984,Sophia Jones,External Hard Drive,1,2025-09-09,Montreal,95,95
12201,1148,Mary Williams,Bluetooth Speaker,4,2024-12-07,Ottawa,150,600
12202,975,Daniel Williams,Keyboard,1,2024-08-26,Ottawa,45,45
12203,38,Emma Taylor,Smartphone,3,2025-09-03,Toronto,600,1800
12204,328,Sophia Jones,Printer,1,2025-11-18,Vancouver,180,180
12205,1275,Emma Smith,Mouse,1,2024-12-15,Montreal,30,30
12206,1925,James Brown,Bluetooth Speaker,1,2025-03-30,Calgary,150,150
12207,1200,Emma Garcia,Smartphone,4,2025-03-16,Ottawa,600,2400
12208,1626,Alex Smith,Monitor,3,2025-08-10,Ottawa,300,900
12209,914,David Johnson,Mouse,3,2025-05-29,Ottawa,30,90
12210,454,Sarah Smith,Keyboard,3,2024-03-21,Vancouver,45,135
12211,37,Daniel Miller,Mouse,2,2024-12-26,Calgary,30,60
12212,1340,Sophia Williams,Smartwatch,2,2024-10-14,Toronto,200,400
12213,1712,Daniel Johnson,Headphones,3,2024-01-08,Montreal,120,360
12214,973,Daniel Jones,Keyboard,1,2024-03-27,Vancouver,45,45
12215,796,Linda Brown,Smartphone,1,2024-10-12,Calgary,600,600
12216,1989,Sarah Miller,Bluetooth Speaker,3,2025-02-02,Montreal,150,450
12217,973,James Smith,Keyboard,4,2024-03-14,Toronto,45,180
12218,593,James Smith,Laptop,4,2025-03-14,Montreal,850,3400
12219,1138,David Miller,Smartwatch,1,2024-05-02,Ottawa,200,200
12220,1064,Mary Taylor,Smartphone,1,2025-01-11,Ottawa,600,600
12221,1325,Daniel Taylor,Monitor,2,2024-05-22,Vancouver,300,600
12222,224,Linda Davis,Laptop,4,2024-06-06,Montreal,850,3400
12223,318,Emma Garcia,Keyboard,1,2025-03-05,Ottawa,45,45
12224,349,Emma Smith,Headphones,1,2025-03-23,Vancouver,120,120
12225,115,Sophia Williams,Laptop,3,2025-02-13,Vancouver,850,2550
12226,698,Emma Garcia,Mouse,2,2025-01-05,Vancouver,30,60
12227,1347,Linda Wilson,Keyboard,4,2024-04-18,Toronto,45,180
12228,1592,Sarah Johnson,Smartphone,4,2025-12-07,Ottawa,600,2400
12229,1064,Mary Jones,Keyboard,2,2024-02-05,Ottawa,45,90
12230,1890,Emma Wilson,Headphones,1,2024-03-30,Calgary,120,120
12231,40,Alex Garcia,Printer,4,2025-02-18,Toronto,180,720
12232,1883,Sarah Miller,Mouse,4,2024-10-22,Ottawa,30,120
12233,1997,Emma Miller,Bluetooth Speaker,4,2025-12-13,Ottawa,150,600
12234,1773,Alex Jones,Keyboard,3,2024-02-15,Calgary,45,135
12235,1313,Alex Smith,Headphones,2,2025-05-02,Montreal,120,240
12236,1286,James Williams,Laptop,4,2025-09-10,Montreal,850,3400
12237,216,James Brown,Laptop,2,2024-06-18,Toronto,850,1700
12238,1171,David Jones,Smartphone,1,2024-05-25,Vancouver,600,600
12239,336,Mary Taylor,Mouse,2,2025-02-23,Calgary,30,60
12240,1192,Mary Williams,Laptop,3,2025-11-20,Calgary,850,2550
12241,92,Sarah Williams,Bluetooth Speaker,3,2025-07-26,Ottawa,150,450
12242,353,Linda Johnson,Printer,2,2024-01-03,Ottawa,180,360
12243,571,Linda Davis,Printer,3,2025-08-16,Calgary,180,540
12244,1595,Emma Brown,Smartphone,4,2024-09-19,Vancouver,600,2400
12245,816,Sophia Johnson,Keyboard,3,2024-11-16,Montreal,45,135
12246,1705,Sophia Jones,Laptop,1,2025-08-29,Toronto,850,850
12247,781,Mary Davis,Headphones,2,2025-07-29,Montreal,120,240
12248,363,Mary Miller,Monitor,2,2024-09-02,Toronto,300,600
12249,557,Emma Brown,Printer,1,2025-08-11,Vancouver,180,180
12250,1369,Daniel Brown,External Hard Drive,1,2025-04-21,Calgary,95,95
12251,1717,Alex Jones,Smartphone,1,2024-09-15,Vancouver,600,600
12252,1194,James Garcia,Keyboard,1,2024-04-02,Calgary,45,45
12253,356,James Wilson,Smartwatch,4,2025-06-16,Ottawa,200,800
12254,191,David Taylor,Smartphone,3,2025-07-27,Toronto,600,1800
12255,1691,Alex Miller,Headphones,3,2024-12-04,Ottawa,120,360
12256,422,David Williams,Monitor,4,2024-09-16,Calgary,300,1200
12257,700,Mary Davis,External Hard Drive,1,2024-08-24,Toronto,95,95
12258,7,David Williams,Printer,2,2024-05-20,Toronto,180,360
12259,133,Sophia Wilson,Mouse,2,2025-11-09,Ottawa,30,60
12260,1771,Daniel Brown,External Hard Drive,2,2025-04-24,Toronto,95,190
12261,557,Alex Jones,Printer,1,2025-08-01,Calgary,180,180
12262,826,David Taylor,Smartwatch,4,2024-12-15,Calgary,200,800
12263,761,Mary Smith,Smartwatch,4,2025-07-23,Ottawa,200,800
12264,1055,Sophia Brown,Printer,4,2025-12-24,Vancouver,180,720
12265,535,John Smith,Mouse,3,2024-05-09,Calgary,30,90
12266,426,Mary Miller,Smartphone,3,2025-06-20,Calgary,600,1800
12267,1418,Linda Brown,Mouse,3,2024-01-11,Toronto,30,90
12268,672,Sarah Johnson,Laptop,3,2024-09-13,Toronto,850,2550
12269,363,Mary Davis,Printer,2,2025-01-03,Calgary,180,360
12270,1461,John Davis,Printer,2,2025-01-28,Ottawa,180,360
12271,1694,John Miller,Mouse,4,2025-08-15,Vancouver,30,120
12272,1575,Alex Garcia,Bluetooth Speaker,3,2025-02-22,Toronto,150,450
12273,1951,Linda Johnson,Bluetooth Speaker,4,2024-01-19,Toronto,150,600
12274,82,Sophia Jones,Headphones,1,2024-04-19,Vancouver,120,120
12275,356,Sophia Garcia,Bluetooth Speaker,3,2025-03-12,Toronto,150,450
12276,1282,Linda Johnson,Smartwatch,3,2025-05-19,Ottawa,200,600
12277,1742,Sophia Miller,Laptop,4,2024-02-03,Toronto,850,3400
12278,589,Linda Garcia,Printer,4,2024-10-14,Toronto,180,720
12279,1548,John Johnson,External Hard Drive,1,2024-09-11,Calgary,95,95
12280,295,Daniel Garcia,Smartwatch,4,2025-09-29,Ottawa,200,800
12281,1986,James Davis,Headphones,3,2025-12-21,Ottawa,120,360
12282,1248,David Johnson,Monitor,2,2024-05-13,Calgary,300,600
12283,1549,Linda Taylor,Laptop,1,2025-05-13,Montreal,850,850
12284,1070,Alex Williams,Bluetooth Speaker,1,2025-01-31,Vancouver,150,150
12285,1691,Emma Johnson,Keyboard,3,2025-05-01,Ottawa,45,135
12286,1137,Mary Garcia,Smartphone,2,2025-08-20,Montreal,600,1200
12287,1257,Sophia Taylor,External Hard Drive,4,2025-08-09,Vancouver,95,380
12288,17,Linda Jones,Printer,4,2025-10-08,Ottawa,180,720
12289,360,Sophia Williams,Monitor,2,2025-11-15,Toronto,300,600
12290,1247,Sarah Jones,Smartphone,2,2024-07-31,Ottawa,600,1200
12291,866,John Smith,Mouse,3,2024-12-15,Vancouver,30,90
12292,700,Mary Garcia,Mouse,4,2024-01-19,Montreal,30,120
12293,448,James Taylor,Laptop,3,2024-04-28,Toronto,850,2550
12294,856,Daniel Jones,Laptop,4,2024-10-28,Vancouver,850,3400
12295,365,Mary Davis,Laptop,4,2024-10-11,Vancouver,850,3400
12296,675,Sophia Davis,Smartwatch,2,2024-08-14,Ottawa,200,400
12297,1008,James Jones,Smartwatch,3,2025-05-21,Calgary,200,600
12298,1350,Mary Miller,Mouse,2,2025-05-15,Calgary,30,60
12299,467,Sarah Taylor,Laptop,3,2024-07-30,Toronto,850,2550
12300,414,Mary Wilson,External Hard Drive,4,2024-12-21,Vancouver,95,380
12301,1479,James Miller,Headphones,1,2025-12-01,Montreal,120,120
12302,586,David Brown,Laptop,1,2025-05-01,Toronto,850,850
12303,1257,Emma Taylor,Printer,3,2024-11-16,Toronto,180,540
12304,1248,Sarah Brown,External Hard Drive,3,2025-10-24,Ottawa,95,285
12305,994,Sophia Brown,Printer,2,2024-08-10,Montreal,180,360
12306,1855,James Davis,Keyboard,4,2025-10-01,Vancouver,45,180
12307,1436,James Davis,Mouse,1,2025-07-16,Vancouver,30,30
12308,572,Mary Taylor,Laptop,2,2024-07-09,Vancouver,850,1700
12309,335,Alex Taylor,Bluetooth Speaker,3,2025-05-14,Toronto,150,450
12310,1246,Daniel Brown,Smartphone,4,2025-05-09,Ottawa,600,2400
12311,37,Mary Wilson,Laptop,2,2024-08-24,Toronto,850,1700
12312,989,Emma Wilson,Headphones,2,2024-01-22,Calgary,120,240
12313,278,Sarah Wilson,Keyboard,3,2025-09-13,Calgary,45,135
12314,1220,Alex Davis,Laptop,4,2024-11-22,Vancouver,850,3400
12315,916,James Garcia,Smartphone,1,2025-06-28,Ottawa,600,600
12316,1888,Emma Williams,Smartphone,2,2024-05-06,Vancouver,600,1200
12317,484,Alex Brown,Smartwatch,3,2024-12-30,Vancouver,200,600
12318,1266,David Smith,Headphones,2,2024-02-13,Toronto,120,240
12319,1348,Emma Brown,Headphones,3,2025-06-02,Vancouver,120,360
12320,731,Linda Brown,External Hard Drive,3,2024-05-07,Vancouver,95,285
12321,192,David Wilson,Bluetooth Speaker,3,2025-08-25,Ottawa,150,450
12322,1041,Mary Johnson,Headphones,4,2024-05-09,Ottawa,120,480
12323,524,Linda Miller,Keyboard,1,2025-06-12,Ottawa,45,45
12324,918,Sophia Johnson,Bluetooth Speaker,4,2024-11-16,Vancouver,150,600
12325,401,Daniel Johnson,Smartwatch,1,2024-07-04,Ottawa,200,200
12326,1930,John Taylor,Headphones,3,2025-09-13,Ottawa,120,360
12327,886,Mary Davis,Smartwatch,1,2024-12-13,Montreal,200,200
12328,705,Sophia Jones,Smartphone,4,2025-04-25,Montreal,600,2400
12329,22,Linda Smith,Laptop,2,2025-11-05,Calgary,850,1700
12330,474,Linda Garcia,Headphones,4,2025-08-09,Toronto,120,480
12331,1144,Alex Smith,Smartphone,4,2025-12-11,Toronto,600,2400
12332,210,Sarah Smith,Laptop,4,2024-12-26,Ottawa,850,3400
12333,306,Sophia Jones,Laptop,4,2024-10-13,Calgary,850,3400
12334,1294,John Garcia,Smartphone,4,2024-06-30,Calgary,600,2400
12335,704,Daniel Taylor,Printer,1,2025-03-26,Montreal,180,180
12336,687,Mary Wilson,Bluetooth Speaker,1,2024-04-06,Calgary,150,150
12337,285,Sophia Davis,Printer,2,2025-07-16,Vancouver,180,360
12338,716,Alex Johnson,Mouse,4,2024-11-09,Ottawa,30,120
12339,1700,James Jones,Monitor,4,2025-06-29,Vancouver,300,1200
12340,763,Linda Williams,Laptop,2,2024-01-21,Toronto,850,1700
12341,1251,Mary Wilson,External Hard Drive,2,2025-11-26,Montreal,95,190
12342,948,Alex Davis,Bluetooth Speaker,3,2025-07-29,Vancouver,150,450
12343,381,Sophia Johnson,Laptop,2,2025-05-11,Ottawa,850,1700
12344,460,Linda Garcia,Keyboard,2,2025-02-06,Vancouver,45,90
12345,1031,James Brown,External Hard Drive,2,2024-05-03,Vancouver,95,190
12346,29,John Miller,Mouse,3,2025-09-04,Calgary,30,90
12347,907,Sophia Miller,Mouse,1,2024-04-28,Montreal,30,30
12348,1057,David Garcia,Keyboard,3,2025-08-12,Toronto,45,135
12349,1670,Mary Smith,Smartphone,1,2025-11-23,Ottawa,600,600
12350,879,John Williams,Bluetooth Speaker,2,2025-12-11,Ottawa,150,300
12351,79,Linda Wilson,Smartwatch,3,2025-04-21,Toronto,200,600
12352,1952,John Smith,Bluetooth Speaker,3,2025-12-02,Ottawa,150,450
12353,947,David Taylor,External Hard Drive,1,2024-04-12,Calgary,95,95
12354,459,David Jones,Printer,3,2024-11-28,Vancouver,180,540
12355,570,Emma Miller,Smartwatch,3,2025-04-03,Calgary,200,600
12356,1562,Sophia Brown,Mouse,4,2024-05-09,Calgary,30,120
12357,1506,Daniel Smith,Mouse,1,2024-05-13,Calgary,30,30
12358,1454,Sarah Wilson,Smartphone,3,2024-06-05,Toronto,600,1800
12359,738,Sophia Taylor,Monitor,3,2025-02-28,Montreal,300,900
12360,1309,Daniel Smith,Bluetooth Speaker,2,2025-03-10,Toronto,150,300
12361,516,Daniel Brown,Smartphone,4,2025-01-23,Toronto,600,2400
12362,1123,Emma Wilson,External Hard Drive,4,2024-11-13,Calgary,95,380
12363,397,John Smith,Smartwatch,2,2025-10-31,Montreal,200,400
12364,1513,Daniel Miller,Keyboard,2,2025-05-19,Toronto,45,90
12365,39,Sarah Davis,Laptop,2,2024-07-08,Montreal,850,1700
12366,1295,David Taylor,Printer,2,2025-09-03,Calgary,180,360
12367,887,James Garcia,External Hard Drive,4,2025-02-14,Toronto,95,380
12368,797,Sophia Smith,Laptop,3,2024-02-21,Montreal,850,2550
12369,157,Sophia Miller,Bluetooth Speaker,3,2025-07-14,Ottawa,150,450
12370,1099,Sarah Garcia,Keyboard,2,2025-03-21,Toronto,45,90
12371,884,Alex Williams,Mouse,1,2025-09-03,Toronto,30,30
12372,1824,Linda Davis,Smartphone,2,2025-03-19,Toronto,600,1200
12373,1154,Sarah Williams,Smartwatch,3,2025-01-16,Montreal,200,600
12374,1711,James Miller,Smartphone,1,2025-01-08,Vancouver,600,600
12375,974,Sophia Smith,Smartwatch,2,2025-07-19,Toronto,200,400
12376,1108,Emma Davis,Monitor,1,2025-01-09,Ottawa,300,300
12377,1046,James Davis,Monitor,2,2025-01-23,Ottawa,300,600
12378,1483,James Taylor,Smartphone,4,2025-10-10,Calgary,600,2400
12379,1563,Emma Garcia,Smartwatch,3,2025-11-04,Vancouver,200,600
12380,1731,Daniel Wilson,Smartwatch,2,2025-04-23,Vancouver,200,400
12381,849,Mary Davis,Laptop,1,2025-02-07,Montreal,850,850
12382,1406,James Williams,Smartphone,3,2025-08-15,Calgary,600,1800
12383,748,Daniel Garcia,Headphones,2,2025-04-12,Montreal,120,240
12384,1464,John Johnson,Bluetooth Speaker,2,2026-01-01,Calgary,150,300
12385,1628,Mary Garcia,Mouse,2,2025-08-19,Vancouver,30,60
12386,989,John Williams,Monitor,2,2025-05-19,Montreal,300,600
12387,21,Emma Jones,Headphones,4,2024-03-23,Calgary,120,480
12388,303,Daniel Davis,Monitor,3,2024-11-14,Vancouver,300,900
12389,869,Sophia Wilson,Keyboard,4,2024-03-07,Vancouver,45,180
12390,1979,James Jones,Monitor,3,2025-02-17,Toronto,300,900
12391,84,David Taylor,External Hard Drive,2,2025-03-28,Montreal,95,190
12392,1798,Linda Jones,Monitor,3,2024-07-16,Toronto,300,900
12393,1683,Daniel Brown,Laptop,1,2024-09-15,Vancouver,850,850
12394,1977,Alex Davis,Headphones,3,2025-11-19,Montreal,120,360
12395,1477,James Miller,Keyboard,1,2024-10-24,Montreal,45,45
12396,1411,Alex Davis,Smartwatch,1,2024-10-06,Ottawa,200,200
12397,1531,David Davis,Smartwatch,4,2024-10-26,Calgary,200,800
12398,1281,Mary Miller,Keyboard,3,2024-05-08,Ottawa,45,135
12399,570,Sophia Smith,Printer,2,2025-05-12,Ottawa,180,360
12400,1916,Sarah Smith,Smartphone,3,2025-03-13,Vancouver,600,1800
12401,934,John Taylor,Printer,4,2025-11-22,Calgary,180,720
12402,1551,Sophia Davis,Headphones,1,2024-10-18,Ottawa,120,120
12403,1186,Emma Smith,Monitor,1,2024-07-25,Ottawa,300,300
12404,1981,Mary Williams,Smartwatch,4,2024-10-20,Montreal,200,800
12405,1187,John Brown,Laptop,4,2025-11-17,Vancouver,850,3400
12406,1856,Sophia Garcia,Printer,3,2024-01-29,Ottawa,180,540
12407,1009,Sophia Miller,Monitor,1,2024-06-27,Calgary,300,300
12408,793,Linda Jones,Mouse,4,2024-02-10,Toronto,30,120
12409,792,Daniel Williams,Smartphone,3,2025-04-14,Toronto,600,1800
12410,1548,Emma Davis,Keyboard,3,2024-07-10,Vancouver,45,135
12411,1810,John Wilson,Monitor,2,2024-12-09,Toronto,300,600
12412,1295,James Taylor,Smartphone,1,2025-09-17,Montreal,600,600
12413,492,Daniel Davis,Smartphone,3,2024-10-04,Montreal,600,1800
12414,208,Mary Miller,Smartwatch,4,2024-12-20,Calgary,200,800
12415,1563,Emma Williams,Smartwatch,1,2025-06-12,Vancouver,200,200
12416,1608,Alex Johnson,Headphones,4,2024-03-26,Vancouver,120,480
12417,1084,Linda Garcia,Mouse,4,2024-11-12,Toronto,30,120
12418,430,Linda Wilson,Keyboard,3,2025-11-23,Ottawa,45,135
12419,985,David Johnson,Smartphone,3,2024-12-02,Ottawa,600,1800
12420,1681,Sophia Wilson,Headphones,2,2024-05-24,Ottawa,120,240
12421,1629,Emma Williams,External Hard Drive,4,2024-11-10,Calgary,95,380
12422,1333,Linda Taylor,Printer,3,2024-08-12,Vancouver,180,540
12423,520,Sophia Wilson,Bluetooth Speaker,2,2025-02-26,Toronto,150,300
12424,591,David Miller,Smartphone,1,2024-02-23,Calgary,600,600
12425,1051,Sarah Jones,Headphones,2,2024-03-08,Montreal,120,240
12426,1710,James Wilson,Mouse,2,2025-09-10,Montreal,30,60
12427,1586,Emma Miller,Smartwatch,4,2024-11-29,Montreal,200,800
12428,199,Linda Garcia,Smartphone,1,2024-03-17,Vancouver,600,600
12429,387,Sarah Brown,Smartphone,4,2025-06-22,Montreal,600,2400
12430,349,James Jones,Monitor,4,2024-06-03,Ottawa,300,1200
12431,960,Mary Johnson,Mouse,2,2024-03-12,Montreal,30,60
12432,1964,Linda Garcia,Keyboard,2,2025-05-15,Calgary,45,90
12433,693,John Miller,Smartwatch,3,2025-03-22,Montreal,200,600
12434,1560,Mary Johnson,Smartphone,2,2025-11-22,Ottawa,600,1200
12435,1852,James Taylor,Printer,3,2025-07-12,Montreal,180,540
12436,378,John Miller,Smartwatch,4,2024-12-24,Toronto,200,800
12437,899,James Garcia,Printer,2,2024-10-03,Ottawa,180,360
12438,916,James Miller,Bluetooth Speaker,1,2024-11-08,Vancouver,150,150
12439,1582,Daniel Brown,Keyboard,1,2024-04-14,Montreal,45,45
12440,527,Linda Williams,Bluetooth Speaker,4,2024-04-04,Calgary,150,600
12441,1177,Mary Smith,Smartphone,4,2024-08-06,Montreal,600,2400
12442,734,John Taylor,Monitor,2,2025-11-12,Calgary,300,600
12443,206,Alex Williams,Keyboard,3,2024-05-07,Toronto,45,135
12444,455,Mary Smith,Monitor,2,2024-07-18,Vancouver,300,600
12445,1297,Sarah Davis,Headphones,3,2024-11-27,Ottawa,120,360
12446,1918,Emma Miller,External Hard Drive,2,2025-06-30,Ottawa,95,190
12447,1260,Linda Wilson,Mouse,1,2025-10-17,Vancouver,30,30
12448,1876,Mary Williams,Headphones,1,2024-10-18,Toronto,120,120
12449,1764,David Smith,Bluetooth Speaker,3,2024-03-06,Toronto,150,450
12450,521,Sophia Garcia,Printer,2,2025-12-31,Montreal,180,360
12451,1702,Linda Jones,Bluetooth Speaker,4,2025-07-21,Toronto,150,600
12452,1968,Sophia Brown,Keyboard,3,2025-10-18,Montreal,45,135
12453,1017,Alex Johnson,Keyboard,1,2025-02-07,Calgary,45,45
12454,956,David Brown,Bluetooth Speaker,3,2025-12-25,Vancouver,150,450
12455,1855,Alex Miller,Smartphone,2,2025-08-28,Calgary,600,1200
12456,726,Sophia Johnson,Bluetooth Speaker,4,2025-09-09,Calgary,150,600
12457,1014,Sarah Davis,Keyboard,4,2025-08-18,Calgary,45,180
12458,501,John Smith,Keyboard,3,2025-10-09,Calgary,45,135
12459,117,Emma Davis,Smartwatch,2,2024-05-25,Ottawa,200,400
12460,386,James Smith,Laptop,2,2025-06-13,Toronto,850,1700
12461,1368,John Williams,Monitor,4,2025-02-05,Vancouver,300,1200
12462,584,David Jones,Headphones,1,2024-05-04,Vancouver,120,120
12463,395,Sarah Garcia,Bluetooth Speaker,2,2025-05-28,Calgary,150,300
12464,1088,James Wilson,Smartwatch,4,2024-11-27,Vancouver,200,800
12465,1741,James Taylor,Smartphone,4,2025-04-24,Montreal,600,2400
12466,721,John Davis,Keyboard,2,2025-12-12,Vancouver,45,90
12467,72,John Davis,Bluetooth Speaker,2,2025-10-11,Calgary,150,300
12468,1813,Emma Garcia,Keyboard,3,2025-12-15,Vancouver,45,135
12469,274,Daniel Brown,Printer,1,2025-02-01,Toronto,180,180
12470,1344,Sarah Williams,Smartwatch,3,2024-01-30,Calgary,200,600
12471,338,Daniel Davis,Bluetooth Speaker,3,2024-02-25,Ottawa,150,450
12472,1390,Alex Taylor,Printer,4,2025-09-22,Toronto,180,720
12473,1519,David Davis,External Hard Drive,4,2024-05-11,Vancouver,95,380
12474,607,Sophia Smith,Smartwatch,1,2024-08-18,Ottawa,200,200
12475,166,Mary Davis,Bluetooth Speaker,3,2025-01-29,Toronto,150,450
12476,1568,Mary Davis,Bluetooth Speaker,3,2024-05-31,Montreal,150,450
12477,11,Daniel Johnson,Mouse,4,2025-05-16,Toronto,30,120
12478,1325,James Williams,Smartwatch,4,2025-05-20,Ottawa,200,800
12479,729,Mary Davis,Smartwatch,2,2025-01-20,Montreal,200,400
12480,801,David Smith,Keyboard,3,2025-06-16,Vancouver,45,135
12481,102,David Brown,Bluetooth Speaker,1,2025-03-23,Calgary,150,150
12482,1449,James Miller,Monitor,3,2025-08-02,Vancouver,300,900
12483,1416,Sophia Jones,Monitor,4,2024-05-05,Calgary,300,1200
12484,779,Mary Wilson,Monitor,2,2025-07-08,Calgary,300,600
12485,214,Sophia Miller,External Hard Drive,3,2025-11-24,Ottawa,95,285
12486,1715,Emma Davis,Bluetooth Speaker,1,2025-05-03,Montreal,150,150
12487,1112,Daniel Davis,Bluetooth Speaker,4,2025-09-03,Montreal,150,600
12488,1577,Alex Miller,Printer,2,2025-03-21,Toronto,180,360
12489,401,James Johnson,Mouse,3,2025-04-14,Vancouver,30,90
12490,588,Alex Williams,Smartwatch,1,2024-12-14,Ottawa,200,200
12491,889,Emma Miller,Keyboard,4,2025-05-22,Vancouver,45,180
12492,1070,John Wilson,Mouse,1,2025-04-01,Toronto,30,30
12493,1696,David Davis,Printer,3,2025-01-19,Toronto,180,540
12494,1487,Daniel Wilson,Bluetooth Speaker,4,2025-12-12,Ottawa,150,600
12495,592,John Smith,Headphones,3,2025-03-23,Toronto,120,360
12496,1334,Alex Miller,Smartwatch,2,2025-09-19,Ottawa,200,400
12497,1110,Mary Taylor,External Hard Drive,3,2024-04-24,Toronto,95,285
12498,92,John Smith,Monitor,2,2025-03-27,Montreal,300,600
12499,1684,David Williams,External Hard Drive,3,2025-10-15,Ottawa,95,285
12500,673,John Williams,Bluetooth Speaker,1,2024-04-28,Montreal,150,150
12501,714,Alex Johnson,Printer,1,2024-04-02,Montreal,180,180
12502,936,Daniel Smith,Headphones,4,2025-06-04,Ottawa,120,480
12503,1952,James Williams,Smartphone,1,2025-08-07,Vancouver,600,600
12504,242,David Taylor,Monitor,1,2025-06-21,Calgary,300,300
12505,1889,David Smith,Keyboard,2,2025-03-08,Toronto,45,90
12506,2,Linda Wilson,Bluetooth Speaker,1,2024-05-24,Toronto,150,150
12507,225,Mary Davis,Laptop,2,2024-03-08,Vancouver,850,1700
12508,801,Linda Jones,Headphones,2,2025-11-30,Calgary,120,240
12509,1769,Sarah Williams,Headphones,2,2024-05-10,Vancouver,120,240
12510,1997,Linda Williams,Smartwatch,3,2024-10-07,Calgary,200,600
12511,1950,David Miller,External Hard Drive,2,2025-10-13,Ottawa,95,190
12512,1953,David Davis,Monitor,3,2025-07-19,Ottawa,300,900
12513,589,Daniel Taylor,Bluetooth Speaker,2,2025-05-27,Montreal,150,300
12514,116,James Davis,Laptop,3,2025-10-01,Montreal,850,2550
12515,1690,Sarah Smith,Monitor,4,2024-01-01,Ottawa,300,1200
12516,918,Sophia Williams,Printer,4,2025-11-15,Montreal,180,720
12517,1127,John Jones,Laptop,3,2025-03-07,Ottawa,850,2550
12518,194,Sophia Williams,Mouse,4,2025-01-25,Vancouver,30,120
12519,1190,Sophia Garcia,Mouse,1,2024-09-22,Toronto,30,30
12520,871,Alex Wilson,Headphones,2,2025-02-02,Ottawa,120,240
12521,90,Alex Smith,Printer,3,2024-09-12,Ottawa,180,540
12522,1710,Mary Miller,Mouse,4,2025-01-29,Ottawa,30,120
12523,122,Emma Johnson,Headphones,4,2024-06-22,Montreal,120,480
12524,143,Linda Smith,External Hard Drive,1,2024-02-14,Montreal,95,95
12525,994,John Jones,Bluetooth Speaker,2,2024-05-20,Montreal,150,300
12526,106,Emma Wilson,Headphones,1,2025-06-22,Montreal,120,120
12527,887,Sophia Brown,Bluetooth Speaker,3,2025-12-21,Vancouver,150,450
12528,428,Alex Smith,Printer,4,2024-02-19,Ottawa,180,720
12529,1329,Alex Smith,Smartwatch,4,2024-03-01,Vancouver,200,800
12530,1896,Sophia Smith,Monitor,4,2024-08-30,Montreal,300,1200
12531,1995,David Wilson,Headphones,1,2024-09-25,Vancouver,120,120
12532,317,James Williams,Headphones,1,2024-05-19,Ottawa,120,120
12533,1987,Daniel Wilson,Bluetooth Speaker,2,2024-06-05,Ottawa,150,300
12534,635,Mary Taylor,Mouse,3,2025-08-19,Montreal,30,90
12535,1926,Emma Miller,Mouse,2,2025-08-18,Ottawa,30,60
12536,9,Sarah Garcia,Headphones,2,2024-10-02,Vancouver,120,240
12537,774,James Davis,Mouse,4,2024-01-31,Calgary,30,120
12538,1097,Emma Wilson,Mouse,1,2024-01-08,Ottawa,30,30
12539,1383,David Miller,Headphones,3,2025-12-15,Vancouver,120,360
12540,223,John Miller,External Hard Drive,2,2024-02-02,Vancouver,95,190
12541,1440,Mary Miller,External Hard Drive,3,2025-10-16,Vancouver,95,285
12542,553,Daniel Garcia,Smartphone,4,2025-03-27,Ottawa,600,2400
12543,1394,Daniel Taylor,External Hard Drive,2,2025-03-24,Calgary,95,190
12544,716,Sophia Brown,Smartphone,1,2024-02-06,Montreal,600,600
12545,1288,Sophia Miller,Printer,2,2025-10-20,Montreal,180,360
12546,1864,Linda Miller,Keyboard,4,2024-02-03,Ottawa,45,180
12547,1714,Alex Taylor,Monitor,2,2025-03-30,Ottawa,300,600
12548,1884,John Williams,Keyboard,4,2025-03-19,Toronto,45,180
12549,1342,Emma Miller,Mouse,2,2024-08-24,Calgary,30,60
12550,1108,Emma Johnson,Laptop,3,2024-07-30,Vancouver,850,2550
12551,1342,James Davis,Mouse,1,2024-05-19,Vancouver,30,30
12552,111,Sarah Williams,Headphones,4,2025-12-02,Montreal,120,480
12553,251,John Johnson,Headphones,3,2025-08-30,Ottawa,120,360
12554,383,Daniel Taylor,Monitor,4,2025-12-06,Calgary,300,1200
12555,7,Sophia Garcia,Smartwatch,2,2024-12-26,Montreal,200,400
12556,459,Daniel Davis,Smartwatch,4,2024-10-30,Calgary,200,800
12557,1108,Daniel Taylor,Smartwatch,4,2024-10-22,Ottawa,200,800
12558,208,Mary Miller,External Hard Drive,1,2024-05-31,Vancouver,95,95
12559,900,Alex Miller,Printer,3,2024-08-10,Toronto,180,540
12560,1414,Alex Garcia,Mouse,2,2024-07-14,Calgary,30,60
12561,1338,Sarah Taylor,Headphones,1,2025-08-22,Vancouver,120,120
12562,22,Linda Wilson,Laptop,4,2024-10-25,Calgary,850,3400
12563,410,Mary Johnson,Laptop,1,2025-06-12,Calgary,850,850
12564,895,James Johnson,Laptop,4,2025-05-02,Calgary,850,3400
12565,515,Mary Williams,Smartwatch,2,2024-07-29,Ottawa,200,400
12566,1151,Daniel Garcia,Monitor,4,2024-08-19,Montreal,300,1200
12567,809,Mary Garcia,Smartwatch,1,2025-11-25,Calgary,200,200
12568,1724,Sarah Johnson,Headphones,1,2025-11-04,Ottawa,120,120
12569,874,Emma Davis,Mouse,4,2025-01-01,Toronto,30,120
12570,14,Linda Taylor,Mouse,3,2025-04-25,Montreal,30,90
12571,971,David Smith,Monitor,1,2025-08-04,Ottawa,300,300
12572,978,Mary Garcia,Printer,3,2025-07-25,Toronto,180,540
12573,1014,John Brown,External Hard Drive,3,2024-06-27,Montreal,95,285
12574,1036,Mary Jones,Laptop,3,2025-04-28,Ottawa,850,2550
12575,87,Sarah Davis,Mouse,3,2025-08-11,Toronto,30,90
12576,1548,David Garcia,Monitor,1,2025-05-09,Ottawa,300,300
12577,909,Sarah Miller,Laptop,1,2025-06-30,Toronto,850,850
12578,1561,Sarah Johnson,Smartwatch,3,2024-01-16,Calgary,200,600
12579,1325,John Smith,Bluetooth Speaker,1,2025-04-10,Calgary,150,150
12580,1267,Sophia Williams,Keyboard,3,2025-02-05,Montreal,45,135
12581,122,David Garcia,Mouse,3,2024-10-20,Toronto,30,90
12582,1171,James Garcia,Printer,3,2024-06-19,Calgary,180,540
12583,1591,Sophia Miller,Monitor,4,2024-02-01,Montreal,300,1200
12584,750,Emma Johnson,External Hard Drive,2,2024-09-19,Vancouver,95,190
12585,1380,Linda Smith,Printer,1,2024-08-02,Calgary,180,180
12586,685,John Brown,Smartwatch,1,2025-07-11,Calgary,200,200
12587,1928,Alex Jones,Mouse,3,2024-07-07,Ottawa,30,90
12588,1757,John Taylor,Headphones,4,2025-08-05,Vancouver,120,480
12589,1655,Linda Davis,Smartwatch,4,2025-08-22,Toronto,200,800
12590,309,Emma Brown,External Hard Drive,1,2024-09-17,Montreal,95,95
12591,695,Sarah Taylor,Smartwatch,3,2024-06-30,Vancouver,200,600
12592,288,Emma Taylor,Monitor,1,2025-05-19,Toronto,300,300
12593,307,Emma Taylor,Printer,3,2024-12-07,Calgary,180,540
12594,1836,Alex Smith,Monitor,3,2024-01-22,Montreal,300,900
12595,1618,Sophia Taylor,Laptop,2,2024-03-14,Montreal,850,1700
12596,1990,Emma Johnson,Bluetooth Speaker,3,2025-08-24,Vancouver,150,450
12597,914,John Garcia,Printer,2,2024-06-14,Ottawa,180,360
12598,1747,James Davis,Bluetooth Speaker,1,2024-08-21,Toronto,150,150
12599,662,Sarah Wilson,Monitor,1,2025-01-09,Vancouver,300,300
12600,549,Linda Johnson,Headphones,4,2025-03-08,Ottawa,120,480
12601,1376,John Smith,Mouse,2,2025-10-02,Ottawa,30,60
12602,312,Daniel Williams,External Hard Drive,1,2024-11-29,Ottawa,95,95
12603,873,David Brown,Smartwatch,2,2025-08-29,Montreal,200,400
12604,1083,Sarah Garcia,Smartwatch,1,2025-06-23,Toronto,200,200
12605,1667,Sarah Wilson,Bluetooth Speaker,2,2024-02-04,Toronto,150,300
12606,924,Daniel Miller,External Hard Drive,2,2025-03-19,Vancouver,95,190
12607,1738,Mary Taylor,Printer,3,2024-08-18,Calgary,180,540
12608,755,James Wilson,Mouse,1,2024-11-13,Vancouver,30,30
12609,35,Linda Brown,Keyboard,4,2024-12-08,Toronto,45,180
12610,445,James Jones,Bluetooth Speaker,3,2025-03-05,Montreal,150,450
12611,93,John Brown,Printer,4,2025-09-28,Vancouver,180,720
12612,1974,David Davis,Printer,2,2025-04-10,Calgary,180,360
12613,1983,Alex Miller,External Hard Drive,3,2024-03-19,Vancouver,95,285
12614,1231,David Smith,External Hard Drive,2,2025-07-26,Ottawa,95,190
12615,353,Emma Miller,Smartphone,1,2025-03-24,Calgary,600,600
12616,903,Sophia Smith,Smartwatch,1,2025-12-29,Ottawa,200,200
12617,1356,Mary Williams,Mouse,4,2024-10-08,Montreal,30,120
12618,1841,Mary Wilson,Laptop,1,2025-11-05,Toronto,850,850
12619,862,Emma Garcia,Bluetooth Speaker,4,2024-02-26,Vancouver,150,600
12620,1749,Sophia Williams,Mouse,2,2024-07-09,Vancouver,30,60
12621,159,David Williams,Smartphone,3,2025-10-05,Ottawa,600,1800
12622,1978,Daniel Johnson,Smartphone,1,2025-04-07,Ottawa,600,600
12623,957,Sophia Johnson,Mouse,2,2024-02-11,Toronto,30,60
12624,24,John Taylor,External Hard Drive,3,2025-04-30,Vancouver,95,285
12625,404,Alex Wilson,Printer,2,2024-06-21,Toronto,180,360
12626,805,Alex Wilson,Keyboard,4,2025-11-09,Ottawa,45,180
12627,516,James Taylor,Mouse,2,2024-09-06,Ottawa,30,60
12628,732,John Taylor,Bluetooth Speaker,4,2025-05-24,Calgary,150,600
12629,1388,David Wilson,Laptop,4,2025-05-16,Ottawa,850,3400
12630,1406,Alex Wilson,Smartwatch,1,2024-07-11,Ottawa,200,200
12631,532,David Wilson,Smartphone,4,2024-06-13,Toronto,600,2400
12632,956,Emma Miller,Headphones,4,2024-03-30,Calgary,120,480
12633,152,Daniel Davis,Headphones,2,2025-11-21,Calgary,120,240
12634,1586,James Garcia,Printer,4,2024-02-27,Vancouver,180,720
12635,1713,James Wilson,External Hard Drive,4,2024-09-19,Montreal,95,380
12636,947,Daniel Miller,Smartwatch,2,2025-10-09,Vancouver,200,400
12637,608,James Johnson,Smartphone,3,2024-08-30,Vancouver,600,1800
12638,1641,Daniel Smith,Headphones,1,2025-10-24,Vancouver,120,120
12639,420,John Brown,Headphones,2,2024-08-06,Calgary,120,240
12640,1274,Linda Jones,Keyboard,4,2024-01-09,Toronto,45,180
12641,1141,Mary Wilson,Mouse,2,2025-03-05,Ottawa,30,60
12642,866,Emma Williams,Monitor,3,2024-01-13,Calgary,300,900
12643,1536,Sarah Jones,Smartwatch,2,2024-08-12,Ottawa,200,400
12644,1764,Sophia Taylor,Monitor,2,2025-11-20,Ottawa,300,600
12645,578,Sarah Jones,Laptop,2,2024-03-07,Montreal,850,1700
12646,335,Sarah Miller,External Hard Drive,2,2025-10-30,Vancouver,95,190
12647,1442,Alex Garcia,Mouse,4,2025-11-07,Montreal,30,120
12648,932,Linda Taylor,Laptop,2,2025-05-17,Vancouver,850,1700
12649,1798,David Johnson,Bluetooth Speaker,3,2024-07-02,Calgary,150,450
12650,295,Emma Taylor,Smartphone,2,2024-07-26,Ottawa,600,1200
12651,1962,James Johnson,Monitor,2,2025-06-11,Montreal,300,600
12652,755,John Davis,Printer,4,2024-10-26,Calgary,180,720
12653,1395,David Smith,Bluetooth Speaker,4,2024-08-28,Calgary,150,600
12654,186,Sarah Williams,Smartwatch,2,2025-03-30,Vancouver,200,400
12655,1270,Emma Davis,Smartphone,4,2025-06-13,Ottawa,600,2400
12656,637,Daniel Johnson,Headphones,4,2025-10-20,Vancouver,120,480
12657,1292,John Johnson,Monitor,2,2024-08-31,Vancouver,300,600
12658,1667,James Taylor,Mouse,4,2025-07-16,Calgary,30,120
12659,1261,Linda Williams,Mouse,1,2024-08-25,Vancouver,30,30
12660,530,John Smith,Bluetooth Speaker,1,2024-09-02,Toronto,150,150
12661,1576,David Smith,Bluetooth Speaker,1,2024-12-10,Ottawa,150,150
12662,21,James Smith,External Hard Drive,4,2025-04-28,Vancouver,95,380
12663,911,John Johnson,Headphones,1,2024-11-05,Vancouver,120,120
12664,1761,Emma Brown,Keyboard,3,2025-07-14,Montreal,45,135
12665,867,John Wilson,Monitor,1,2024-10-10,Ottawa,300,300
12666,794,Emma Garcia,Laptop,3,2024-02-07,Ottawa,850,2550
12667,1544,David Johnson,Smartwatch,4,2024-02-01,Vancouver,200,800
12668,100,David Miller,Monitor,1,2024-08-30,Toronto,300,300
12669,752,John Williams,Monitor,3,2025-07-06,Montreal,300,900
12670,478,Daniel Johnson,Headphones,4,2024-10-18,Toronto,120,480
12671,1623,David Smith,Monitor,1,2025-09-06,Vancouver,300,300
12672,1322,Sarah Williams,External Hard Drive,2,2024-10-18,Ottawa,95,190
12673,940,Linda Taylor,Monitor,1,2025-09-10,Ottawa,300,300
12674,526,Daniel Brown,Printer,1,2025-01-16,Toronto,180,180
12675,334,Daniel Miller,Printer,1,2025-08-21,Calgary,180,180
12676,2,James Taylor,Smartphone,2,2025-07-31,Vancouver,600,1200
12677,375,Mary Taylor,Smartwatch,3,2024-05-17,Ottawa,200,600
12678,293,Linda Miller,Printer,3,2024-07-18,Calgary,180,540
12679,837,Mary Johnson,Smartwatch,2,2024-11-30,Ottawa,200,400
12680,1958,Mary Taylor,Mouse,1,2025-08-27,Ottawa,30,30
12681,1005,John Jones,External Hard Drive,1,2025-03-22,Calgary,95,95
12682,553,Sophia Johnson,Headphones,1,2024-12-13,Toronto,120,120
12683,318,David Garcia,Headphones,3,2024-10-04,Vancouver,120,360
12684,1526,Emma Jones,Printer,3,2025-06-15,Calgary,180,540
12685,1852,Mary Brown,External Hard Drive,2,2025-02-02,Calgary,95,190
12686,381,Linda Jones,Mouse,4,2025-01-25,Ottawa,30,120
12687,1647,Sarah Williams,Laptop,2,2025-08-24,Calgary,850,1700
12688,14,David Johnson,External Hard Drive,3,2025-07-15,Vancouver,95,285
12689,504,Daniel Johnson,Smartphone,1,2024-01-10,Toronto,600,600
12690,231,Emma Johnson,Headphones,1,2025-08-13,Toronto,120,120
12691,1108,Emma Wilson,Smartphone,1,2025-07-02,Toronto,600,600
12692,130,Alex Taylor,Headphones,1,2024-02-28,Vancouver,120,120
12693,1767,James Williams,Mouse,4,2024-03-28,Ottawa,30,120
12694,838,Linda Williams,Monitor,2,2025-04-03,Vancouver,300,600
12695,1169,Emma Davis,Keyboard,2,2024-04-13,Calgary,45,90
12696,891,John Brown,External Hard Drive,3,2024-04-13,Montreal,95,285
12697,1881,Alex Smith,External Hard Drive,2,2024-09-10,Montreal,95,190
12698,28,Linda Wilson,Monitor,4,2024-11-30,Montreal,300,1200
12699,66,Sophia Davis,Laptop,4,2025-04-07,Toronto,850,3400
12700,1187,Emma Garcia,Headphones,4,2025-07-02,Vancouver,120,480
12701,1253,Linda Wilson,Laptop,1,2024-10-27,Vancouver,850,850
12702,261,Alex Taylor,External Hard Drive,3,2025-10-15,Toronto,95,285
12703,1473,Emma Wilson,Printer,4,2025-07-08,Calgary,180,720
12704,1448,Sarah Davis,Printer,2,2025-09-19,Montreal,180,360
12705,460,Daniel Johnson,Bluetooth Speaker,2,2024-12-06,Montreal,150,300
12706,1976,Mary Wilson,Smartwatch,2,2025-05-06,Toronto,200,400
12707,1700,Alex Wilson,Printer,4,2024-03-24,Montreal,180,720
12708,301,David Miller,Printer,4,2024-09-15,Ottawa,180,720
12709,919,Mary Garcia,Headphones,2,2024-12-25,Vancouver,120,240
12710,1327,Daniel Johnson,Bluetooth Speaker,4,2024-03-27,Montreal,150,600
12711,287,Linda Miller,Headphones,2,2025-03-03,Montreal,120,240
12712,1419,Sophia Taylor,External Hard Drive,1,2025-01-01,Ottawa,95,95
12713,1034,David Wilson,Smartphone,4,2024-12-08,Calgary,600,2400
12714,1731,John Wilson,Laptop,1,2024-12-12,Calgary,850,850
12715,630,Emma Davis,External Hard Drive,1,2024-04-05,Ottawa,95,95
12716,270,Sarah Brown,Smartphone,4,2024-09-11,Calgary,600,2400
12717,592,Emma Miller,Mouse,2,2024-05-15,Toronto,30,60
12718,1994,John Brown,Mouse,3,2024-09-04,Ottawa,30,90
12719,1629,Mary Wilson,Headphones,1,2025-05-13,Vancouver,120,120
12720,1802,Alex Johnson,Keyboard,4,2025-04-30,Vancouver,45,180
12721,844,Sarah Johnson,Keyboard,1,2025-02-05,Vancouver,45,45
12722,862,John Miller,Smartphone,2,2025-08-26,Montreal,600,1200
12723,1385,Emma Garcia,Printer,4,2025-02-15,Ottawa,180,720
12724,1281,Emma Taylor,Headphones,3,2025-03-23,Ottawa,120,360
12725,133,Mary Wilson,Smartphone,4,2024-09-03,Calgary,600,2400
12726,1300,Alex Garcia,Headphones,1,2025-11-29,Ottawa,120,120
12727,1800,Sophia Brown,Smartphone,4,2025-02-24,Ottawa,600,2400
12728,1707,Alex Miller,Mouse,4,2024-05-03,Calgary,30,120
12729,972,John Williams,Bluetooth Speaker,1,2024-09-16,Ottawa,150,150
12730,513,John Brown,Headphones,3,2024-06-17,Ottawa,120,360
12731,313,Daniel Jones,Bluetooth Speaker,2,2024-04-20,Toronto,150,300
12732,576,David Williams,Mouse,4,2024-10-16,Calgary,30,120
12733,886,Alex Jones,Keyboard,3,2025-08-21,Toronto,45,135
12734,1308,Sarah Garcia,Monitor,2,2024-01-13,Montreal,300,600
12735,1145,Sarah Garcia,Laptop,1,2024-09-19,Calgary,850,850
12736,1131,Linda Jones,External Hard Drive,3,2024-01-23,Ottawa,95,285
12737,1957,Sarah Williams,Laptop,3,2024-07-18,Ottawa,850,2550
12738,687,Sarah Wilson,Laptop,4,2024-08-29,Toronto,850,3400
12739,1228,Sarah Wilson,External Hard Drive,1,2024-08-26,Toronto,95,95
12740,165,Emma Miller,Mouse,4,2024-10-29,Montreal,30,120
12741,305,Emma Davis,Mouse,1,2024-06-13,Montreal,30,30
12742,1521,Emma Brown,Keyboard,2,2024-06-24,Ottawa,45,90
12743,1656,Sophia Brown,Monitor,4,2024-01-29,Vancouver,300,1200
12744,1580,John Taylor,Smartwatch,1,2025-11-07,Montreal,200,200
12745,1848,David Johnson,Laptop,1,2025-06-18,Ottawa,850,850
12746,156,Emma Miller,Printer,3,2024-10-20,Montreal,180,540
12747,1391,Emma Wilson,Laptop,4,2025-04-21,Calgary,850,3400
12748,1743,John Williams,Smartwatch,4,2025-01-17,Toronto,200,800
12749,1926,John Smith,Headphones,2,2025-07-09,Ottawa,120,240
12750,620,Sophia Johnson,Keyboard,1,2025-11-22,Montreal,45,45
12751,1275,John Garcia,Bluetooth Speaker,3,2024-10-22,Toronto,150,450
12752,957,Sarah Brown,Bluetooth Speaker,1,2025-10-12,Vancouver,150,150
12753,1940,Sarah Jones,Smartwatch,1,2024-11-29,Montreal,200,200
12754,1906,John Smith,Laptop,1,2024-09-04,Ottawa,850,850
12755,334,Alex Miller,Bluetooth Speaker,4,2024-08-28,Calgary,150,600
12756,1666,John Johnson,Smartwatch,1,2024-04-15,Toronto,200,200
12757,969,James Smith,External Hard Drive,2,2025-11-15,Toronto,95,190
12758,511,James Williams,Mouse,3,2025-07-14,Calgary,30,90
12759,1317,Emma Miller,Smartphone,3,2024-05-02,Ottawa,600,1800
12760,1044,Sophia Wilson,Mouse,1,2024-02-04,Vancouver,30,30
12761,282,Linda Wilson,Laptop,3,2025-09-09,Calgary,850,2550
12762,797,Sarah Miller,Smartwatch,1,2025-02-19,Vancouver,200,200
12763,1025,Sophia Wilson,Headphones,4,2025-12-08,Ottawa,120,480
12764,119,Alex Johnson,Bluetooth Speaker,3,2025-09-12,Montreal,150,450
12765,1059,Linda Williams,Bluetooth Speaker,4,2025-09-28,Montreal,150,600
12766,198,John Garcia,Bluetooth Speaker,4,2024-11-22,Ottawa,150,600
12767,485,Daniel Wilson,Smartwatch,2,2024-10-21,Vancouver,200,400
12768,1781,Mary Wilson,Mouse,2,2025-03-07,Calgary,30,60
12769,1083,James Jones,Headphones,3,2024-12-12,Ottawa,120,360
12770,837,James Wilson,Smartwatch,1,2024-02-06,Ottawa,200,200
12771,1185,Sophia Miller,Laptop,1,2025-11-30,Montreal,850,850
12772,1009,Sarah Smith,Keyboard,1,2025-05-26,Calgary,45,45
12773,691,Linda Brown,Laptop,1,2025-06-18,Montreal,850,850
12774,1230,Linda Miller,Smartphone,2,2025-12-06,Vancouver,600,1200
12775,1036,Sarah Johnson,Keyboard,1,2025-10-25,Vancouver,45,45
12776,490,Daniel Johnson,Laptop,1,2024-01-18,Toronto,850,850
12777,276,Alex Taylor,Headphones,4,2024-01-27,Ottawa,120,480
12778,693,John Davis,Monitor,1,2025-06-19,Calgary,300,300
12779,242,John Wilson,Monitor,1,2024-01-29,Calgary,300,300
12780,1240,John Jones,Monitor,2,2025-10-12,Montreal,300,600
12781,1275,James Brown,Smartphone,3,2025-10-19,Montreal,600,1800
12782,1835,Daniel Garcia,Smartphone,4,2025-09-26,Calgary,600,2400
12783,126,Alex Jones,Monitor,4,2025-10-01,Montreal,300,1200
12784,217,James Williams,External Hard Drive,3,2024-04-26,Toronto,95,285
12785,1330,David Brown,Bluetooth Speaker,4,2024-05-11,Ottawa,150,600
12786,1821,Daniel Taylor,Keyboard,1,2024-10-15,Toronto,45,45
12787,1209,Daniel Davis,Keyboard,1,2025-12-18,Vancouver,45,45
12788,1063,Emma Johnson,Bluetooth Speaker,3,2024-08-23,Calgary,150,450
12789,1247,James Davis,Mouse,2,2024-02-11,Toronto,30,60
12790,1208,David Wilson,External Hard Drive,2,2024-06-08,Toronto,95,190
12791,495,Alex Williams,Monitor,4,2025-11-21,Montreal,300,1200
12792,427,John Miller,Bluetooth Speaker,2,2024-05-04,Montreal,150,300
12793,1202,Sarah Smith,Smartwatch,2,2024-09-16,Montreal,200,400
12794,919,Mary Brown,Keyboard,2,2024-10-02,Vancouver,45,90
12795,1452,Daniel Garcia,Smartwatch,2,2024-07-31,Toronto,200,400
12796,1318,James Williams,Bluetooth Speaker,2,2025-04-17,Ottawa,150,300
12797,1876,John Garcia,Bluetooth Speaker,2,2025-12-02,Montreal,150,300
12798,151,Sarah Brown,Laptop,2,2025-07-23,Vancouver,850,1700
12799,384,Daniel Taylor,Laptop,4,2025-03-06,Vancouver,850,3400
12800,1662,Sarah Williams,Headphones,1,2025-12-15,Montreal,120,120
12801,1837,Daniel Johnson,Headphones,2,2024-03-20,Calgary,120,240
12802,308,David Williams,Smartphone,1,2024-08-15,Toronto,600,600
12803,1360,Daniel Jones,Smartphone,3,2024-04-04,Montreal,600,1800
12804,1970,Daniel Wilson,Monitor,1,2025-02-27,Ottawa,300,300
12805,746,Mary Wilson,Laptop,3,2025-05-30,Toronto,850,2550
12806,892,Alex Williams,Monitor,4,2024-06-13,Vancouver,300,1200
12807,375,John Smith,Bluetooth Speaker,1,2025-03-01,Ottawa,150,150
12808,1032,John Wilson,Monitor,3,2024-02-11,Toronto,300,900
12809,1365,Sophia Jones,Bluetooth Speaker,1,2025-02-06,Ottawa,150,150
12810,129,David Wilson,Keyboard,4,2025-12-24,Vancouver,45,180
12811,1015,Alex Brown,Laptop,1,2025-02-19,Montreal,850,850
12812,1800,James Wilson,Headphones,3,2024-10-26,Ottawa,120,360
12813,669,Linda Johnson,Monitor,2,2024-02-24,Montreal,300,600
12814,1376,John Johnson,Laptop,2,2024-12-01,Vancouver,850,1700
12815,1382,John Taylor,Keyboard,2,2025-03-05,Vancouver,45,90
12816,517,Emma Wilson,Smartwatch,4,2025-11-15,Ottawa,200,800
12817,1519,Emma Garcia,Headphones,2,2024-11-29,Ottawa,120,240
12818,86,James Brown,External Hard Drive,4,2025-02-09,Vancouver,95,380
12819,1199,Sophia Johnson,Printer,2,2024-01-30,Ottawa,180,360
12820,1826,Mary Taylor,Laptop,4,2025-06-18,Ottawa,850,3400
12821,1217,Alex Davis,Mouse,4,2025-05-31,Ottawa,30,120
12822,311,John Garcia,Laptop,1,2025-07-28,Ottawa,850,850
12823,1143,James Williams,Bluetooth Speaker,2,2024-08-08,Toronto,150,300
12824,1242,David Taylor,External Hard Drive,1,2025-08-16,Vancouver,95,95
12825,427,John Williams,Mouse,3,2025-05-08,Vancouver,30,90
12826,1994,John Smith,Monitor,2,2024-09-09,Calgary,300,600
12827,1438,Emma Smith,Keyboard,2,2025-07-17,Montreal,45,90
12828,114,James Davis,Mouse,2,2024-11-16,Calgary,30,60
12829,1169,Sarah Johnson,Monitor,2,2024-02-08,Ottawa,300,600
12830,1562,Alex Garcia,Monitor,1,2025-04-09,Ottawa,300,300
12831,1672,Sophia Miller,Monitor,1,2025-02-14,Toronto,300,300
12832,303,Emma Wilson,Bluetooth Speaker,4,2025-02-15,Toronto,150,600
12833,744,Daniel Williams,Mouse,1,2025-05-06,Toronto,30,30
12834,1905,John Smith,Smartphone,4,2025-03-13,Toronto,600,2400
12835,588,Emma Jones,Keyboard,3,2025-04-23,Toronto,45,135
12836,987,Mary Miller,Smartwatch,1,2024-03-12,Toronto,200,200
12837,1864,James Smith,Laptop,4,2025-08-04,Toronto,850,3400
12838,345,Linda Garcia,Bluetooth Speaker,2,2024-08-07,Toronto,150,300
12839,814,David Davis,Headphones,3,2024-01-04,Toronto,120,360
12840,1988,Emma Miller,Smartwatch,4,2024-10-16,Vancouver,200,800
12841,801,Sarah Davis,Keyboard,3,2025-01-14,Toronto,45,135
12842,1025,Emma Wilson,Bluetooth Speaker,2,2024-12-20,Montreal,150,300
12843,1171,Emma Taylor,Smartwatch,2,2024-03-20,Toronto,200,400
12844,1311,James Jones,Laptop,4,2024-03-06,Ottawa,850,3400
12845,1678,James Brown,Monitor,4,2024-05-15,Ottawa,300,1200
12846,1077,Mary Jones,External Hard Drive,2,2025-02-02,Toronto,95,190
12847,1328,Sarah Jones,Monitor,4,2025-12-03,Toronto,300,1200
12848,1093,Sophia Williams,Keyboard,2,2024-12-12,Ottawa,45,90
12849,361,Daniel Davis,Laptop,1,2024-02-28,Montreal,850,850
12850,1626,Emma Davis,Smartwatch,4,2025-06-02,Calgary,200,800
12851,1982,Sophia Miller,Printer,3,2025-12-14,Vancouver,180,540
12852,1244,Sophia Brown,External Hard Drive,2,2024-08-24,Ottawa,95,190
12853,1986,Emma Taylor,Monitor,1,2024-03-19,Toronto,300,300
12854,1010,John Miller,Smartphone,4,2025-07-11,Vancouver,600,2400
12855,704,John Wilson,Smartwatch,2,2025-11-02,Toronto,200,400
12856,1990,Mary Johnson,Monitor,1,2024-04-24,Calgary,300,300
12857,575,James Johnson,Smartwatch,4,2025-04-06,Calgary,200,800
12858,1609,Emma Garcia,External Hard Drive,2,2025-09-17,Ottawa,95,190
12859,1185,Linda Davis,Keyboard,2,2024-05-05,Vancouver,45,90
12860,1705,James Miller,Headphones,2,2025-08-24,Vancouver,120,240
12861,1113,Emma Wilson,Monitor,4,2025-07-26,Calgary,300,1200
12862,688,Daniel Davis,Smartwatch,1,2025-05-14,Toronto,200,200
12863,781,Daniel Taylor,Headphones,2,2024-04-11,Ottawa,120,240
12864,585,Alex Brown,Headphones,1,2025-09-17,Montreal,120,120
12865,1781,John Jones,Smartphone,1,2024-06-22,Calgary,600,600
12866,589,Sarah Johnson,Headphones,3,2025-03-27,Calgary,120,360
12867,1183,Daniel Brown,External Hard Drive,1,2024-04-01,Ottawa,95,95
12868,489,Sophia Miller,Laptop,1,2025-11-25,Toronto,850,850
12869,971,David Smith,Headphones,1,2025-01-19,Vancouver,120,120
12870,1348,Sarah Brown,Printer,1,2024-07-23,Calgary,180,180
12871,1634,John Jones,Smartwatch,1,2024-12-28,Ottawa,200,200
12872,1405,Linda Johnson,Headphones,4,2025-12-07,Ottawa,120,480
12873,1126,Alex Miller,Mouse,3,2025-05-12,Ottawa,30,90
12874,494,Sarah Wilson,Laptop,2,2025-06-20,Vancouver,850,1700
12875,1668,David Williams,Bluetooth Speaker,3,2024-08-21,Calgary,150,450
12876,1638,Mary Miller,Laptop,3,2024-01-16,Ottawa,850,2550
12877,19,Emma Johnson,Keyboard,2,2024-05-20,Vancouver,45,90
12878,1478,James Brown,Bluetooth Speaker,1,2025-09-11,Toronto,150,150
12879,1506,Daniel Jones,Smartphone,2,2025-02-23,Montreal,600,1200
12880,1618,Sophia Miller,Laptop,1,2025-03-31,Calgary,850,850
12881,397,Emma Garcia,Keyboard,2,2024-10-26,Vancouver,45,90
12882,1001,Alex Brown,Laptop,4,2024-12-04,Montreal,850,3400
12883,1303,David Taylor,Headphones,3,2024-10-29,Montreal,120,360
12884,851,Alex Garcia,Monitor,1,2025-08-14,Vancouver,300,300
12885,1389,Emma Garcia,Monitor,3,2024-03-16,Vancouver,300,900
12886,1355,Mary Williams,Keyboard,1,2025-09-15,Vancouver,45,45
12887,1665,Emma Smith,Laptop,2,2024-11-11,Ottawa,850,1700
12888,1368,Sarah Williams,Keyboard,2,2025-05-14,Toronto,45,90
12889,822,Emma Wilson,Smartphone,2,2024-03-15,Ottawa,600,1200
12890,455,Alex Johnson,Monitor,4,2025-12-26,Montreal,300,1200
12891,1625,Daniel Wilson,Mouse,2,2024-12-31,Montreal,30,60
12892,725,John Miller,Bluetooth Speaker,2,2025-06-29,Montreal,150,300
12893,1679,Emma Garcia,External Hard Drive,4,2025-10-14,Vancouver,95,380
12894,1089,Alex Wilson,Headphones,3,2025-11-08,Calgary,120,360
12895,1100,Mary Miller,Mouse,3,2025-01-30,Ottawa,30,90
12896,711,John Davis,Mouse,1,2024-08-18,Calgary,30,30
12897,143,Alex Davis,Smartwatch,3,2024-01-28,Toronto,200,600
12898,917,Sarah Wilson,Mouse,1,2025-04-19,Toronto,30,30
12899,1939,David Brown,Bluetooth Speaker,1,2024-10-21,Ottawa,150,150
12900,828,Sophia Miller,Bluetooth Speaker,3,2025-03-02,Montreal,150,450
12901,605,Mary Brown,Headphones,3,2024-03-31,Toronto,120,360
12902,1497,Sophia Taylor,Keyboard,4,2024-04-24,Calgary,45,180
12903,1441,James Taylor,Printer,1,2024-06-07,Calgary,180,180
12904,305,Linda Smith,Printer,3,2024-09-14,Vancouver,180,540
12905,736,Daniel Brown,Laptop,3,2025-01-07,Montreal,850,2550
12906,1521,David Davis,Laptop,4,2024-03-30,Vancouver,850,3400
12907,291,James Brown,External Hard Drive,3,2024-10-24,Ottawa,95,285
12908,1964,Sarah Taylor,Bluetooth Speaker,2,2024-01-31,Toronto,150,300
12909,102,James Garcia,Laptop,2,2024-12-23,Vancouver,850,1700
12910,1291,Mary Wilson,Smartwatch,1,2025-04-14,Vancouver,200,200
12911,867,James Garcia,Laptop,4,2024-05-07,Ottawa,850,3400
12912,968,Linda Miller,Smartphone,3,2024-09-26,Calgary,600,1800
12913,1646,Daniel Williams,Smartphone,1,2025-05-12,Calgary,600,600
12914,974,David Wilson,Smartwatch,3,2025-02-16,Ottawa,200,600
12915,842,John Williams,Mouse,2,2024-07-27,Calgary,30,60
12916,962,James Wilson,Smartphone,3,2025-11-20,Ottawa,600,1800
12917,942,Emma Miller,Printer,3,2024-11-01,Calgary,180,540
12918,1801,Sophia Wilson,Printer,3,2024-07-09,Ottawa,180,540
12919,1027,Emma Williams,Smartphone,2,2024-12-22,Calgary,600,1200
12920,85,John Garcia,Laptop,2,2025-04-01,Vancouver,850,1700
12921,1818,Mary Smith,External Hard Drive,4,2025-03-24,Vancouver,95,380
12922,328,James Taylor,External Hard Drive,2,2024-03-08,Calgary,95,190
12923,816,Daniel Wilson,Printer,1,2025-04-11,Ottawa,180,180
12924,1474,Alex Miller,Smartphone,3,2024-12-25,Vancouver,600,1800
12925,454,James Taylor,Mouse,2,2025-01-21,Toronto,30,60
12926,1948,Daniel Johnson,Headphones,1,2024-05-07,Calgary,120,120
12927,629,Sophia Davis,Laptop,2,2025-04-29,Toronto,850,1700
12928,1245,Sarah Johnson,Laptop,3,2024-08-31,Toronto,850,2550
12929,1178,Sophia Jones,External Hard Drive,1,2024-01-19,Montreal,95,95
12930,665,Linda Davis,Smartphone,2,2025-01-30,Toronto,600,1200
12931,12,Emma Smith,Keyboard,2,2025-10-28,Toronto,45,90
12932,1157,Sophia Williams,Monitor,1,2024-08-16,Montreal,300,300
12933,304,Daniel Smith,Smartphone,4,2025-01-02,Montreal,600,2400
12934,1317,Mary Miller,Smartwatch,1,2024-02-27,Montreal,200,200
12935,975,Emma Smith,Smartphone,1,2024-10-07,Ottawa,600,600
12936,1324,Sarah Garcia,Laptop,1,2025-07-10,Montreal,850,850
12937,1764,Emma Jones,Headphones,1,2024-04-11,Ottawa,120,120
12938,783,Daniel Miller,Smartwatch,2,2024-02-17,Calgary,200,400
12939,43,John Miller,External Hard Drive,1,2025-07-15,Ottawa,95,95
12940,944,Linda Miller,Bluetooth Speaker,1,2025-08-15,Calgary,150,150
12941,343,Sophia Miller,Bluetooth Speaker,3,2024-02-28,Montreal,150,450
12942,1350,David Johnson,Keyboard,2,2024-06-09,Montreal,45,90
12943,1838,Sarah Taylor,External Hard Drive,3,2024-04-12,Calgary,95,285
12944,498,David Taylor,Mouse,2,2025-02-15,Vancouver,30,60
12945,364,Sarah Johnson,Printer,4,2024-07-01,Ottawa,180,720
12946,891,James Taylor,Keyboard,4,2025-02-20,Toronto,45,180
12947,427,Emma Johnson,Bluetooth Speaker,2,2024-04-25,Montreal,150,300
12948,1005,John Jones,Printer,4,2025-02-02,Ottawa,180,720
12949,21,John Smith,Mouse,4,2025-11-06,Ottawa,30,120
12950,407,John Miller,External Hard Drive,2,2025-10-16,Montreal,95,190
12951,619,Daniel Taylor,Printer,1,2025-03-12,Calgary,180,180
12952,1015,John Jones,External Hard Drive,3,2024-11-13,Montreal,95,285
12953,336,Daniel Wilson,Mouse,2,2025-08-28,Ottawa,30,60
12954,1839,John Garcia,Monitor,2,2024-09-06,Vancouver,300,600
12955,1141,John Garcia,Smartwatch,2,2025-03-22,Calgary,200,400
12956,1148,John Jones,Printer,3,2025-05-11,Montreal,180,540
12957,399,Sophia Miller,Printer,2,2024-12-08,Toronto,180,360
12958,793,Daniel Smith,External Hard Drive,3,2025-03-02,Montreal,95,285
12959,1828,Daniel Smith,External Hard Drive,3,2024-08-27,Ottawa,95,285
12960,715,Emma Taylor,Printer,4,2024-02-28,Ottawa,180,720
12961,51,Alex Smith,External Hard Drive,1,2025-06-10,Toronto,95,95
12962,1807,Alex Johnson,Headphones,4,2024-07-21,Calgary,120,480
12963,324,Mary Wilson,Headphones,2,2025-04-10,Ottawa,120,240
12964,789,Sophia Smith,Monitor,2,2024-10-22,Calgary,300,600
12965,141,Sarah Smith,Monitor,3,2024-10-13,Calgary,300,900
12966,470,John Williams,Monitor,4,2024-03-13,Montreal,300,1200
12967,787,Mary Brown,Bluetooth Speaker,3,2025-12-26,Calgary,150,450
12968,1826,Daniel Johnson,Bluetooth Speaker,4,2025-06-06,Ottawa,150,600
12969,1358,Sarah Smith,Smartphone,4,2024-12-02,Ottawa,600,2400
12970,1917,Mary Jones,Keyboard,4,2024-11-13,Vancouver,45,180
12971,964,Emma Smith,Smartwatch,4,2024-07-21,Calgary,200,800
12972,1008,James Williams,Headphones,4,2024-08-18,Vancouver,120,480
12973,373,Linda Garcia,Mouse,1,2025-07-16,Montreal,30,30
12974,1588,Linda Johnson,Smartwatch,2,2024-02-26,Vancouver,200,400
12975,494,John Garcia,Smartwatch,4,2025-10-05,Calgary,200,800
12976,1563,Sophia Wilson,Mouse,4,2025-02-23,Ottawa,30,120
12977,1693,Linda Smith,Laptop,3,2024-10-06,Montreal,850,2550
12978,751,Daniel Brown,Printer,2,2024-10-31,Calgary,180,360
12979,1180,Linda Taylor,Keyboard,2,2025-04-10,Montreal,45,90
12980,291,Emma Wilson,Smartphone,2,2024-06-22,Toronto,600,1200
12981,1672,Alex Jones,Monitor,4,2024-09-22,Calgary,300,1200
12982,1168,David Taylor,Mouse,3,2024-09-03,Toronto,30,90
12983,106,James Williams,Bluetooth Speaker,2,2024-03-18,Vancouver,150,300
12984,1444,Sarah Davis,Monitor,3,2025-10-08,Calgary,300,900
12985,670,Daniel Williams,External Hard Drive,1,2025-10-13,Toronto,95,95
12986,1682,Sarah Miller,Mouse,1,2024-09-09,Ottawa,30,30
12987,2,Linda Davis,Monitor,3,2025-04-19,Vancouver,300,900
12988,1969,John Brown,Printer,4,2024-06-24,Calgary,180,720
12989,589,Daniel Miller,Printer,2,2025-02-24,Calgary,180,360
12990,644,Linda Jones,Printer,1,2025-07-25,Ottawa,180,180
12991,90,Alex Jones,Monitor,1,2025-04-05,Ottawa,300,300
12992,1369,John Brown,Printer,3,2024-09-10,Toronto,180,540
12993,350,Sarah Jones,Headphones,4,2025-06-03,Toronto,120,480
12994,1483,Emma Wilson,Bluetooth Speaker,3,2024-04-16,Toronto,150,450
12995,1287,Sarah Brown,Smartphone,3,2024-06-19,Montreal,600,1800
12996,1375,Emma Smith,Mouse,3,2024-02-27,Vancouver,30,90
12997,1132,Emma Miller,Smartwatch,3,2024-12-02,Calgary,200,600
12998,1610,James Taylor,Monitor,3,2024-12-07,Vancouver,300,900
12999,1063,Sophia Smith,Monitor,4,2024-10-16,Ottawa,300,1200
13000,909,Sarah Jones,Bluetooth Speaker,3,2024-03-24,Vancouver,150,450
13001,159,Mary Smith,Laptop,4,2024-04-26,Vancouver,850,3400
13002,1607,Sophia Miller,Keyboard,2,2025-12-12,Toronto,45,90
13003,959,David Wilson,External Hard Drive,2,2025-06-17,Ottawa,95,190
13004,312,Mary Taylor,Mouse,2,2024-08-06,Vancouver,30,60
13005,1265,Sophia Taylor,Laptop,2,2024-04-11,Calgary,850,1700
13006,1962,Daniel Smith,External Hard Drive,1,2025-10-18,Toronto,95,95
13007,445,James Garcia,Keyboard,4,2025-03-31,Vancouver,45,180
13008,298,Alex Williams,Smartwatch,2,2025-10-20,Ottawa,200,400
13009,952,Alex Davis,Monitor,1,2025-06-09,Calgary,300,300
13010,36,Daniel Brown,Printer,4,2024-09-22,Ottawa,180,720
13011,1108,Linda Garcia,Bluetooth Speaker,1,2024-10-13,Ottawa,150,150
13012,1476,Linda Johnson,Mouse,1,2024-05-20,Ottawa,30,30
13013,1910,James Johnson,Bluetooth Speaker,3,2025-02-09,Montreal,150,450
13014,1799,Mary Johnson,Smartphone,1,2024-10-19,Calgary,600,600
13015,1846,John Smith,Smartwatch,1,2024-01-31,Ottawa,200,200
13016,1409,James Jones,Smartphone,4,2024-06-19,Montreal,600,2400
13017,1196,Alex Smith,Keyboard,1,2024-12-20,Toronto,45,45
13018,1400,Emma Miller,Keyboard,3,2024-07-23,Montreal,45,135
13019,1709,John Wilson,Headphones,2,2025-04-22,Toronto,120,240
13020,1386,Mary Smith,Keyboard,2,2024-10-17,Montreal,45,90
13021,559,James Miller,Laptop,4,2024-04-20,Ottawa,850,3400
13022,891,Linda Jones,Laptop,4,2024-03-08,Montreal,850,3400
13023,141,Sarah Williams,Printer,1,2025-11-25,Montreal,180,180
13024,887,Alex Taylor,Monitor,4,2025-01-07,Ottawa,300,1200
13025,1942,Sophia Davis,Bluetooth Speaker,1,2024-07-14,Toronto,150,150
13026,1142,Daniel Smith,Monitor,4,2024-05-05,Ottawa,300,1200
13027,1301,James Taylor,Monitor,2,2025-11-17,Calgary,300,600
13028,726,Sarah Davis,Laptop,2,2024-09-18,Montreal,850,1700
13029,1244,John Jones,Bluetooth Speaker,2,2024-06-03,Calgary,150,300
13030,1929,Alex Jones,Printer,2,2025-08-03,Ottawa,180,360
13031,1050,Sarah Johnson,Smartwatch,1,2024-04-17,Ottawa,200,200
13032,521,Sarah Brown,Headphones,1,2025-02-26,Vancouver,120,120
13033,1807,John Taylor,Laptop,1,2024-02-04,Calgary,850,850
13034,10,Sophia Jones,Smartphone,2,2024-02-13,Vancouver,600,1200
13035,984,Sarah Taylor,Headphones,3,2025-10-16,Calgary,120,360
13036,378,David Williams,Smartwatch,2,2025-12-23,Vancouver,200,400
13037,1657,Alex Jones,Keyboard,2,2025-02-19,Vancouver,45,90
13038,1661,Sarah Smith,Monitor,3,2024-10-11,Calgary,300,900
13039,682,Alex Taylor,Mouse,3,2025-03-22,Ottawa,30,90
13040,584,Emma Garcia,Printer,4,2025-06-01,Toronto,180,720
13041,152,James Johnson,Monitor,2,2025-12-30,Ottawa,300,600
13042,720,John Brown,Keyboard,3,2024-01-27,Toronto,45,135
13043,1073,David Taylor,Smartwatch,4,2024-08-14,Calgary,200,800
13044,1178,John Brown,Smartphone,3,2025-02-28,Montreal,600,1800
13045,859,Alex Jones,Printer,3,2025-07-21,Ottawa,180,540
13046,1317,Alex Wilson,Printer,4,2025-01-02,Vancouver,180,720
13047,1604,John Williams,Smartwatch,2,2024-11-05,Ottawa,200,400
13048,50,Emma Taylor,Headphones,4,2024-04-14,Calgary,120,480
13049,664,Sarah Smith,External Hard Drive,2,2024-01-18,Montreal,95,190
13050,531,Mary Smith,Monitor,3,2024-07-23,Montreal,300,900
13051,1636,Linda Brown,Headphones,4,2024-02-12,Ottawa,120,480
13052,1084,James Jones,Laptop,1,2024-03-29,Ottawa,850,850
13053,1191,Daniel Davis,Smartwatch,3,2025-08-08,Ottawa,200,600
13054,1226,Sarah Jones,Laptop,4,2024-06-05,Calgary,850,3400
13055,857,David Jones,Smartphone,3,2024-09-22,Toronto,600,1800
13056,146,Emma Wilson,Headphones,4,2024-05-13,Toronto,120,480
13057,915,Emma Brown,Mouse,2,2025-04-08,Vancouver,30,60
13058,1700,Linda Garcia,External Hard Drive,1,2025-08-23,Calgary,95,95
13059,1994,Daniel Davis,Smartwatch,3,2024-05-11,Montreal,200,600
13060,993,Alex Smith,Smartwatch,1,2024-02-03,Vancouver,200,200
13061,1463,Sarah Miller,External Hard Drive,2,2024-03-23,Montreal,95,190
13062,242,Alex Smith,Printer,4,2024-05-11,Montreal,180,720
13063,581,Linda Smith,Keyboard,1,2025-03-03,Ottawa,45,45
13064,687,Daniel Smith,Smartphone,4,2024-07-22,Montreal,600,2400
13065,1585,Linda Smith,Headphones,2,2024-12-01,Montreal,120,240
13066,483,James Brown,Smartwatch,3,2025-05-11,Calgary,200,600
13067,1132,Linda Davis,Smartwatch,2,2025-03-17,Ottawa,200,400
13068,1250,John Smith,External Hard Drive,1,2024-09-14,Ottawa,95,95
13069,673,David Miller,Mouse,1,2024-10-18,Vancouver,30,30
13070,631,Daniel Smith,External Hard Drive,1,2024-05-04,Ottawa,95,95
13071,661,Sarah Taylor,External Hard Drive,4,2025-10-24,Toronto,95,380
13072,662,Sophia Taylor,Monitor,3,2024-06-23,Calgary,300,900
13073,1456,Daniel Brown,Headphones,1,2025-05-06,Vancouver,120,120
13074,805,Mary Williams,Printer,1,2024-03-20,Toronto,180,180
13075,1679,Mary Smith,External Hard Drive,1,2025-09-10,Montreal,95,95
13076,419,Alex Davis,Mouse,2,2024-10-31,Toronto,30,60
13077,988,John Johnson,Printer,1,2025-05-24,Vancouver,180,180
13078,1479,John Garcia,Bluetooth Speaker,2,2024-12-09,Ottawa,150,300
13079,1184,David Garcia,Headphones,1,2025-07-23,Calgary,120,120
13080,1547,Alex Davis,Smartwatch,2,2024-03-31,Vancouver,200,400
13081,650,Sophia Miller,Bluetooth Speaker,4,2025-10-08,Toronto,150,600
13082,969,James Johnson,Printer,4,2024-06-17,Toronto,180,720
13083,590,Sophia Jones,Printer,2,2024-11-29,Vancouver,180,360
13084,1101,James Smith,Headphones,3,2025-09-25,Vancouver,120,360
13085,509,David Smith,Keyboard,3,2024-08-23,Vancouver,45,135
13086,441,Sophia Williams,Monitor,2,2025-02-02,Ottawa,300,600
13087,1278,Sarah Johnson,Smartwatch,4,2025-08-10,Vancouver,200,800
13088,921,David Smith,Bluetooth Speaker,2,2025-04-21,Montreal,150,300
13089,770,Daniel Jones,External Hard Drive,3,2025-06-18,Calgary,95,285
13090,1344,Linda Johnson,Smartphone,2,2025-08-07,Calgary,600,1200
13091,1827,Emma Taylor,Keyboard,4,2024-03-28,Montreal,45,180
13092,263,John Williams,Smartwatch,3,2025-09-06,Toronto,200,600
13093,1621,James Miller,Smartphone,3,2025-08-28,Toronto,600,1800
13094,1682,Emma Smith,Monitor,1,2024-09-09,Toronto,300,300
13095,1859,John Garcia,Smartphone,1,2024-12-23,Toronto,600,600
13096,1578,Sarah Jones,External Hard Drive,3,2024-02-27,Ottawa,95,285
13097,1398,James Garcia,Smartphone,3,2025-02-02,Montreal,600,1800
13098,637,Emma Davis,Keyboard,2,2025-06-04,Calgary,45,90
13099,1191,Mary Williams,Laptop,4,2025-06-08,Montreal,850,3400
13100,1961,Emma Smith,Keyboard,3,2025-02-20,Calgary,45,135
13101,1777,Emma Wilson,External Hard Drive,4,2025-01-27,Toronto,95,380
13102,459,Alex Brown,Bluetooth Speaker,3,2025-10-04,Ottawa,150,450
13103,999,Emma Wilson,Laptop,4,2024-08-09,Vancouver,850,3400
13104,1304,Emma Brown,Monitor,1,2024-11-24,Vancouver,300,300
13105,700,Sophia Johnson,Keyboard,3,2025-01-06,Toronto,45,135
13106,302,Alex Johnson,Laptop,2,2025-05-25,Toronto,850,1700
13107,1555,John Johnson,Printer,4,2024-06-01,Montreal,180,720
13108,1604,Sophia Wilson,Keyboard,3,2025-04-24,Ottawa,45,135
13109,1242,Mary Davis,Laptop,1,2025-08-05,Ottawa,850,850
13110,1126,David Brown,Headphones,1,2024-01-20,Montreal,120,120
13111,554,Daniel Miller,Bluetooth Speaker,1,2025-08-15,Ottawa,150,150
13112,288,John Jones,Smartwatch,1,2024-08-15,Ottawa,200,200
13113,1191,James Williams,Smartphone,3,2024-12-11,Vancouver,600,1800
13114,621,Sophia Taylor,Laptop,2,2024-01-19,Ottawa,850,1700
13115,1006,David Wilson,Smartwatch,4,2025-03-19,Toronto,200,800
13116,36,Daniel Wilson,Keyboard,2,2025-11-07,Vancouver,45,90
13117,744,John Johnson,Smartwatch,4,2025-01-02,Toronto,200,800
13118,1765,Alex Williams,Printer,2,2025-09-10,Toronto,180,360
13119,353,Emma Wilson,Mouse,3,2025-12-26,Montreal,30,90
13120,1700,Emma Miller,Mouse,3,2024-05-26,Ottawa,30,90
13121,1923,John Wilson,Bluetooth Speaker,4,2025-11-23,Ottawa,150,600
13122,73,Linda Williams,Laptop,3,2025-05-18,Ottawa,850,2550
13123,648,Sarah Brown,Printer,4,2025-03-05,Ottawa,180,720
13124,1377,James Brown,Smartphone,2,2025-03-15,Vancouver,600,1200
13125,1915,Mary Taylor,Monitor,3,2024-07-16,Calgary,300,900
13126,1094,Sophia Williams,External Hard Drive,3,2024-10-13,Toronto,95,285
13127,425,Sophia Smith,Bluetooth Speaker,4,2025-07-18,Calgary,150,600
13128,999,David Wilson,External Hard Drive,4,2025-01-03,Calgary,95,380
13129,708,John Williams,Mouse,4,2024-08-27,Calgary,30,120
13130,1805,Linda Taylor,Headphones,4,2024-10-13,Vancouver,120,480
13131,561,Sophia Brown,Monitor,1,2025-11-30,Calgary,300,300
13132,828,David Davis,Monitor,4,2025-01-29,Vancouver,300,1200
13133,1666,John Davis,External Hard Drive,1,2025-06-01,Montreal,95,95
13134,956,Sophia Garcia,Headphones,2,2025-07-14,Montreal,120,240
13135,517,Daniel Miller,Keyboard,4,2025-12-12,Montreal,45,180
13136,428,Linda Johnson,Smartwatch,1,2024-02-29,Vancouver,200,200
13137,1563,Alex Williams,Bluetooth Speaker,1,2025-06-28,Vancouver,150,150
13138,160,Sarah Garcia,Printer,1,2024-10-29,Toronto,180,180
13139,149,John Taylor,Monitor,3,2024-08-31,Calgary,300,900
13140,776,Sarah Williams,External Hard Drive,1,2025-11-14,Ottawa,95,95
13141,1254,John Brown,Smartwatch,4,2024-07-25,Ottawa,200,800
13142,1736,David Miller,Mouse,4,2025-01-09,Calgary,30,120
13143,1586,Daniel Wilson,Printer,4,2024-10-09,Ottawa,180,720
13144,67,Daniel Smith,External Hard Drive,1,2025-04-22,Ottawa,95,95
13145,1014,Daniel Garcia,Bluetooth Speaker,1,2024-01-22,Ottawa,150,150
13146,1836,Mary Smith,Smartphone,3,2025-07-12,Vancouver,600,1800
13147,381,John Miller,Monitor,2,2024-12-14,Vancouver,300,600
13148,58,Daniel Davis,Mouse,3,2025-05-03,Vancouver,30,90
13149,1283,David Johnson,Bluetooth Speaker,4,2025-10-31,Calgary,150,600
13150,342,John Johnson,Laptop,4,2024-09-14,Montreal,850,3400
13151,1862,John Brown,Mouse,4,2025-10-16,Ottawa,30,120
13152,1154,Linda Garcia,Printer,3,2024-02-16,Toronto,180,540
13153,727,Alex Taylor,Laptop,4,2024-01-27,Vancouver,850,3400
13154,1196,Daniel Taylor,Mouse,4,2024-01-27,Toronto,30,120
13155,770,David Davis,External Hard Drive,4,2025-01-31,Ottawa,95,380
13156,614,Sophia Brown,Smartphone,1,2024-05-24,Montreal,600,600
13157,1233,Mary Johnson,Smartwatch,2,2025-08-09,Toronto,200,400
13158,1827,David Smith,Smartphone,1,2025-11-29,Ottawa,600,600
13159,354,Mary Wilson,Smartphone,1,2025-06-05,Ottawa,600,600
13160,1495,James Miller,External Hard Drive,2,2024-04-30,Vancouver,95,190
13161,1822,Daniel Davis,Headphones,2,2025-04-06,Montreal,120,240
13162,116,David Wilson,Mouse,3,2025-11-07,Ottawa,30,90
13163,1288,Linda Miller,Smartwatch,2,2025-01-16,Montreal,200,400
13164,662,Sarah Smith,Keyboard,3,2025-11-03,Vancouver,45,135
13165,1836,David Wilson,External Hard Drive,3,2025-02-21,Toronto,95,285
13166,1466,Sophia Garcia,Headphones,1,2024-11-22,Calgary,120,120
13167,1572,David Wilson,External Hard Drive,4,2025-01-25,Calgary,95,380
13168,453,Alex Brown,Headphones,1,2024-10-23,Calgary,120,120
13169,1869,John Wilson,Smartphone,1,2025-09-21,Montreal,600,600
13170,1501,Linda Johnson,Monitor,2,2024-03-24,Calgary,300,600
13171,287,Sophia Wilson,Monitor,2,2024-05-25,Toronto,300,600
13172,1327,Daniel Johnson,Laptop,3,2024-06-19,Ottawa,850,2550
13173,1017,Mary Davis,Keyboard,3,2024-11-29,Montreal,45,135
13174,311,Sarah Smith,Smartwatch,3,2025-02-27,Toronto,200,600
13175,208,Sophia Johnson,Headphones,2,2024-11-04,Montreal,120,240
13176,618,Alex Jones,Mouse,3,2025-06-09,Montreal,30,90
13177,446,Alex Davis,Smartphone,3,2025-10-22,Montreal,600,1800
13178,670,James Johnson,Printer,2,2025-07-22,Vancouver,180,360
13179,633,James Miller,Mouse,4,2024-12-12,Ottawa,30,120
13180,55,Emma Wilson,Mouse,1,2024-10-28,Calgary,30,30
13181,912,Daniel Johnson,Headphones,2,2024-12-12,Vancouver,120,240
13182,1036,James Jones,Smartwatch,3,2025-02-11,Ottawa,200,600
13183,657,Linda Smith,Smartphone,1,2024-05-12,Calgary,600,600
13184,1424,James Miller,Smartphone,2,2025-11-12,Vancouver,600,1200
13185,1932,Sarah Smith,Smartwatch,1,2025-09-05,Vancouver,200,200
13186,1672,Daniel Williams,Monitor,1,2024-04-15,Toronto,300,300
13187,980,Mary Garcia,Bluetooth Speaker,4,2024-06-19,Vancouver,150,600
13188,515,Mary Jones,Laptop,3,2025-10-01,Montreal,850,2550
13189,1680,Linda Garcia,External Hard Drive,2,2024-09-06,Vancouver,95,190
13190,1566,John Smith,Laptop,3,2025-06-27,Montreal,850,2550
13191,237,Sarah Jones,Monitor,4,2025-12-28,Ottawa,300,1200
13192,1303,Daniel Davis,Headphones,4,2024-09-18,Ottawa,120,480
13193,348,James Garcia,Headphones,2,2025-05-08,Montreal,120,240
13194,627,David Jones,Keyboard,2,2024-08-31,Toronto,45,90
13195,1128,John Wilson,Laptop,4,2025-03-26,Toronto,850,3400
13196,630,Linda Wilson,Laptop,2,2024-10-16,Ottawa,850,1700
13197,1541,Alex Jones,External Hard Drive,1,2024-09-19,Vancouver,95,95
13198,1896,Mary Taylor,Headphones,1,2024-11-09,Ottawa,120,120
13199,1272,David Garcia,Mouse,4,2024-03-25,Ottawa,30,120
13200,364,Mary Garcia,Laptop,3,2025-02-18,Montreal,850,2550
13201,321,Sarah Taylor,External Hard Drive,2,2024-11-24,Toronto,95,190
13202,1657,Emma Smith,Smartwatch,2,2024-02-14,Montreal,200,400
13203,286,David Smith,Printer,1,2024-11-28,Ottawa,180,180
13204,149,James Garcia,Smartwatch,2,2025-04-09,Calgary,200,400
13205,1108,Alex Brown,External Hard Drive,3,2024-07-18,Vancouver,95,285
13206,1990,James Williams,Mouse,2,2024-07-19,Ottawa,30,60
13207,406,Alex Garcia,Keyboard,2,2024-11-24,Montreal,45,90
13208,978,Alex Davis,Headphones,1,2025-11-10,Calgary,120,120
13209,456,Mary Smith,Keyboard,2,2024-08-27,Calgary,45,90
13210,1767,Linda Garcia,Keyboard,4,2025-12-02,Ottawa,45,180
13211,800,John Taylor,External Hard Drive,4,2025-08-05,Toronto,95,380
13212,1185,Daniel Brown,Headphones,3,2025-10-18,Calgary,120,360
13213,1013,Alex Williams,Smartphone,3,2024-12-24,Vancouver,600,1800
13214,784,John Wilson,Printer,3,2025-12-21,Montreal,180,540
13215,460,Alex Taylor,Laptop,3,2024-12-25,Montreal,850,2550
13216,1574,Sarah Smith,Keyboard,1,2025-01-12,Montreal,45,45
13217,1524,Sarah Smith,Smartwatch,2,2025-01-19,Ottawa,200,400
13218,738,David Jones,Smartphone,1,2025-12-20,Montreal,600,600
13219,509,James Garcia,Smartphone,3,2025-04-09,Montreal,600,1800
13220,1678,Sarah Davis,Mouse,2,2024-08-09,Vancouver,30,60
13221,1828,Sarah Brown,Keyboard,4,2025-11-05,Toronto,45,180
13222,481,Linda Williams,Keyboard,1,2024-12-30,Ottawa,45,45
13223,1687,Alex Wilson,Bluetooth Speaker,2,2024-03-12,Ottawa,150,300
13224,114,David Davis,External Hard Drive,4,2024-08-27,Montreal,95,380
13225,749,Linda Taylor,Mouse,4,2025-05-18,Vancouver,30,120
13226,1602,David Davis,Smartphone,3,2025-02-17,Calgary,600,1800
13227,361,Linda Taylor,Smartphone,4,2024-05-06,Montreal,600,2400
13228,341,Mary Brown,Bluetooth Speaker,4,2025-05-01,Montreal,150,600
13229,770,Mary Brown,Laptop,3,2025-08-19,Ottawa,850,2550
13230,761,John Garcia,Monitor,2,2025-06-10,Ottawa,300,600
13231,969,Linda Johnson,Smartwatch,2,2024-09-04,Montreal,200,400
13232,449,Sophia Miller,Monitor,3,2025-04-26,Ottawa,300,900
13233,1867,James Smith,Keyboard,1,2024-11-07,Vancouver,45,45
13234,835,James Brown,Headphones,3,2025-03-19,Calgary,120,360
13235,1204,Sophia Miller,Mouse,2,2024-10-09,Calgary,30,60
13236,1726,Sarah Garcia,Keyboard,1,2024-01-02,Calgary,45,45
13237,1431,Daniel Taylor,Laptop,3,2024-03-14,Montreal,850,2550
13238,1690,Mary Miller,Monitor,2,2024-03-04,Montreal,300,600
13239,1220,David Jones,Keyboard,2,2024-12-12,Montreal,45,90
13240,1490,Emma Brown,Smartwatch,2,2024-11-19,Vancouver,200,400
13241,311,Sophia Garcia,Smartphone,4,2024-08-26,Calgary,600,2400
13242,262,David Garcia,External Hard Drive,4,2025-01-31,Ottawa,95,380
13243,1443,Emma Garcia,Printer,1,2024-12-02,Ottawa,180,180
13244,406,Alex Johnson,Keyboard,1,2024-12-06,Toronto,45,45
13245,1963,Daniel Johnson,Laptop,1,2024-10-05,Toronto,850,850
13246,143,Daniel Williams,Mouse,4,2024-12-18,Ottawa,30,120
13247,342,Mary Taylor,Headphones,1,2025-04-07,Calgary,120,120
13248,1340,John Williams,Smartwatch,2,2025-04-06,Montreal,200,400
13249,1125,Daniel Wilson,Bluetooth Speaker,2,2025-12-13,Ottawa,150,300
13250,244,Sarah Wilson,Laptop,1,2024-10-19,Ottawa,850,850
13251,490,Linda Smith,Monitor,1,2025-02-10,Toronto,300,300
13252,12,Emma Miller,External Hard Drive,4,2024-06-10,Calgary,95,380
13253,1263,Daniel Johnson,Monitor,2,2025-05-17,Ottawa,300,600
13254,561,Linda Johnson,Smartphone,3,2025-03-23,Montreal,600,1800
13255,42,Sarah Garcia,External Hard Drive,3,2025-11-25,Montreal,95,285
13256,678,James Wilson,Monitor,4,2025-03-30,Vancouver,300,1200
13257,594,James Smith,Mouse,4,2024-09-21,Montreal,30,120
13258,1453,Mary Miller,Monitor,4,2024-05-11,Ottawa,300,1200
13259,1827,James Brown,Smartwatch,2,2024-04-29,Ottawa,200,400
13260,1182,Daniel Davis,Smartwatch,1,2024-08-06,Montreal,200,200
13261,1240,Linda Miller,Printer,1,2025-02-20,Toronto,180,180
13262,1694,John Jones,Monitor,4,2025-11-02,Calgary,300,1200
13263,1486,Emma Brown,Mouse,2,2025-05-19,Ottawa,30,60
13264,134,James Taylor,Mouse,3,2024-10-26,Montreal,30,90
13265,1091,Alex Jones,Keyboard,4,2024-04-18,Montreal,45,180
13266,1872,James Brown,Headphones,2,2024-08-25,Ottawa,120,240
13267,1031,Emma Johnson,External Hard Drive,4,2024-10-19,Vancouver,95,380
13268,948,Linda Garcia,Laptop,2,2025-08-01,Calgary,850,1700
13269,1550,Sarah Wilson,Bluetooth Speaker,2,2024-07-05,Ottawa,150,300
13270,73,Sophia Davis,External Hard Drive,4,2024-02-05,Montreal,95,380
13271,399,James Brown,External Hard Drive,1,2025-07-14,Vancouver,95,95
13272,1429,Linda Jones,Smartphone,4,2024-09-12,Ottawa,600,2400
13273,1699,John Brown,External Hard Drive,1,2025-03-10,Calgary,95,95
13274,578,John Williams,Smartphone,1,2025-09-10,Vancouver,600,600
13275,859,Emma Brown,Keyboard,3,2024-01-08,Montreal,45,135
13276,130,Sarah Wilson,Headphones,2,2024-06-26,Toronto,120,240
13277,931,Alex Miller,Mouse,4,2024-08-29,Calgary,30,120
13278,1490,Linda Davis,Printer,2,2024-02-10,Vancouver,180,360
13279,1230,Daniel Davis,Mouse,3,2024-12-22,Ottawa,30,90
13280,1812,John Garcia,Monitor,1,2024-04-22,Ottawa,300,300
13281,1792,David Wilson,Bluetooth Speaker,4,2024-06-14,Vancouver,150,600
13282,266,Emma Jones,Headphones,2,2025-05-18,Ottawa,120,240
13283,1561,David Johnson,Headphones,3,2024-03-18,Vancouver,120,360
13284,1986,Alex Taylor,Keyboard,1,2025-12-19,Calgary,45,45
13285,793,Daniel Davis,Bluetooth Speaker,1,2024-07-14,Ottawa,150,150
13286,253,John Brown,Monitor,2,2025-02-05,Calgary,300,600
13287,822,Mary Smith,Monitor,1,2024-03-04,Montreal,300,300
13288,1313,Daniel Garcia,Printer,3,2025-10-13,Montreal,180,540
13289,164,David Johnson,Laptop,1,2025-02-28,Montreal,850,850
13290,95,John Davis,Mouse,4,2024-02-11,Montreal,30,120
13291,1806,Mary Smith,External Hard Drive,4,2025-01-07,Ottawa,95,380
13292,833,Mary Davis,Bluetooth Speaker,2,2024-11-01,Vancouver,150,300
13293,1134,James Taylor,Monitor,3,2024-07-27,Ottawa,300,900
13294,336,Linda Jones,Monitor,1,2025-04-11,Ottawa,300,300
13295,822,Alex Brown,Laptop,1,2024-10-30,Calgary,850,850
13296,238,Daniel Williams,Headphones,1,2025-08-07,Vancouver,120,120
13297,381,Daniel Williams,Monitor,4,2025-01-26,Toronto,300,1200
13298,1460,Mary Williams,Printer,3,2024-06-01,Toronto,180,540
13299,899,Linda Miller,Monitor,1,2025-10-08,Vancouver,300,300
13300,483,David Smith,Monitor,2,2024-12-27,Toronto,300,600
13301,1961,Alex Jones,Laptop,3,2024-09-20,Vancouver,850,2550
13302,902,Linda Smith,Printer,3,2024-08-03,Calgary,180,540
13303,1049,Daniel Brown,Smartwatch,1,2025-12-21,Calgary,200,200
13304,1677,Emma Brown,Smartphone,4,2025-12-16,Ottawa,600,2400
13305,1141,Mary Garcia,Laptop,3,2025-09-13,Toronto,850,2550
13306,482,Alex Miller,Headphones,2,2025-06-26,Vancouver,120,240
13307,1416,Mary Davis,Headphones,3,2025-06-07,Calgary,120,360
13308,917,Sarah Wilson,Bluetooth Speaker,4,2025-09-30,Ottawa,150,600
13309,994,Emma Wilson,Laptop,2,2024-07-12,Toronto,850,1700
13310,964,James Garcia,Keyboard,4,2025-10-13,Toronto,45,180
13311,537,Alex Jones,Laptop,1,2024-01-27,Toronto,850,850
13312,1103,Mary Taylor,Smartwatch,3,2024-02-15,Calgary,200,600
13313,1604,James Garcia,Monitor,2,2025-10-08,Calgary,300,600
13314,1197,Daniel Davis,Laptop,4,2024-02-27,Toronto,850,3400
13315,1980,Emma Taylor,Keyboard,1,2024-01-13,Calgary,45,45
13316,1036,Sophia Wilson,External Hard Drive,2,2025-09-03,Toronto,95,190
13317,1824,Linda Taylor,Keyboard,3,2024-02-18,Montreal,45,135
13318,128,Mary Johnson,Headphones,3,2024-04-03,Calgary,120,360
13319,1632,Sarah Wilson,Smartwatch,4,2025-08-29,Vancouver,200,800
13320,92,James Johnson,Monitor,2,2025-10-18,Calgary,300,600
13321,1677,Sophia Davis,Keyboard,1,2025-08-06,Toronto,45,45
13322,543,Daniel Garcia,Smartwatch,1,2025-03-26,Vancouver,200,200
13323,846,Alex Smith,External Hard Drive,1,2025-01-13,Ottawa,95,95
13324,1556,Mary Johnson,Printer,4,2024-01-10,Vancouver,180,720
13325,1682,Sarah Miller,Printer,1,2025-11-04,Vancouver,180,180
13326,989,Sarah Wilson,Printer,2,2025-12-26,Calgary,180,360
13327,1852,Sarah Miller,External Hard Drive,4,2025-05-30,Vancouver,95,380
13328,447,Linda Taylor,Monitor,3,2024-08-11,Vancouver,300,900
13329,390,Emma Smith,Smartphone,4,2025-01-15,Toronto,600,2400
13330,672,Sophia Brown,Smartphone,4,2025-06-24,Calgary,600,2400
13331,1885,Linda Brown,Smartwatch,4,2024-10-28,Toronto,200,800
13332,43,Mary Jones,Printer,2,2024-07-21,Calgary,180,360
13333,254,John Wilson,Headphones,3,2025-08-11,Ottawa,120,360
13334,1154,James Brown,Monitor,3,2025-07-24,Vancouver,300,900
13335,1084,Sarah Miller,Smartphone,4,2024-07-14,Calgary,600,2400
13336,663,Alex Davis,Laptop,4,2024-11-17,Vancouver,850,3400
13337,467,Linda Wilson,Bluetooth Speaker,4,2025-02-21,Vancouver,150,600
13338,287,David Williams,Mouse,2,2025-09-10,Montreal,30,60
13339,1011,Alex Taylor,External Hard Drive,2,2024-12-07,Toronto,95,190
13340,1541,John Brown,External Hard Drive,1,2025-01-23,Calgary,95,95
13341,1491,Alex Davis,Smartphone,3,2024-01-09,Ottawa,600,1800
13342,1954,James Smith,External Hard Drive,1,2025-06-15,Montreal,95,95
13343,778,Alex Garcia,Printer,1,2024-05-28,Toronto,180,180
13344,345,Daniel Davis,Mouse,4,2025-01-17,Ottawa,30,120
13345,642,James Garcia,Headphones,2,2025-06-12,Ottawa,120,240
13346,382,Linda Brown,Laptop,1,2024-01-12,Vancouver,850,850
13347,1803,John Davis,Smartwatch,1,2025-04-20,Toronto,200,200
13348,690,John Smith,Mouse,1,2025-08-16,Montreal,30,30
13349,1277,Daniel Taylor,Headphones,4,2025-08-01,Calgary,120,480
13350,1951,James Williams,External Hard Drive,4,2025-10-06,Calgary,95,380
13351,1080,Linda Smith,Smartphone,2,2024-02-22,Montreal,600,1200
13352,1487,James Miller,Keyboard,1,2025-03-11,Vancouver,45,45
13353,457,Sarah Davis,Smartwatch,1,2024-07-24,Vancouver,200,200
13354,983,Alex Smith,Monitor,2,2024-02-23,Ottawa,300,600
13355,83,Sarah Brown,Bluetooth Speaker,2,2025-08-02,Toronto,150,300
13356,1929,John Johnson,Smartphone,2,2025-05-04,Ottawa,600,1200
13357,1123,David Garcia,External Hard Drive,3,2024-12-09,Calgary,95,285
13358,149,John Williams,Smartphone,2,2024-06-17,Montreal,600,1200
13359,1353,Sarah Jones,Printer,4,2024-06-09,Toronto,180,720
13360,1180,James Garcia,External Hard Drive,3,2025-06-10,Montreal,95,285
13361,190,Linda Smith,Smartphone,2,2025-12-03,Toronto,600,1200
13362,1518,James Brown,Mouse,4,2025-06-10,Calgary,30,120
13363,883,Linda Garcia,Mouse,2,2024-10-13,Calgary,30,60
13364,263,James Taylor,Laptop,2,2025-02-15,Toronto,850,1700
13365,1104,Linda Wilson,Laptop,3,2025-06-05,Vancouver,850,2550
13366,400,Daniel Smith,Smartwatch,4,2025-07-22,Toronto,200,800
13367,764,John Smith,Smartphone,1,2024-07-17,Calgary,600,600
13368,609,Sophia Taylor,Laptop,2,2024-06-09,Montreal,850,1700
13369,1284,James Brown,Printer,3,2025-01-23,Ottawa,180,540
13370,1796,Mary Williams,Headphones,4,2025-04-18,Montreal,120,480
13371,1639,Alex Davis,Laptop,2,2025-01-15,Calgary,850,1700
13372,1576,Emma Garcia,Smartphone,1,2025-09-22,Montreal,600,600
13373,785,Linda Brown,Mouse,4,2025-08-14,Vancouver,30,120
13374,101,Linda Johnson,Bluetooth Speaker,4,2024-05-03,Vancouver,150,600
13375,1383,James Taylor,Keyboard,3,2024-03-12,Toronto,45,135
13376,1404,James Williams,Monitor,2,2024-06-16,Montreal,300,600
13377,820,Sophia Williams,Laptop,2,2024-10-10,Montreal,850,1700
13378,1245,James Williams,Monitor,4,2025-05-08,Calgary,300,1200
13379,820,David Davis,Keyboard,2,2024-02-05,Toronto,45,90
13380,420,Emma Brown,Smartwatch,4,2024-06-23,Toronto,200,800
13381,124,Emma Jones,Mouse,1,2024-07-17,Montreal,30,30
13382,422,Alex Jones,Mouse,3,2024-04-25,Ottawa,30,90
13383,1255,Alex Taylor,Keyboard,2,2024-11-10,Montreal,45,90
13384,1714,James Smith,Smartphone,2,2024-08-07,Montreal,600,1200
13385,1087,Daniel Wilson,Monitor,3,2025-07-31,Montreal,300,900
13386,1509,David Wilson,Monitor,1,2024-05-13,Vancouver,300,300
13387,1652,Emma Miller,Keyboard,1,2025-09-22,Toronto,45,45
13388,1727,David Brown,Monitor,1,2024-05-01,Vancouver,300,300
13389,1598,Sophia Williams,Smartphone,1,2025-02-24,Ottawa,600,600
13390,768,Emma Brown,Mouse,1,2025-05-06,Calgary,30,30
13391,483,Linda Garcia,Smartwatch,4,2025-08-21,Ottawa,200,800
13392,519,Daniel Miller,Printer,2,2024-10-15,Toronto,180,360
13393,155,David Johnson,Mouse,2,2025-10-10,Calgary,30,60
13394,92,Mary Wilson,Headphones,2,2024-02-22,Ottawa,120,240
13395,982,Mary Johnson,Headphones,4,2024-07-23,Toronto,120,480
13396,1550,Alex Brown,Mouse,3,2024-12-13,Ottawa,30,90
13397,455,Sarah Davis,Smartphone,1,2024-02-20,Calgary,600,600
13398,1765,Daniel Johnson,Printer,3,2024-02-09,Calgary,180,540
13399,598,Sarah Wilson,Smartwatch,1,2024-09-06,Ottawa,200,200
13400,1669,Mary Taylor,Monitor,1,2024-08-05,Vancouver,300,300
13401,510,John Taylor,Headphones,3,2024-06-27,Ottawa,120,360
13402,1207,Sophia Wilson,Headphones,2,2025-07-04,Ottawa,120,240
13403,386,James Garcia,Headphones,4,2024-07-01,Ottawa,120,480
13404,1598,Sarah Williams,External Hard Drive,3,2024-06-12,Vancouver,95,285
13405,1755,Mary Garcia,Smartphone,2,2025-01-11,Montreal,600,1200
13406,405,Mary Wilson,Mouse,1,2025-12-05,Calgary,30,30
13407,246,Sarah Smith,Printer,2,2025-05-11,Toronto,180,360
13408,742,Sarah Brown,Mouse,1,2025-08-19,Calgary,30,30
13409,1615,Linda Davis,External Hard Drive,1,2025-04-05,Calgary,95,95
13410,661,Sophia Johnson,Headphones,2,2025-04-18,Montreal,120,240
13411,650,Linda Miller,Keyboard,1,2025-11-15,Calgary,45,45
13412,1495,Emma Jones,External Hard Drive,4,2024-02-06,Calgary,95,380
13413,1850,Emma Taylor,Smartphone,2,2025-08-21,Vancouver,600,1200
13414,1912,James Brown,Smartwatch,3,2025-10-02,Vancouver,200,600
13415,1447,Sarah Taylor,Monitor,1,2025-12-06,Vancouver,300,300
13416,901,Daniel Williams,Bluetooth Speaker,1,2024-11-14,Vancouver,150,150
13417,65,Alex Johnson,Printer,4,2025-07-08,Vancouver,180,720
13418,1037,David Williams,External Hard Drive,4,2025-02-15,Toronto,95,380
13419,213,Sophia Davis,Smartwatch,3,2024-12-21,Montreal,200,600
13420,242,Linda Johnson,Bluetooth Speaker,1,2025-11-01,Ottawa,150,150
13421,493,Alex Taylor,Smartwatch,3,2025-09-08,Vancouver,200,600
13422,1237,Daniel Wilson,Mouse,3,2024-08-16,Montreal,30,90
13423,1717,David Brown,Mouse,1,2025-12-29,Ottawa,30,30
13424,338,Mary Garcia,Headphones,3,2024-09-20,Calgary,120,360
13425,173,Linda Taylor,Laptop,3,2025-05-01,Calgary,850,2550
13426,672,James Smith,Monitor,4,2025-07-14,Montreal,300,1200
13427,164,John Taylor,Smartphone,4,2024-12-17,Toronto,600,2400
13428,465,Mary Taylor,Smartphone,3,2025-03-17,Toronto,600,1800
13429,995,Alex Smith,Headphones,1,2025-09-26,Montreal,120,120
13430,497,David Brown,Mouse,4,2025-04-03,Toronto,30,120
13431,700,John Garcia,Headphones,3,2024-01-25,Toronto,120,360
13432,395,Linda Wilson,Keyboard,2,2024-05-10,Calgary,45,90
13433,703,Alex Wilson,External Hard Drive,2,2025-01-04,Toronto,95,190
13434,1941,Daniel Smith,External Hard Drive,3,2025-03-11,Toronto,95,285
13435,308,Alex Miller,Printer,2,2024-08-11,Montreal,180,360
13436,1792,Sophia Williams,Mouse,4,2025-09-02,Toronto,30,120
13437,183,David Wilson,Laptop,1,2024-12-17,Vancouver,850,850
13438,629,Linda Davis,Keyboard,3,2025-04-29,Vancouver,45,135
13439,1818,James Williams,Keyboard,4,2024-07-15,Montreal,45,180
13440,510,Sarah Williams,Mouse,1,2024-04-18,Vancouver,30,30
13441,1732,David Jones,External Hard Drive,2,2024-08-07,Calgary,95,190
13442,546,Sophia Wilson,Bluetooth Speaker,2,2025-12-20,Montreal,150,300
13443,1588,Mary Davis,External Hard Drive,2,2024-11-14,Toronto,95,190
13444,624,John Smith,Printer,2,2024-03-22,Vancouver,180,360
13445,1788,Sarah Taylor,Printer,4,2025-06-20,Calgary,180,720
13446,594,James Johnson,Mouse,4,2025-11-28,Montreal,30,120
13447,744,Mary Smith,Monitor,1,2025-03-07,Montreal,300,300
13448,1251,Emma Johnson,Monitor,3,2024-01-08,Toronto,300,900
13449,1769,James Wilson,Laptop,1,2025-09-27,Ottawa,850,850
13450,1757,Linda Taylor,Monitor,3,2024-05-28,Vancouver,300,900
13451,1460,Mary Taylor,Smartwatch,2,2024-04-07,Calgary,200,400
13452,1949,Emma Wilson,Smartwatch,2,2025-12-28,Montreal,200,400
13453,1446,James Smith,Smartphone,2,2024-04-10,Vancouver,600,1200
13454,554,Daniel Johnson,Smartwatch,2,2025-12-30,Calgary,200,400
13455,21,Sarah Wilson,Bluetooth Speaker,4,2025-01-01,Calgary,150,600
13456,554,Sarah Brown,Bluetooth Speaker,1,2025-04-06,Montreal,150,150
13457,397,John Davis,Bluetooth Speaker,3,2025-02-17,Vancouver,150,450
13458,625,Linda Taylor,Smartwatch,3,2024-09-15,Calgary,200,600
13459,105,Sarah Miller,Laptop,4,2024-12-21,Montreal,850,3400
13460,192,Linda Williams,External Hard Drive,2,2024-01-11,Vancouver,95,190
13461,17,Linda Taylor,Mouse,1,2025-02-19,Vancouver,30,30
13462,1144,Sophia Brown,Headphones,2,2025-07-24,Montreal,120,240
13463,393,Sarah Taylor,Smartphone,4,2024-09-06,Vancouver,600,2400
13464,425,John Williams,Printer,3,2025-10-13,Ottawa,180,540
13465,129,Emma Taylor,Keyboard,4,2025-07-03,Calgary,45,180
13466,1154,Daniel Garcia,Printer,3,2024-05-01,Calgary,180,540
13467,572,Sarah Davis,Smartphone,1,2024-03-05,Vancouver,600,600
13468,1584,Emma Brown,Printer,3,2025-10-19,Montreal,180,540
13469,29,Daniel Taylor,External Hard Drive,1,2024-10-28,Toronto,95,95
13470,1121,Sarah Johnson,Printer,2,2024-05-04,Vancouver,180,360
13471,1034,Emma Jones,Printer,2,2024-11-07,Toronto,180,360
13472,242,Mary Taylor,External Hard Drive,4,2024-07-09,Vancouver,95,380
13473,1850,Linda Taylor,External Hard Drive,1,2025-03-25,Toronto,95,95
13474,1980,John Miller,Smartwatch,2,2025-11-24,Vancouver,200,400
13475,232,Sarah Brown,External Hard Drive,1,2024-06-07,Montreal,95,95
13476,789,Mary Davis,Headphones,2,2024-12-18,Toronto,120,240
13477,1308,Daniel Brown,Monitor,2,2025-11-04,Ottawa,300,600
13478,715,Linda Wilson,Headphones,3,2024-09-19,Montreal,120,360
13479,759,Mary Davis,Printer,4,2025-12-29,Vancouver,180,720
13480,802,David Jones,Headphones,3,2025-02-09,Toronto,120,360
13481,776,James Wilson,Smartphone,1,2025-11-23,Calgary,600,600
13482,1979,Sarah Wilson,Mouse,2,2025-08-25,Montreal,30,60
13483,726,Emma Wilson,Monitor,4,2024-01-17,Toronto,300,1200
13484,200,Sarah Brown,Mouse,2,2025-09-28,Montreal,30,60
13485,945,Mary Wilson,Keyboard,2,2024-09-16,Toronto,45,90
13486,79,Mary Miller,Headphones,3,2024-12-20,Calgary,120,360
13487,1937,David Jones,Mouse,1,2025-05-03,Ottawa,30,30
13488,956,Sarah Miller,External Hard Drive,4,2024-08-01,Calgary,95,380
13489,1879,David Williams,Laptop,4,2024-08-26,Vancouver,850,3400
13490,856,Daniel Miller,Laptop,4,2024-06-28,Montreal,850,3400
13491,1197,Emma Taylor,External Hard Drive,1,2025-02-22,Ottawa,95,95
13492,467,Emma Brown,Mouse,4,2025-11-14,Montreal,30,120
13493,581,Emma Miller,Printer,1,2024-05-22,Toronto,180,180
13494,1440,John Jones,External Hard Drive,4,2024-11-12,Vancouver,95,380
13495,940,Emma Miller,Monitor,2,2024-08-31,Vancouver,300,600
13496,449,Sophia Wilson,Bluetooth Speaker,1,2024-08-19,Montreal,150,150
13497,87,Alex Johnson,Smartphone,3,2025-11-14,Vancouver,600,1800
13498,101,Sarah Garcia,Printer,4,2025-08-11,Montreal,180,720
13499,1032,Sophia Brown,Monitor,3,2024-10-29,Toronto,300,900
13500,845,Sarah Brown,Mouse,1,2024-11-26,Toronto,30,30
13501,1224,Emma Johnson,Printer,2,2025-07-14,Montreal,180,360
13502,1529,Sarah Miller,Printer,3,2024-09-04,Calgary,180,540
13503,87,David Brown,Mouse,3,2024-10-09,Calgary,30,90
13504,43,Mary Wilson,External Hard Drive,2,2024-10-13,Toronto,95,190
13505,1409,John Wilson,Mouse,2,2024-02-01,Ottawa,30,60
13506,1645,John Davis,Headphones,1,2025-05-14,Calgary,120,120
13507,1459,Linda Davis,Headphones,4,2025-10-31,Montreal,120,480
13508,408,Alex Brown,Smartphone,3,2025-06-13,Toronto,600,1800
13509,1507,John Williams,Laptop,3,2025-01-15,Vancouver,850,2550
13510,664,Mary Taylor,Smartwatch,1,2024-03-03,Vancouver,200,200
13511,1041,Sophia Brown,Smartphone,4,2024-05-07,Calgary,600,2400
13512,1669,James Davis,Smartphone,1,2025-06-11,Ottawa,600,600
13513,148,Daniel Miller,Bluetooth Speaker,3,2024-06-11,Calgary,150,450
13514,277,John Garcia,Smartwatch,3,2024-09-07,Ottawa,200,600
13515,232,John Brown,Laptop,2,2025-10-10,Calgary,850,1700
13516,1850,David Garcia,Printer,2,2024-10-21,Vancouver,180,360
13517,1951,Daniel Davis,Smartwatch,4,2024-06-27,Ottawa,200,800
13518,366,Daniel Brown,Bluetooth Speaker,3,2024-08-16,Vancouver,150,450
13519,1252,David Taylor,Keyboard,3,2025-01-28,Montreal,45,135
13520,1675,Sophia Smith,Smartphone,2,2025-11-22,Montreal,600,1200
13521,436,Sophia Davis,Mouse,1,2025-01-30,Toronto,30,30
13522,399,John Taylor,Smartphone,1,2024-03-12,Vancouver,600,600
13523,1235,Emma Miller,External Hard Drive,3,2024-11-13,Vancouver,95,285
13524,1415,John Johnson,Bluetooth Speaker,3,2025-08-17,Toronto,150,450
13525,499,David Johnson,Smartphone,4,2025-01-13,Montreal,600,2400
13526,540,Emma Smith,Smartphone,4,2024-05-15,Montreal,600,2400
13527,563,Linda Garcia,Smartwatch,2,2025-12-30,Ottawa,200,400
13528,1515,Sophia Garcia,Smartwatch,3,2025-09-12,Ottawa,200,600
13529,442,Linda Brown,Mouse,1,2025-01-12,Montreal,30,30
13530,1285,John Johnson,Monitor,4,2024-04-28,Calgary,300,1200
13531,773,David Taylor,External Hard Drive,2,2025-06-13,Vancouver,95,190
13532,350,David Taylor,Mouse,2,2025-10-27,Ottawa,30,60
13533,1376,John Smith,Keyboard,1,2025-06-06,Calgary,45,45
13534,520,Daniel Johnson,External Hard Drive,4,2025-10-11,Ottawa,95,380
13535,1344,James Taylor,Smartwatch,1,2025-01-21,Toronto,200,200
13536,138,Sarah Davis,Smartphone,2,2025-07-27,Vancouver,600,1200
13537,1574,Sophia Jones,Printer,3,2025-08-05,Ottawa,180,540
13538,1647,John Williams,Smartphone,1,2025-07-26,Montreal,600,600
13539,992,Emma Brown,Laptop,2,2025-10-05,Toronto,850,1700
13540,368,Emma Jones,Mouse,3,2025-07-26,Toronto,30,90
13541,1244,Emma Taylor,External Hard Drive,3,2024-09-25,Montreal,95,285
13542,1361,Linda Johnson,Printer,4,2025-06-07,Toronto,180,720
13543,1247,James Brown,Laptop,4,2025-06-30,Vancouver,850,3400
13544,1672,John Taylor,Keyboard,2,2025-04-30,Ottawa,45,90
13545,1792,Alex Wilson,Smartphone,1,2025-03-13,Toronto,600,600
13546,360,Emma Miller,Monitor,3,2025-07-16,Vancouver,300,900
13547,921,Linda Williams,Bluetooth Speaker,4,2025-07-08,Montreal,150,600
13548,329,Sophia Jones,Laptop,4,2024-04-20,Ottawa,850,3400
13549,962,James Wilson,Smartphone,1,2024-11-17,Montreal,600,600
13550,463,David Jones,Smartphone,4,2025-06-10,Ottawa,600,2400
13551,946,Sarah Miller,External Hard Drive,2,2024-06-25,Toronto,95,190
13552,963,Mary Brown,External Hard Drive,1,2025-11-04,Toronto,95,95
13553,1585,John Johnson,Monitor,3,2025-07-04,Ottawa,300,900
13554,1828,Mary Garcia,Laptop,2,2025-06-21,Vancouver,850,1700
13555,1406,Sophia Johnson,Smartwatch,3,2025-09-15,Vancouver,200,600
13556,836,Linda Jones,External Hard Drive,3,2025-04-17,Vancouver,95,285
13557,1614,Alex Jones,Bluetooth Speaker,4,2025-07-16,Calgary,150,600
13558,1641,David Jones,Smartphone,2,2025-01-22,Vancouver,600,1200
13559,169,Alex Brown,Smartphone,2,2024-04-07,Toronto,600,1200
13560,217,Sarah Davis,Keyboard,1,2025-02-14,Calgary,45,45
13561,378,Mary Taylor,Keyboard,2,2025-01-09,Vancouver,45,90
13562,119,Sarah Williams,Monitor,1,2024-06-18,Toronto,300,300
13563,190,John Taylor,Laptop,2,2024-02-25,Calgary,850,1700
13564,767,Sophia Smith,Headphones,3,2024-11-20,Toronto,120,360
13565,370,Sophia Davis,Printer,1,2025-10-19,Ottawa,180,180
13566,1802,Daniel Garcia,External Hard Drive,2,2024-09-16,Toronto,95,190
13567,149,David Garcia,Laptop,1,2025-10-02,Calgary,850,850
13568,1700,Emma Brown,Smartphone,4,2025-07-15,Vancouver,600,2400
13569,652,Emma Davis,Mouse,4,2024-12-05,Calgary,30,120
13570,1883,Sarah Jones,Keyboard,1,2025-02-07,Vancouver,45,45
13571,1512,Daniel Davis,Printer,1,2025-06-15,Vancouver,180,180
13572,770,Sarah Miller,External Hard Drive,3,2024-06-22,Montreal,95,285
13573,374,Emma Davis,Smartwatch,2,2025-06-21,Ottawa,200,400
13574,781,Emma Wilson,Smartwatch,4,2024-06-08,Montreal,200,800
13575,1717,Sarah Taylor,Keyboard,4,2024-01-10,Calgary,45,180
13576,160,Alex Garcia,Laptop,2,2025-08-16,Montreal,850,1700
13577,351,John Wilson,External Hard Drive,4,2024-09-12,Vancouver,95,380
13578,1936,John Johnson,Printer,4,2025-09-08,Calgary,180,720
13579,1312,Sophia Wilson,Smartphone,1,2025-10-13,Montreal,600,600
13580,1312,James Brown,Laptop,4,2025-12-14,Toronto,850,3400
13581,892,James Miller,Keyboard,4,2024-12-09,Ottawa,45,180
13582,1250,Mary Brown,Monitor,4,2025-06-19,Toronto,300,1200
13583,523,Emma Taylor,Headphones,2,2025-01-07,Calgary,120,240
13584,522,David Taylor,Laptop,3,2025-03-10,Montreal,850,2550
13585,783,Sarah Johnson,Bluetooth Speaker,1,2024-02-15,Vancouver,150,150
13586,273,Sarah Garcia,External Hard Drive,3,2025-12-29,Montreal,95,285
13587,936,David Jones,Smartwatch,4,2024-02-24,Calgary,200,800
13588,1426,Emma Brown,Bluetooth Speaker,4,2024-03-18,Calgary,150,600
13589,183,Sophia Miller,Laptop,4,2025-05-05,Calgary,850,3400
13590,1993,Mary Johnson,Laptop,3,2025-11-01,Calgary,850,2550
13591,1689,Daniel Davis,Bluetooth Speaker,2,2024-09-28,Montreal,150,300
13592,488,Emma Wilson,Monitor,2,2025-10-21,Toronto,300,600
13593,1851,Linda Jones,Bluetooth Speaker,1,2025-07-03,Vancouver,150,150
13594,846,John Miller,Smartphone,3,2024-04-20,Vancouver,600,1800
13595,124,Linda Brown,Printer,2,2024-01-15,Ottawa,180,360
13596,985,Alex Brown,Bluetooth Speaker,1,2024-03-18,Calgary,150,150
13597,1650,Alex Davis,Bluetooth Speaker,4,2025-05-15,Calgary,150,600
13598,790,Emma Johnson,External Hard Drive,4,2025-08-10,Calgary,95,380
13599,414,Emma Taylor,Printer,1,2025-02-21,Toronto,180,180
13600,1749,Mary Brown,Headphones,2,2024-10-01,Calgary,120,240
13601,1196,Emma Davis,Bluetooth Speaker,3,2025-05-08,Ottawa,150,450
13602,1312,Alex Davis,Bluetooth Speaker,1,2024-07-15,Ottawa,150,150
13603,1459,Daniel Taylor,Smartphone,2,2025-01-10,Toronto,600,1200
13604,686,Sarah Davis,Smartwatch,1,2025-12-31,Calgary,200,200
13605,113,Daniel Garcia,Smartphone,2,2024-03-03,Montreal,600,1200
13606,888,Sophia Wilson,Bluetooth Speaker,4,2024-12-26,Montreal,150,600
13607,1941,David Jones,External Hard Drive,1,2025-06-27,Vancouver,95,95
13608,122,Alex Jones,Smartphone,3,2024-04-19,Toronto,600,1800
13609,1568,Sophia Jones,External Hard Drive,1,2025-11-07,Montreal,95,95
13610,1246,Sarah Garcia,Printer,4,2024-07-12,Vancouver,180,720
13611,1655,James Miller,External Hard Drive,4,2025-06-02,Ottawa,95,380
13612,39,David Jones,Monitor,2,2025-10-12,Vancouver,300,600
13613,497,Emma Johnson,Mouse,4,2025-04-03,Calgary,30,120
13614,780,Sarah Garcia,Printer,2,2024-10-27,Calgary,180,360
13615,1257,Sophia Smith,Mouse,4,2025-07-21,Ottawa,30,120
13616,943,Mary Jones,Bluetooth Speaker,2,2025-11-02,Toronto,150,300
13617,1554,Daniel Taylor,Bluetooth Speaker,3,2025-05-10,Calgary,150,450
13618,149,James Taylor,Monitor,2,2024-05-28,Calgary,300,600
13619,1421,David Smith,Laptop,2,2025-04-05,Vancouver,850,1700
13620,1022,Linda Garcia,Mouse,3,2024-05-18,Vancouver,30,90
13621,661,James Johnson,Smartphone,2,2024-10-18,Vancouver,600,1200
13622,1662,David Williams,Monitor,2,2024-11-30,Montreal,300,600
13623,1928,Daniel Taylor,Printer,3,2025-11-29,Ottawa,180,540
13624,302,John Miller,Headphones,4,2024-07-02,Toronto,120,480
13625,1384,Alex Wilson,Smartphone,1,2024-11-02,Vancouver,600,600
13626,238,David Miller,External Hard Drive,2,2024-09-18,Toronto,95,190
13627,647,Daniel Wilson,Bluetooth Speaker,4,2024-11-05,Vancouver,150,600
13628,663,Sophia Wilson,Printer,1,2024-12-09,Calgary,180,180
13629,236,Sarah Miller,Monitor,3,2025-02-27,Toronto,300,900
13630,1760,David Jones,Mouse,2,2025-10-18,Montreal,30,60
13631,203,Sarah Johnson,Mouse,2,2025-05-28,Vancouver,30,60
13632,256,Linda Wilson,Keyboard,3,2025-06-07,Ottawa,45,135
13633,598,John Davis,Bluetooth Speaker,2,2024-09-17,Calgary,150,300
13634,662,Linda Brown,Smartphone,1,2024-12-27,Vancouver,600,600
13635,235,John Williams,External Hard Drive,1,2024-06-17,Toronto,95,95
13636,1369,Daniel Johnson,External Hard Drive,3,2025-10-21,Vancouver,95,285
13637,534,Alex Johnson,Bluetooth Speaker,2,2024-07-18,Calgary,150,300
13638,860,Mary Taylor,Keyboard,4,2025-01-19,Ottawa,45,180
13639,1821,Sophia Brown,Keyboard,2,2024-11-07,Ottawa,45,90
13640,1805,James Garcia,Smartphone,3,2025-08-04,Ottawa,600,1800
13641,1490,Alex Johnson,Keyboard,4,2024-11-07,Calgary,45,180
13642,770,Sophia Brown,Monitor,1,2025-07-19,Vancouver,300,300
13643,541,James Smith,Keyboard,1,2025-01-29,Calgary,45,45
13644,213,Linda Wilson,Mouse,4,2024-12-16,Calgary,30,120
13645,463,Alex Davis,Smartwatch,4,2024-01-28,Vancouver,200,800
13646,436,Linda Garcia,Laptop,3,2025-09-23,Montreal,850,2550
13647,283,Alex Brown,Mouse,2,2024-05-12,Ottawa,30,60
13648,1586,Sarah Brown,Mouse,1,2025-01-14,Toronto,30,30
13649,1631,Daniel Williams,Headphones,2,2025-08-24,Toronto,120,240
13650,1487,Linda Garcia,Headphones,1,2025-06-11,Vancouver,120,120
13651,1431,Sophia Jones,Bluetooth Speaker,2,2024-10-13,Toronto,150,300
13652,88,David Miller,Headphones,1,2024-10-10,Montreal,120,120
13653,1068,Emma Davis,Bluetooth Speaker,2,2025-10-10,Calgary,150,300
13654,461,Emma Davis,Mouse,3,2024-08-14,Ottawa,30,90
13655,278,Sarah Miller,Laptop,1,2025-03-02,Toronto,850,850
13656,1707,James Jones,Smartphone,3,2024-01-27,Toronto,600,1800
13657,421,David Johnson,Smartphone,1,2024-11-27,Vancouver,600,600
13658,1725,James Miller,Smartwatch,1,2024-04-26,Vancouver,200,200
13659,1377,John Williams,Printer,1,2024-03-29,Calgary,180,180
13660,696,Alex Brown,Smartphone,2,2025-09-10,Ottawa,600,1200
13661,515,James Taylor,Printer,1,2024-05-01,Toronto,180,180
13662,703,Sarah Garcia,Keyboard,3,2024-02-02,Calgary,45,135
13663,1654,Daniel Brown,External Hard Drive,2,2025-08-25,Ottawa,95,190
13664,19,David Williams,Mouse,2,2025-11-26,Calgary,30,60
13665,23,Emma Miller,Laptop,1,2025-02-01,Toronto,850,850
13666,413,Emma Williams,Bluetooth Speaker,4,2025-06-08,Vancouver,150,600
13667,1054,Sophia Brown,Printer,2,2024-01-24,Vancouver,180,360
13668,1831,David Smith,Smartwatch,1,2024-11-20,Vancouver,200,200
13669,108,Linda Jones,Smartphone,3,2024-02-03,Montreal,600,1800
13670,1391,Sophia Wilson,Monitor,4,2024-09-03,Calgary,300,1200
13671,1305,Sophia Garcia,Smartphone,2,2024-01-19,Toronto,600,1200
13672,1152,Alex Williams,Headphones,4,2024-01-30,Calgary,120,480
13673,1253,Sarah Jones,Mouse,2,2024-02-18,Vancouver,30,60
13674,1135,Daniel Wilson,Headphones,4,2024-06-28,Calgary,120,480
13675,136,Emma Smith,Smartphone,4,2025-01-04,Ottawa,600,2400
13676,362,Sophia Smith,Monitor,3,2025-01-29,Calgary,300,900
13677,1210,Mary Davis,Headphones,4,2025-08-12,Montreal,120,480
13678,1680,Sophia Smith,Laptop,3,2025-05-10,Montreal,850,2550
13679,1608,Alex Davis,Headphones,1,2025-03-06,Vancouver,120,120
13680,129,Daniel Garcia,Monitor,2,2024-07-25,Toronto,300,600
13681,1900,Sophia Wilson,Headphones,3,2024-02-04,Ottawa,120,360
13682,1285,Emma Brown,Printer,2,2025-08-05,Toronto,180,360
13683,515,Sophia Smith,Keyboard,3,2025-02-16,Toronto,45,135
13684,449,Sophia Davis,Bluetooth Speaker,2,2024-12-29,Ottawa,150,300
13685,1924,Sophia Smith,Smartphone,3,2024-11-05,Montreal,600,1800
13686,1128,Linda Davis,Printer,2,2024-10-05,Vancouver,180,360
13687,1507,David Jones,Bluetooth Speaker,1,2024-05-31,Calgary,150,150
13688,1248,James Brown,Keyboard,2,2024-08-14,Montreal,45,90
13689,1856,Linda Davis,Printer,1,2024-08-30,Vancouver,180,180
13690,874,John Johnson,Smartwatch,1,2024-01-10,Montreal,200,200
13691,1890,Sarah Garcia,Printer,1,2025-01-26,Ottawa,180,180
13692,1515,Emma Miller,Laptop,4,2024-02-17,Toronto,850,3400
13693,473,John Taylor,Monitor,2,2025-09-15,Ottawa,300,600
13694,1034,David Davis,Smartphone,4,2024-07-22,Calgary,600,2400
13695,1429,Linda Wilson,Mouse,4,2024-06-05,Ottawa,30,120
13696,1920,Sophia Williams,Bluetooth Speaker,2,2024-01-26,Toronto,150,300
13697,302,David Davis,Headphones,1,2025-02-24,Montreal,120,120
13698,231,Sophia Jones,Smartphone,4,2025-11-08,Vancouver,600,2400
13699,1755,Daniel Taylor,Mouse,4,2024-09-20,Calgary,30,120
13700,923,Sarah Williams,Keyboard,3,2025-06-12,Montreal,45,135
13701,1090,Sophia Smith,Printer,2,2025-08-10,Vancouver,180,360
13702,937,Sophia Jones,Mouse,4,2025-04-14,Toronto,30,120
13703,112,John Williams,Smartwatch,2,2024-09-10,Ottawa,200,400
13704,1037,Mary Williams,Smartphone,2,2025-12-18,Montreal,600,1200
13705,1417,Sophia Jones,Smartphone,4,2025-06-29,Vancouver,600,2400
13706,500,John Davis,Smartphone,2,2024-05-26,Vancouver,600,1200
13707,932,John Wilson,Monitor,1,2024-11-21,Ottawa,300,300
13708,598,Alex Brown,Keyboard,4,2024-12-03,Montreal,45,180
13709,234,Linda Taylor,Monitor,4,2024-04-27,Montreal,300,1200
13710,602,Linda Miller,Smartphone,4,2024-06-13,Toronto,600,2400
13711,314,John Jones,Smartwatch,3,2025-07-03,Montreal,200,600
13712,566,Linda Garcia,Headphones,3,2025-10-10,Ottawa,120,360
13713,1036,John Jones,Smartwatch,3,2024-07-16,Montreal,200,600
13714,209,Alex Johnson,Bluetooth Speaker,3,2025-01-08,Toronto,150,450
13715,1998,Sophia Davis,Keyboard,4,2025-07-31,Vancouver,45,180
13716,1038,Emma Davis,Printer,1,2025-08-14,Montreal,180,180
13717,1657,David Wilson,Smartphone,2,2025-07-17,Ottawa,600,1200
13718,1442,David Johnson,Mouse,2,2024-05-08,Montreal,30,60
13719,1461,Alex Williams,Headphones,4,2025-02-17,Calgary,120,480
13720,1401,David Brown,Printer,1,2025-01-14,Toronto,180,180
13721,1044,James Jones,External Hard Drive,2,2024-01-01,Vancouver,95,190
13722,587,David Miller,Smartwatch,1,2024-06-15,Calgary,200,200
13723,1936,James Taylor,Headphones,4,2024-01-16,Ottawa,120,480
13724,1779,Emma Garcia,External Hard Drive,3,2025-10-18,Montreal,95,285
13725,1759,Daniel Williams,Monitor,1,2024-04-21,Toronto,300,300
13726,1015,David Jones,External Hard Drive,2,2025-01-02,Montreal,95,190
13727,1094,Sophia Wilson,Printer,2,2024-04-11,Montreal,180,360
13728,1848,James Jones,Keyboard,2,2025-08-16,Montreal,45,90
13729,1235,Alex Smith,Smartwatch,3,2025-02-09,Montreal,200,600
13730,1125,Daniel Jones,Headphones,1,2025-05-21,Toronto,120,120
13731,698,Daniel Taylor,External Hard Drive,1,2025-09-02,Calgary,95,95
13732,132,Sarah Jones,Smartwatch,2,2025-11-01,Ottawa,200,400
13733,1647,Sarah Johnson,Headphones,1,2024-02-09,Calgary,120,120
13734,1405,John Garcia,Headphones,2,2025-10-28,Toronto,120,240
13735,1156,Sarah Jones,Printer,1,2025-07-01,Ottawa,180,180
13736,1044,Linda Garcia,Smartwatch,3,2025-01-15,Vancouver,200,600
13737,1930,Sophia Davis,Printer,3,2025-05-30,Calgary,180,540
13738,536,Sarah Miller,External Hard Drive,4,2025-05-11,Toronto,95,380
13739,1014,Sarah Davis,Bluetooth Speaker,4,2024-10-07,Toronto,150,600
13740,227,John Jones,Keyboard,4,2024-12-16,Toronto,45,180
13741,1178,Emma Taylor,Bluetooth Speaker,1,2024-11-29,Ottawa,150,150
13742,1829,Sarah Davis,Laptop,3,2025-06-07,Montreal,850,2550
13743,1766,Daniel Jones,Smartphone,3,2024-10-09,Vancouver,600,1800
13744,1493,Sarah Wilson,Bluetooth Speaker,3,2025-12-28,Ottawa,150,450
13745,822,David Wilson,Monitor,2,2024-11-14,Ottawa,300,600
13746,871,Sophia Williams,Keyboard,1,2025-02-17,Calgary,45,45
13747,405,James Jones,Smartphone,1,2025-08-16,Vancouver,600,600
13748,202,Emma Williams,External Hard Drive,4,2024-01-14,Toronto,95,380
13749,38,David Jones,Printer,2,2024-02-25,Ottawa,180,360
13750,942,Daniel Wilson,Monitor,2,2025-02-06,Vancouver,300,600
13751,1796,Linda Williams,Smartphone,3,2024-12-07,Calgary,600,1800
13752,188,Mary Brown,Smartphone,4,2024-07-17,Montreal,600,2400
13753,1081,Mary Jones,Headphones,1,2025-11-08,Vancouver,120,120
13754,941,Linda Jones,Laptop,2,2024-10-18,Toronto,850,1700
13755,1044,Mary Jones,Printer,3,2025-10-19,Ottawa,180,540
13756,273,Daniel Williams,External Hard Drive,1,2025-03-16,Montreal,95,95
13757,1143,Emma Johnson,Smartwatch,3,2024-03-18,Calgary,200,600
13758,583,Alex Brown,Bluetooth Speaker,1,2024-04-21,Toronto,150,150
13759,516,Daniel Williams,Keyboard,3,2025-06-18,Montreal,45,135
13760,1245,John Smith,Laptop,1,2025-01-09,Calgary,850,850
13761,526,James Davis,Headphones,4,2024-04-25,Toronto,120,480
13762,1539,Mary Wilson,Headphones,1,2024-05-21,Ottawa,120,120
13763,1752,Daniel Jones,Smartphone,1,2024-07-15,Calgary,600,600
13764,1765,Alex Brown,Mouse,1,2025-06-23,Montreal,30,30
13765,336,Alex Miller,Bluetooth Speaker,3,2024-10-25,Toronto,150,450
13766,698,Sarah Garcia,Laptop,2,2024-03-16,Vancouver,850,1700
13767,1079,David Smith,Smartphone,1,2025-06-13,Toronto,600,600
13768,500,Daniel Smith,Laptop,1,2024-04-09,Montreal,850,850
13769,900,Linda Smith,Monitor,4,2025-04-23,Montreal,300,1200
13770,1912,Alex Taylor,Printer,1,2025-04-12,Vancouver,180,180
13771,766,David Taylor,Keyboard,4,2025-09-27,Montreal,45,180
13772,536,James Taylor,Bluetooth Speaker,1,2024-10-18,Toronto,150,150
13773,162,Sophia Wilson,Headphones,3,2024-05-04,Calgary,120,360
13774,1694,Linda Wilson,Mouse,2,2025-06-02,Toronto,30,60
13775,594,Sophia Wilson,External Hard Drive,2,2024-01-23,Montreal,95,190
13776,1939,Emma Williams,Smartwatch,2,2024-06-10,Vancouver,200,400
13777,159,Daniel Davis,Printer,3,2025-09-20,Vancouver,180,540
13778,1212,David Jones,Bluetooth Speaker,4,2025-05-20,Ottawa,150,600
13779,60,John Johnson,Monitor,2,2024-01-21,Vancouver,300,600
13780,915,Emma Brown,Bluetooth Speaker,3,2025-04-08,Vancouver,150,450
13781,1841,Sophia Miller,External Hard Drive,3,2025-04-27,Montreal,95,285
13782,1343,Emma Jones,Keyboard,1,2025-05-16,Calgary,45,45
13783,1902,John Wilson,Keyboard,4,2024-11-04,Calgary,45,180
13784,211,Alex Brown,Laptop,3,2025-08-18,Montreal,850,2550
13785,406,Mary Williams,Smartphone,4,2025-07-06,Vancouver,600,2400
13786,664,Mary Wilson,Keyboard,2,2024-07-21,Toronto,45,90
13787,1133,Emma Davis,Mouse,2,2025-02-19,Calgary,30,60
13788,1100,Sophia Brown,Smartwatch,2,2025-10-01,Montreal,200,400
13789,542,Linda Taylor,Monitor,1,2024-05-21,Toronto,300,300
13790,1338,Linda Smith,External Hard Drive,1,2025-09-06,Vancouver,95,95
13791,998,Linda Brown,Headphones,4,2024-04-16,Montreal,120,480
13792,1141,Alex Brown,Keyboard,4,2025-06-12,Calgary,45,180
13793,927,Emma Taylor,Headphones,1,2025-06-20,Toronto,120,120
13794,868,Sophia Jones,Keyboard,3,2025-07-29,Toronto,45,135
13795,1728,Sarah Wilson,Mouse,4,2025-11-18,Calgary,30,120
13796,19,Daniel Smith,Headphones,4,2024-10-17,Toronto,120,480
13797,432,Mary Garcia,Smartphone,2,2024-11-06,Calgary,600,1200
13798,1709,David Davis,Monitor,4,2025-10-29,Montreal,300,1200
13799,740,John Taylor,Smartwatch,4,2025-01-19,Ottawa,200,800
13800,1374,David Brown,Mouse,3,2024-02-22,Vancouver,30,90
13801,183,Emma Johnson,Smartphone,4,2025-08-07,Montreal,600,2400
13802,113,Mary Wilson,Smartwatch,3,2024-07-01,Vancouver,200,600
13803,1207,Sarah Williams,Smartphone,2,2025-01-03,Vancouver,600,1200
13804,481,James Taylor,Smartphone,1,2025-12-01,Calgary,600,600
13805,1170,Emma Johnson,Smartphone,2,2024-01-13,Ottawa,600,1200
13806,831,Alex Brown,Laptop,3,2025-07-12,Vancouver,850,2550
13807,1652,Linda Brown,Smartwatch,3,2024-06-08,Vancouver,200,600
13808,1137,David Williams,Smartphone,4,2024-10-10,Montreal,600,2400
13809,763,Alex Garcia,Printer,4,2025-07-18,Ottawa,180,720
13810,476,Emma Brown,Printer,1,2024-10-13,Ottawa,180,180
13811,763,Linda Davis,Keyboard,3,2024-01-08,Vancouver,45,135
13812,1327,James Johnson,Monitor,3,2024-03-12,Ottawa,300,900
13813,971,Alex Taylor,Headphones,2,2024-04-07,Montreal,120,240
13814,1849,Emma Williams,Keyboard,1,2024-03-27,Calgary,45,45
13815,1020,James Johnson,Laptop,2,2024-04-10,Vancouver,850,1700
13816,1142,Alex Davis,Printer,4,2024-10-07,Toronto,180,720
13817,1837,James Taylor,Smartwatch,4,2024-10-15,Vancouver,200,800
13818,161,Alex Smith,Monitor,2,2024-07-14,Vancouver,300,600
13819,401,Alex Jones,Monitor,4,2025-01-25,Calgary,300,1200
13820,198,James Williams,Headphones,2,2025-08-31,Toronto,120,240
13821,1284,John Miller,Smartwatch,3,2025-03-25,Toronto,200,600
13822,660,Mary Brown,External Hard Drive,3,2025-01-02,Toronto,95,285
13823,1776,Sarah Miller,Headphones,4,2025-03-05,Calgary,120,480
13824,1071,Linda Davis,Monitor,1,2024-04-05,Ottawa,300,300
13825,399,David Davis,Laptop,3,2024-09-17,Toronto,850,2550
13826,1734,Mary Smith,Mouse,4,2025-05-26,Ottawa,30,120
13827,1583,Emma Garcia,Mouse,1,2024-04-30,Montreal,30,30
13828,78,John Johnson,Printer,4,2024-12-31,Calgary,180,720
13829,124,Emma Miller,Monitor,2,2024-11-27,Ottawa,300,600
13830,75,John Taylor,Laptop,4,2024-02-21,Toronto,850,3400
13831,1895,Alex Davis,Headphones,2,2025-01-30,Toronto,120,240
13832,137,Sophia Williams,Laptop,3,2024-11-13,Ottawa,850,2550
13833,602,Alex Smith,Bluetooth Speaker,3,2025-11-05,Ottawa,150,450
13834,1424,Daniel Taylor,Headphones,4,2025-12-02,Montreal,120,480
13835,837,Linda Miller,Smartphone,1,2024-10-03,Calgary,600,600
13836,1529,Daniel Smith,Headphones,4,2025-08-19,Vancouver,120,480
13837,500,Linda Jones,Printer,4,2024-07-12,Montreal,180,720
13838,1597,Linda Garcia,Mouse,3,2025-11-23,Montreal,30,90
13839,138,David Johnson,Headphones,3,2024-01-21,Montreal,120,360
13840,50,Mary Taylor,Smartphone,4,2025-02-02,Toronto,600,2400
13841,1795,David Brown,Bluetooth Speaker,3,2025-12-15,Ottawa,150,450
13842,973,Emma Brown,Laptop,2,2024-07-20,Calgary,850,1700
13843,1643,Sophia Davis,Smartwatch,4,2025-04-10,Toronto,200,800
13844,1649,John Jones,Mouse,3,2024-05-30,Montreal,30,90
13845,1886,Daniel Williams,Laptop,4,2024-06-07,Calgary,850,3400
13846,254,John Garcia,Bluetooth Speaker,3,2024-11-05,Toronto,150,450
13847,1654,David Johnson,Smartwatch,2,2025-05-18,Vancouver,200,400
13848,710,John Brown,Monitor,2,2024-01-26,Montreal,300,600
13849,1873,Daniel Smith,Keyboard,4,2024-03-06,Toronto,45,180
13850,1901,Sarah Garcia,Printer,2,2024-09-19,Toronto,180,360
13851,563,Sophia Taylor,Laptop,2,2025-04-16,Montreal,850,1700
13852,757,Sophia Taylor,External Hard Drive,3,2024-06-15,Vancouver,95,285
13853,1939,Sophia Williams,Smartwatch,4,2024-06-02,Ottawa,200,800
13854,1450,Sophia Wilson,Monitor,3,2024-12-08,Vancouver,300,900
13855,547,James Johnson,External Hard Drive,3,2025-12-18,Montreal,95,285
13856,1326,Daniel Garcia,Keyboard,1,2025-02-16,Ottawa,45,45
13857,922,David Brown,Keyboard,2,2025-10-26,Toronto,45,90
13858,581,James Johnson,Mouse,3,2024-07-02,Vancouver,30,90
13859,1373,Alex Wilson,External Hard Drive,3,2025-11-01,Vancouver,95,285
13860,1856,Sarah Williams,Mouse,3,2024-07-12,Ottawa,30,90
13861,1957,Alex Jones,Mouse,2,2024-01-02,Toronto,30,60
13862,49,Alex Wilson,Mouse,2,2024-08-02,Vancouver,30,60
13863,917,Alex Johnson,Mouse,2,2025-11-17,Ottawa,30,60
13864,1098,David Miller,Monitor,4,2025-08-09,Vancouver,300,1200
13865,704,John Miller,Printer,3,2025-09-30,Toronto,180,540
13866,261,Emma Brown,Headphones,2,2025-04-27,Toronto,120,240
13867,356,Sarah Miller,Monitor,3,2025-07-14,Calgary,300,900
13868,1606,Sophia Wilson,Bluetooth Speaker,4,2024-02-01,Ottawa,150,600
13869,1626,Linda Davis,Mouse,1,2025-10-31,Montreal,30,30
13870,1284,David Wilson,Smartwatch,4,2024-01-15,Vancouver,200,800
13871,638,Sarah Taylor,Smartwatch,2,2024-11-13,Toronto,200,400
13872,743,Linda Jones,External Hard Drive,2,2024-08-30,Vancouver,95,190
13873,1319,John Jones,External Hard Drive,4,2024-01-17,Vancouver,95,380
13874,1010,David Wilson,Bluetooth Speaker,3,2025-06-17,Montreal,150,450
13875,931,John Jones,Monitor,2,2024-03-21,Toronto,300,600
13876,641,James Miller,Smartwatch,2,2025-10-17,Calgary,200,400
13877,792,Linda Davis,Smartphone,4,2025-03-11,Ottawa,600,2400
13878,1337,Linda Jones,Smartphone,3,2024-01-08,Vancouver,600,1800
13879,612,Emma Jones,Headphones,4,2025-11-09,Montreal,120,480
13880,1862,Daniel Garcia,Smartphone,4,2024-10-13,Montreal,600,2400
13881,809,Emma Williams,Laptop,3,2024-07-04,Ottawa,850,2550
13882,1206,Sarah Taylor,Mouse,3,2025-06-07,Ottawa,30,90
13883,686,David Brown,Bluetooth Speaker,1,2025-02-25,Toronto,150,150
13884,1852,Sophia Davis,External Hard Drive,4,2025-04-10,Vancouver,95,380
13885,1388,David Taylor,Laptop,3,2024-03-23,Vancouver,850,2550
13886,188,Alex Jones,Printer,2,2025-07-20,Ottawa,180,360
13887,1593,Alex Taylor,Mouse,1,2025-10-04,Calgary,30,30
13888,1567,David Smith,Smartwatch,4,2025-09-28,Vancouver,200,800
13889,1620,Linda Taylor,Mouse,3,2025-04-27,Montreal,30,90
13890,1688,Sarah Williams,External Hard Drive,1,2024-11-20,Ottawa,95,95
13891,985,Sophia Johnson,Keyboard,1,2025-02-22,Vancouver,45,45
13892,548,Sarah Johnson,Keyboard,2,2024-02-20,Toronto,45,90
13893,725,John Taylor,Laptop,1,2024-01-27,Ottawa,850,850
13894,926,Alex Garcia,Monitor,4,2025-11-07,Montreal,300,1200
13895,1432,Linda Davis,Smartwatch,3,2025-06-28,Toronto,200,600
13896,876,Mary Miller,External Hard Drive,1,2024-03-02,Ottawa,95,95
13897,618,Sophia Garcia,External Hard Drive,1,2025-10-18,Ottawa,95,95
13898,414,Sarah Miller,External Hard Drive,4,2024-06-19,Vancouver,95,380
13899,1366,David Wilson,Smartphone,2,2024-10-12,Toronto,600,1200
13900,1244,Sophia Johnson,External Hard Drive,2,2024-04-26,Ottawa,95,190
13901,903,James Davis,Keyboard,3,2024-01-04,Montreal,45,135
13902,163,John Smith,Printer,4,2024-03-06,Toronto,180,720
13903,1975,Sarah Jones,Bluetooth Speaker,2,2024-02-29,Vancouver,150,300
13904,1244,Sarah Davis,Mouse,3,2025-05-16,Calgary,30,90
13905,270,Alex Davis,Bluetooth Speaker,3,2024-08-16,Ottawa,150,450
13906,632,Sophia Miller,Keyboard,2,2024-04-09,Calgary,45,90
13907,906,Linda Garcia,Keyboard,4,2024-04-28,Ottawa,45,180
13908,1872,Sophia Davis,Printer,1,2024-03-09,Vancouver,180,180
13909,1424,Linda Miller,Headphones,2,2025-10-25,Vancouver,120,240
13910,1206,Emma Miller,Laptop,1,2024-08-08,Vancouver,850,850
13911,1642,Sophia Smith,Smartphone,1,2024-08-10,Vancouver,600,600
13912,1753,David Brown,Monitor,4,2025-11-07,Toronto,300,1200
13913,205,Sophia Miller,External Hard Drive,4,2025-05-18,Toronto,95,380
13914,582,Mary Davis,External Hard Drive,3,2024-07-29,Ottawa,95,285
13915,1580,James Jones,Printer,4,2025-07-28,Toronto,180,720
13916,841,Sophia Jones,Headphones,3,2024-09-18,Ottawa,120,360
13917,1837,John Wilson,External Hard Drive,2,2025-06-01,Toronto,95,190
13918,1252,Sarah Johnson,Smartphone,1,2024-09-04,Toronto,600,600
13919,1720,Sarah Wilson,Laptop,4,2024-09-13,Toronto,850,3400
13920,1643,Mary Williams,Smartphone,2,2024-03-03,Montreal,600,1200
13921,596,Mary Jones,Headphones,3,2025-01-26,Vancouver,120,360
13922,1874,Alex Taylor,Keyboard,4,2025-06-23,Montreal,45,180
13923,250,Mary Wilson,Smartphone,1,2025-02-20,Toronto,600,600
13924,875,David Taylor,Bluetooth Speaker,2,2024-02-22,Toronto,150,300
13925,1465,David Smith,Smartphone,4,2024-02-07,Montreal,600,2400
13926,1557,Linda Davis,Keyboard,4,2024-11-03,Ottawa,45,180
13927,196,John Wilson,External Hard Drive,2,2025-10-12,Vancouver,95,190
13928,690,Sophia Garcia,Mouse,3,2024-02-22,Ottawa,30,90
13929,1953,James Jones,Mouse,3,2025-08-28,Vancouver,30,90
13930,1543,Alex Wilson,Mouse,4,2025-08-28,Calgary,30,120
13931,1094,James Taylor,External Hard Drive,3,2025-03-27,Vancouver,95,285
13932,639,Emma Garcia,Printer,3,2025-04-05,Ottawa,180,540
13933,1423,Linda Jones,Laptop,2,2025-04-30,Vancouver,850,1700
13934,672,Sophia Brown,Laptop,3,2024-05-16,Calgary,850,2550
13935,1784,James Johnson,External Hard Drive,3,2025-01-06,Calgary,95,285
13936,1227,Alex Johnson,Smartphone,2,2024-09-12,Toronto,600,1200
13937,1172,David Davis,Monitor,4,2025-01-29,Calgary,300,1200
13938,1496,Emma Taylor,Laptop,4,2024-02-06,Montreal,850,3400
13939,1679,John Taylor,Bluetooth Speaker,2,2025-10-15,Ottawa,150,300
13940,944,Daniel Smith,Bluetooth Speaker,1,2024-05-26,Montreal,150,150
13941,199,John Taylor,Smartwatch,2,2024-01-08,Montreal,200,400
13942,1941,Sophia Miller,Bluetooth Speaker,1,2024-09-07,Ottawa,150,150
13943,1450,Linda Wilson,Laptop,3,2025-10-08,Montreal,850,2550
13944,1690,Sarah Garcia,Monitor,4,2025-07-24,Montreal,300,1200
13945,492,Sarah Johnson,Keyboard,1,2025-09-26,Montreal,45,45
13946,1912,Sophia Davis,Mouse,1,2025-03-22,Calgary,30,30
13947,896,Sarah Wilson,Smartphone,3,2024-09-19,Ottawa,600,1800
13948,142,Daniel Garcia,Keyboard,4,2025-09-23,Ottawa,45,180
13949,1337,John Davis,Monitor,3,2025-03-14,Ottawa,300,900
13950,165,David Davis,Printer,4,2024-09-15,Montreal,180,720
13951,314,Daniel Johnson,Mouse,4,2024-11-18,Calgary,30,120
13952,21,Sarah Williams,Smartwatch,3,2025-06-13,Ottawa,200,600
13953,1106,Mary Brown,Printer,1,2024-10-27,Vancouver,180,180
13954,1605,Sophia Wilson,Laptop,2,2025-04-29,Ottawa,850,1700
13955,1155,Linda Taylor,Monitor,4,2024-04-01,Toronto,300,1200
13956,1623,Mary Johnson,Mouse,4,2024-06-12,Vancouver,30,120
13957,1754,James Garcia,Smartwatch,2,2025-10-17,Ottawa,200,400
13958,1957,Sophia Miller,Smartphone,2,2024-11-30,Montreal,600,1200
13959,984,Emma Garcia,Smartphone,3,2024-11-10,Ottawa,600,1800
13960,305,John Wilson,External Hard Drive,4,2024-08-25,Calgary,95,380
13961,1939,John Brown,Laptop,3,2025-11-16,Calgary,850,2550
13962,371,Daniel Jones,Bluetooth Speaker,2,2024-03-23,Ottawa,150,300
13963,1881,Daniel Wilson,Monitor,3,2025-10-30,Montreal,300,900
13964,853,Linda Smith,Smartwatch,4,2024-04-18,Montreal,200,800
13965,384,Emma Davis,Smartwatch,1,2024-06-26,Montreal,200,200
13966,1932,Linda Wilson,Bluetooth Speaker,1,2024-09-06,Ottawa,150,150
13967,445,James Williams,Bluetooth Speaker,4,2025-07-20,Ottawa,150,600
13968,425,James Johnson,Printer,3,2025-10-28,Toronto,180,540
13969,161,Linda Miller,Mouse,2,2024-03-31,Calgary,30,60
13970,1202,Mary Williams,Printer,2,2024-12-04,Vancouver,180,360
13971,629,Sophia Garcia,Headphones,1,2025-09-29,Vancouver,120,120
13972,1732,Sophia Garcia,Headphones,3,2024-06-17,Calgary,120,360
13973,895,John Johnson,Laptop,2,2024-05-18,Toronto,850,1700
13974,490,Sarah Wilson,External Hard Drive,2,2025-05-31,Calgary,95,190
13975,1017,Alex Miller,Monitor,4,2025-07-31,Toronto,300,1200
13976,327,James Garcia,Smartwatch,3,2025-09-14,Toronto,200,600
13977,598,James Brown,Mouse,3,2024-07-02,Montreal,30,90
13978,1015,Linda Jones,Smartphone,2,2024-06-18,Calgary,600,1200
13979,289,Emma Williams,Smartphone,3,2024-12-27,Vancouver,600,1800
13980,593,John Davis,Keyboard,3,2024-08-31,Ottawa,45,135
13981,1688,Sophia Johnson,Bluetooth Speaker,3,2024-05-17,Ottawa,150,450
13982,1597,James Miller,Laptop,4,2024-01-28,Calgary,850,3400
13983,573,David Williams,Keyboard,2,2025-06-02,Ottawa,45,90
13984,1378,Mary Taylor,Keyboard,1,2025-02-01,Toronto,45,45
13985,28,Linda Jones,External Hard Drive,3,2024-11-28,Ottawa,95,285
13986,954,Mary Taylor,Monitor,2,2024-11-12,Toronto,300,600
13987,43,James Miller,Smartwatch,1,2025-07-16,Toronto,200,200
13988,1705,Daniel Taylor,Mouse,4,2025-03-01,Vancouver,30,120
13989,423,David Wilson,Smartphone,2,2024-05-15,Ottawa,600,1200
13990,1622,Daniel Smith,Smartphone,4,2025-11-20,Vancouver,600,2400
13991,177,David Wilson,Smartphone,2,2025-10-02,Ottawa,600,1200
13992,529,James Miller,Headphones,4,2025-12-09,Toronto,120,480
13993,1634,Linda Davis,Monitor,2,2024-09-23,Ottawa,300,600
13994,966,John Williams,Laptop,4,2024-04-16,Vancouver,850,3400
13995,1518,John Miller,Smartphone,1,2025-07-13,Montreal,600,600
13996,198,Sarah Smith,External Hard Drive,2,2024-05-17,Vancouver,95,190
13997,610,Daniel Williams,Smartphone,1,2025-09-06,Montreal,600,600
13998,1601,Linda Davis,Laptop,3,2024-02-16,Calgary,850,2550
13999,842,Sophia Wilson,Headphones,1,2025-10-26,Vancouver,120,120
14000,853,Daniel Garcia,External Hard Drive,2,2025-01-02,Ottawa,95,190
14001,1541,Emma Brown,Keyboard,1,2024-01-06,Montreal,45,45
14002,1538,Mary Jones,Laptop,2,2025-06-06,Ottawa,850,1700
14003,22,John Brown,Keyboard,4,2025-06-12,Montreal,45,180
14004,1136,John Brown,Bluetooth Speaker,3,2025-10-16,Vancouver,150,450
14005,1081,Sarah Davis,Printer,1,2024-09-28,Vancouver,180,180
14006,1090,David Jones,Smartphone,3,2024-03-06,Ottawa,600,1800
14007,842,John Garcia,Laptop,1,2025-02-23,Vancouver,850,850
14008,98,Sarah Taylor,Printer,2,2024-12-04,Ottawa,180,360
14009,1168,David Johnson,Mouse,1,2025-05-12,Toronto,30,30
14010,1904,John Wilson,External Hard Drive,3,2025-04-13,Montreal,95,285
14011,435,Mary Miller,Monitor,1,2024-11-26,Ottawa,300,300
14012,637,John Smith,Bluetooth Speaker,3,2025-09-30,Montreal,150,450
14013,1703,Daniel Williams,Mouse,3,2024-05-10,Toronto,30,90
14014,1110,Daniel Jones,Mouse,2,2025-06-13,Montreal,30,60
14015,588,James Smith,Bluetooth Speaker,4,2025-12-19,Ottawa,150,600
14016,344,Linda Garcia,Keyboard,4,2025-08-23,Vancouver,45,180
14017,1960,John Wilson,Laptop,1,2025-03-13,Montreal,850,850
14018,1318,Alex Smith,Smartwatch,3,2024-08-30,Montreal,200,600
14019,1980,John Miller,Smartphone,2,2025-04-07,Toronto,600,1200
14020,571,Linda Smith,External Hard Drive,4,2024-12-15,Calgary,95,380
14021,1674,Alex Davis,Headphones,2,2024-01-17,Vancouver,120,240
14022,611,Emma Brown,Laptop,2,2025-04-10,Ottawa,850,1700
14023,1728,Alex Brown,Smartphone,3,2024-12-28,Toronto,600,1800
14024,243,James Williams,Laptop,1,2024-07-28,Ottawa,850,850
14025,1855,Sarah Brown,Mouse,3,2025-09-02,Ottawa,30,90
14026,561,Emma Wilson,Smartwatch,4,2025-06-08,Montreal,200,800
14027,960,Mary Williams,Headphones,4,2025-11-29,Toronto,120,480
14028,32,Sophia Miller,Laptop,2,2025-02-23,Toronto,850,1700
14029,391,James Davis,Smartphone,3,2024-05-12,Vancouver,600,1800
14030,277,Mary Williams,Headphones,3,2024-01-14,Calgary,120,360
14031,532,Emma Taylor,Headphones,2,2024-02-13,Ottawa,120,240
14032,1178,Linda Brown,Monitor,1,2025-01-11,Vancouver,300,300
14033,383,Daniel Williams,External Hard Drive,2,2024-10-21,Vancouver,95,190
14034,1092,Emma Johnson,Mouse,2,2025-01-30,Ottawa,30,60
14035,1902,Linda Smith,Monitor,4,2024-04-13,Montreal,300,1200
14036,884,Linda Taylor,Smartphone,3,2025-03-20,Montreal,600,1800
14037,214,John Garcia,Smartphone,4,2024-03-02,Ottawa,600,2400
14038,1679,David Miller,Keyboard,2,2025-07-18,Toronto,45,90
14039,376,Mary Johnson,Laptop,3,2025-02-15,Calgary,850,2550
14040,744,Daniel Brown,Laptop,2,2025-09-21,Montreal,850,1700
14041,213,Linda Taylor,Keyboard,2,2024-11-16,Calgary,45,90
14042,79,David Williams,Printer,1,2024-05-10,Vancouver,180,180
14043,1750,Emma Johnson,Bluetooth Speaker,4,2024-07-17,Vancouver,150,600
14044,628,Sophia Taylor,Laptop,4,2024-02-05,Ottawa,850,3400
14045,604,James Johnson,Bluetooth Speaker,2,2024-08-03,Ottawa,150,300
14046,782,Linda Garcia,Laptop,1,2025-08-08,Ottawa,850,850
14047,1947,James Smith,External Hard Drive,2,2024-11-01,Montreal,95,190
14048,1405,David Johnson,Printer,2,2025-07-20,Calgary,180,360
14049,1001,Linda Davis,Smartwatch,2,2024-01-12,Vancouver,200,400
14050,680,James Brown,Printer,1,2024-03-23,Calgary,180,180
14051,58,James Jones,Smartphone,3,2024-02-01,Montreal,600,1800
14052,1820,Sophia Garcia,Keyboard,1,2025-02-11,Calgary,45,45
14053,1050,James Miller,Smartphone,2,2024-03-26,Calgary,600,1200
14054,881,Mary Miller,Smartwatch,3,2025-02-14,Ottawa,200,600
14055,447,Daniel Johnson,Monitor,2,2025-12-13,Calgary,300,600
14056,66,John Jones,Smartphone,1,2025-07-16,Calgary,600,600
14057,1945,Linda Brown,Smartphone,1,2024-09-12,Calgary,600,600
14058,1784,Sophia Davis,Smartphone,3,2024-08-28,Toronto,600,1800
14059,1278,Mary Davis,Headphones,1,2025-12-17,Vancouver,120,120
14060,1923,John Wilson,Bluetooth Speaker,2,2025-12-08,Vancouver,150,300
14061,1992,James Miller,Printer,3,2025-03-27,Calgary,180,540
14062,1068,Mary Brown,Monitor,4,2024-01-01,Ottawa,300,1200
14063,1121,John Taylor,Printer,2,2025-08-23,Ottawa,180,360
14064,1578,David Wilson,External Hard Drive,4,2024-10-08,Ottawa,95,380
14065,1012,Linda Jones,Bluetooth Speaker,3,2025-10-12,Vancouver,150,450
14066,227,Alex Jones,Monitor,3,2025-08-21,Montreal,300,900
14067,774,Sophia Johnson,External Hard Drive,2,2025-05-28,Calgary,95,190
14068,679,David Miller,Mouse,1,2025-11-10,Vancouver,30,30
14069,1460,Emma Garcia,Headphones,2,2024-04-28,Ottawa,120,240
14070,1815,Sophia Jones,Smartphone,1,2025-05-19,Vancouver,600,600
14071,601,Daniel Williams,Headphones,1,2024-03-20,Vancouver,120,120
14072,379,Daniel Davis,Printer,2,2025-09-14,Vancouver,180,360
14073,1202,Linda Williams,Monitor,3,2025-11-07,Ottawa,300,900
14074,1451,Mary Garcia,External Hard Drive,2,2024-08-06,Montreal,95,190
14075,1939,Linda Brown,Smartwatch,4,2025-05-31,Toronto,200,800
14076,709,James Taylor,External Hard Drive,3,2025-12-27,Calgary,95,285
14077,307,James Miller,Headphones,1,2025-12-07,Calgary,120,120
14078,779,Mary Garcia,Smartphone,3,2025-04-10,Vancouver,600,1800
14079,504,John Smith,Smartwatch,2,2025-06-01,Montreal,200,400
14080,268,Linda Jones,Printer,3,2025-05-16,Ottawa,180,540
14081,1610,Daniel Davis,Smartwatch,1,2024-02-27,Toronto,200,200
14082,8,Mary Davis,Bluetooth Speaker,1,2024-12-02,Toronto,150,150
14083,1944,Alex Smith,Mouse,3,2025-05-24,Vancouver,30,90
14084,508,Sophia Brown,Smartphone,4,2025-09-05,Vancouver,600,2400
14085,476,Sophia Davis,Headphones,1,2025-03-01,Ottawa,120,120
14086,1321,Mary Smith,Monitor,4,2025-07-13,Ottawa,300,1200
14087,164,James Smith,Keyboard,1,2025-01-04,Ottawa,45,45
14088,485,Linda Taylor,Smartwatch,3,2025-02-14,Vancouver,200,600
14089,1621,Emma Garcia,Laptop,1,2025-11-05,Montreal,850,850
14090,1096,James Williams,Keyboard,4,2025-03-07,Vancouver,45,180
14091,567,John Smith,Printer,4,2024-07-14,Vancouver,180,720
14092,905,Sarah Jones,Laptop,3,2025-01-11,Toronto,850,2550
14093,559,James Williams,Laptop,4,2024-12-30,Ottawa,850,3400
14094,1935,Emma Smith,Laptop,4,2025-10-05,Calgary,850,3400
14095,1968,Emma Davis,External Hard Drive,3,2025-02-08,Ottawa,95,285
14096,238,Mary Johnson,Keyboard,1,2025-05-06,Montreal,45,45
14097,1128,Sophia Taylor,Printer,3,2024-03-06,Montreal,180,540
14098,1234,Emma Taylor,Headphones,1,2025-01-25,Ottawa,120,120
14099,554,David Taylor,Mouse,1,2024-03-23,Ottawa,30,30
14100,828,Mary Jones,Printer,1,2025-04-25,Vancouver,180,180
14101,468,Sophia Miller,Headphones,2,2024-08-16,Calgary,120,240
14102,1478,Alex Garcia,Headphones,1,2025-12-31,Vancouver,120,120
14103,1292,Daniel Jones,Laptop,3,2024-08-12,Toronto,850,2550
14104,386,Mary Johnson,Smartphone,3,2024-04-22,Toronto,600,1800
14105,775,James Smith,Keyboard,3,2025-10-13,Montreal,45,135
14106,848,Emma Johnson,Headphones,2,2024-07-03,Montreal,120,240
14107,387,Emma Williams,Keyboard,4,2025-05-26,Calgary,45,180
14108,877,John Williams,Bluetooth Speaker,2,2024-06-21,Montreal,150,300
14109,259,Emma Jones,External Hard Drive,3,2025-06-06,Toronto,95,285
14110,283,Daniel Smith,Mouse,3,2025-11-01,Calgary,30,90
14111,1650,David Johnson,Bluetooth Speaker,4,2024-07-23,Toronto,150,600
14112,1899,Daniel Miller,Headphones,2,2025-06-21,Ottawa,120,240
14113,40,Mary Brown,Printer,3,2024-11-14,Ottawa,180,540
14114,486,Sophia Smith,Keyboard,1,2024-06-07,Calgary,45,45
14115,929,Alex Taylor,Bluetooth Speaker,1,2024-10-04,Vancouver,150,150
14116,220,John Garcia,Keyboard,3,2024-05-27,Montreal,45,135
14117,1153,John Jones,External Hard Drive,1,2024-03-23,Calgary,95,95
14118,1015,Sarah Davis,Printer,4,2025-02-22,Montreal,180,720
14119,1024,David Garcia,Bluetooth Speaker,3,2025-06-21,Toronto,150,450
14120,1544,John Jones,Keyboard,2,2025-08-05,Vancouver,45,90
14121,613,Sarah Brown,Printer,3,2025-07-02,Montreal,180,540
14122,928,David Taylor,Laptop,4,2025-01-26,Ottawa,850,3400
14123,1916,Alex Garcia,Smartwatch,2,2024-05-12,Ottawa,200,400
14124,688,Alex Smith,Laptop,4,2025-09-29,Toronto,850,3400
14125,1643,Daniel Wilson,Mouse,1,2025-09-18,Calgary,30,30
14126,613,Linda Taylor,Headphones,1,2025-08-26,Montreal,120,120
14127,260,John Garcia,Smartphone,1,2024-08-29,Toronto,600,600
14128,990,Mary Wilson,Smartwatch,4,2025-03-26,Ottawa,200,800
14129,966,Sophia Brown,Headphones,4,2024-07-18,Ottawa,120,480
14130,366,David Wilson,Bluetooth Speaker,3,2025-12-19,Ottawa,150,450
14131,1782,John Wilson,Mouse,2,2024-04-26,Vancouver,30,60
14132,1811,Sarah Williams,External Hard Drive,2,2024-08-06,Vancouver,95,190
14133,544,Sarah Taylor,Mouse,4,2024-10-31,Ottawa,30,120
14134,649,Daniel Miller,Keyboard,4,2024-08-30,Calgary,45,180
14135,1548,Sophia Williams,Mouse,1,2024-10-18,Vancouver,30,30
14136,1931,Alex Smith,Bluetooth Speaker,4,2024-10-27,Montreal,150,600
14137,814,Emma Davis,External Hard Drive,1,2025-11-14,Vancouver,95,95
14138,1911,Sarah Garcia,External Hard Drive,4,2025-01-22,Montreal,95,380
14139,1040,Alex Smith,Monitor,2,2025-08-10,Vancouver,300,600
14140,1153,David Johnson,Mouse,3,2024-07-27,Ottawa,30,90
14141,575,Alex Miller,Laptop,4,2024-11-09,Montreal,850,3400
14142,1133,Alex Brown,Monitor,1,2025-09-08,Calgary,300,300
14143,1911,Linda Jones,Monitor,3,2024-01-26,Vancouver,300,900
14144,1013,Emma Wilson,Bluetooth Speaker,1,2024-03-19,Vancouver,150,150
14145,1557,John Brown,Smartwatch,1,2024-05-07,Ottawa,200,200
14146,670,Alex Miller,Laptop,3,2025-02-16,Montreal,850,2550
14147,269,Sophia Brown,External Hard Drive,3,2024-05-16,Ottawa,95,285
14148,1186,Alex Miller,Mouse,3,2024-11-29,Montreal,30,90
14149,1284,Sophia Miller,Monitor,4,2025-07-01,Vancouver,300,1200
14150,924,Emma Brown,Headphones,3,2025-01-22,Vancouver,120,360
14151,1126,Sarah Smith,Headphones,4,2025-07-24,Vancouver,120,480
14152,1530,Sophia Williams,Monitor,2,2024-08-17,Vancouver,300,600
14153,1759,Linda Brown,Keyboard,2,2025-02-24,Toronto,45,90
14154,1595,Linda Wilson,Mouse,1,2024-05-03,Vancouver,30,30
14155,247,Daniel Taylor,Bluetooth Speaker,1,2024-03-28,Vancouver,150,150
14156,1664,Alex Brown,External Hard Drive,4,2024-05-20,Montreal,95,380
14157,1819,Sarah Davis,Monitor,1,2024-02-20,Vancouver,300,300
14158,1861,Alex Taylor,Laptop,2,2025-07-20,Vancouver,850,1700
14159,1561,Sophia Garcia,Monitor,4,2025-02-08,Montreal,300,1200
14160,131,Linda Williams,Printer,4,2024-12-02,Vancouver,180,720
14161,353,David Johnson,External Hard Drive,3,2025-10-23,Vancouver,95,285
14162,196,Linda Brown,Smartwatch,4,2025-10-26,Ottawa,200,800
14163,1817,Linda Jones,External Hard Drive,1,2025-12-31,Toronto,95,95
14164,1940,Mary Jones,Laptop,2,2025-12-31,Montreal,850,1700
14165,930,David Wilson,Printer,1,2024-12-31,Ottawa,180,180
14166,1690,Sophia Davis,Smartwatch,2,2024-09-14,Calgary,200,400
14167,1406,Alex Taylor,Smartphone,3,2025-01-22,Calgary,600,1800
14168,1022,Sarah Miller,Laptop,2,2024-02-14,Toronto,850,1700
14169,645,Alex Wilson,Headphones,3,2024-09-25,Calgary,120,360
14170,227,Sophia Miller,Keyboard,1,2024-11-06,Toronto,45,45
14171,701,Sarah Davis,External Hard Drive,3,2025-11-02,Calgary,95,285
14172,1500,Alex Taylor,Smartphone,4,2024-10-04,Calgary,600,2400
14173,1501,Sophia Smith,Printer,4,2025-04-19,Ottawa,180,720
14174,265,Alex Jones,Smartphone,2,2025-07-20,Calgary,600,1200
14175,1396,David Taylor,Bluetooth Speaker,1,2024-05-24,Toronto,150,150
14176,1510,Mary Taylor,Mouse,1,2024-08-22,Vancouver,30,30
14177,1458,Sophia Jones,External Hard Drive,2,2025-11-21,Vancouver,95,190
14178,646,James Davis,Mouse,4,2025-12-20,Vancouver,30,120
14179,211,David Garcia,Headphones,3,2024-05-15,Toronto,120,360
14180,1596,Daniel Williams,Smartphone,2,2025-03-20,Toronto,600,1200
14181,1964,Sarah Garcia,Printer,3,2024-12-18,Vancouver,180,540
14182,1401,John Williams,Headphones,3,2025-01-28,Calgary,120,360
14183,1419,Linda Williams,Mouse,1,2024-10-01,Vancouver,30,30
14184,1474,Linda Jones,Smartphone,4,2025-01-18,Montreal,600,2400
14185,943,Daniel Taylor,Headphones,3,2024-11-18,Toronto,120,360
14186,1388,Daniel Williams,Laptop,4,2024-07-01,Montreal,850,3400
14187,1900,Sarah Garcia,Monitor,1,2025-07-26,Montreal,300,300
14188,457,Emma Williams,Keyboard,2,2025-03-15,Toronto,45,90
14189,725,Mary Johnson,Smartwatch,2,2024-03-03,Vancouver,200,400
14190,1752,John Jones,Laptop,1,2025-12-27,Ottawa,850,850
14191,1250,Linda Wilson,Headphones,1,2025-10-12,Montreal,120,120
14192,982,David Miller,Printer,3,2025-10-07,Vancouver,180,540
14193,1155,Linda Brown,Bluetooth Speaker,1,2024-02-03,Ottawa,150,150
14194,588,Sarah Smith,Monitor,2,2025-12-05,Montreal,300,600
14195,476,Sarah Smith,Smartwatch,4,2025-04-21,Vancouver,200,800
14196,1822,David Garcia,Laptop,4,2024-03-27,Montreal,850,3400
14197,986,Sophia Jones,Bluetooth Speaker,4,2024-07-28,Vancouver,150,600
14198,1301,Emma Johnson,Bluetooth Speaker,4,2025-04-06,Calgary,150,600
14199,156,Linda Smith,Bluetooth Speaker,1,2024-03-21,Calgary,150,150
14200,1784,James Williams,Monitor,1,2024-11-17,Toronto,300,300
14201,1242,David Miller,Smartphone,4,2025-02-18,Ottawa,600,2400
14202,190,John Wilson,Laptop,1,2024-07-08,Montreal,850,850
14203,1441,Emma Williams,Smartphone,3,2024-08-20,Montreal,600,1800
14204,981,Sophia Jones,External Hard Drive,1,2025-01-26,Vancouver,95,95
14205,1699,Sophia Smith,Monitor,3,2024-06-17,Ottawa,300,900
14206,1716,Sophia Williams,Bluetooth Speaker,3,2025-03-18,Montreal,150,450
14207,546,Mary Miller,Bluetooth Speaker,1,2024-06-16,Ottawa,150,150
14208,41,Mary Jones,Monitor,4,2024-08-18,Ottawa,300,1200
14209,307,Mary Brown,External Hard Drive,3,2024-05-29,Calgary,95,285
14210,943,Linda Smith,Keyboard,1,2025-10-25,Montreal,45,45
14211,338,Linda Brown,Printer,2,2025-07-03,Montreal,180,360
14212,1338,James Johnson,Keyboard,4,2025-01-20,Toronto,45,180
14213,1099,Linda Garcia,Smartphone,2,2025-01-15,Ottawa,600,1200
14214,953,John Wilson,Monitor,3,2024-10-01,Vancouver,300,900
14215,279,David Jones,Printer,2,2025-09-08,Calgary,180,360
14216,1200,David Miller,Keyboard,1,2024-03-02,Toronto,45,45
14217,896,Mary Miller,Smartphone,4,2025-04-11,Calgary,600,2400
14218,1686,Sarah Garcia,Headphones,3,2025-06-11,Vancouver,120,360
14219,273,Daniel Wilson,Mouse,1,2024-05-29,Toronto,30,30
14220,837,Sophia Brown,Printer,4,2024-05-21,Calgary,180,720
14221,620,Emma Williams,Smartwatch,3,2024-04-25,Vancouver,200,600
14222,1675,John Wilson,Printer,3,2024-03-05,Toronto,180,540
14223,862,David Miller,Smartphone,3,2025-03-04,Vancouver,600,1800
14224,1807,Alex Taylor,Bluetooth Speaker,3,2024-11-05,Toronto,150,450
14225,1883,Sophia Davis,Smartphone,2,2025-12-06,Montreal,600,1200
14226,931,John Taylor,Laptop,2,2025-03-05,Montreal,850,1700
14227,289,David Taylor,Bluetooth Speaker,2,2024-06-09,Calgary,150,300
14228,724,Daniel Miller,Smartphone,3,2024-11-01,Ottawa,600,1800
14229,893,Sophia Taylor,Keyboard,2,2024-12-26,Ottawa,45,90
14230,272,John Taylor,Mouse,4,2024-10-04,Vancouver,30,120
14231,1954,James Brown,Smartphone,3,2024-10-22,Toronto,600,1800
14232,1090,Daniel Miller,Keyboard,4,2025-07-04,Montreal,45,180
14233,483,David Garcia,Smartwatch,4,2024-06-17,Ottawa,200,800
14234,936,Sophia Brown,Laptop,2,2025-04-03,Montreal,850,1700
14235,248,Mary Johnson,Headphones,3,2025-08-02,Vancouver,120,360
14236,156,David Taylor,Laptop,2,2024-01-07,Vancouver,850,1700
14237,1071,James Garcia,Bluetooth Speaker,2,2025-08-19,Toronto,150,300
14238,1959,Emma Garcia,Mouse,2,2025-12-11,Ottawa,30,60
14239,454,Sophia Taylor,Laptop,3,2024-05-11,Vancouver,850,2550
14240,201,Alex Johnson,Printer,3,2025-08-10,Vancouver,180,540
14241,1684,Sarah Smith,Headphones,2,2024-12-12,Montreal,120,240
14242,124,Alex Wilson,Bluetooth Speaker,4,2025-12-21,Calgary,150,600
14243,1,James Davis,Printer,4,2025-08-18,Ottawa,180,720
14244,968,John Davis,Bluetooth Speaker,3,2024-09-09,Toronto,150,450
14245,1783,Emma Davis,Printer,1,2025-02-13,Toronto,180,180
14246,855,Sarah Davis,External Hard Drive,2,2025-06-26,Montreal,95,190
14247,640,Sophia Brown,Mouse,2,2024-12-20,Toronto,30,60
14248,191,Emma Johnson,Keyboard,1,2025-12-13,Vancouver,45,45
14249,1603,James Jones,Laptop,3,2025-07-17,Ottawa,850,2550
14250,516,David Jones,Smartwatch,4,2025-01-02,Toronto,200,800
14251,442,James Wilson,Printer,3,2025-08-06,Ottawa,180,540
14252,1945,Sophia Miller,External Hard Drive,4,2025-05-25,Toronto,95,380
14253,1839,James Wilson,Mouse,4,2025-06-16,Calgary,30,120
14254,1830,Linda Smith,Smartwatch,3,2025-06-11,Calgary,200,600
14255,143,Sarah Garcia,Laptop,2,2025-06-11,Ottawa,850,1700
14256,1215,James Brown,External Hard Drive,2,2025-02-05,Calgary,95,190
14257,533,Emma Brown,Smartwatch,2,2024-06-23,Calgary,200,400
14258,227,Alex Smith,Headphones,4,2024-03-18,Vancouver,120,480
14259,1337,Emma Smith,Monitor,2,2025-03-15,Toronto,300,600
14260,1653,Linda Smith,Bluetooth Speaker,4,2025-07-02,Calgary,150,600
14261,949,David Williams,Bluetooth Speaker,2,2024-08-19,Ottawa,150,300
14262,1326,David Davis,Smartphone,3,2025-02-03,Vancouver,600,1800
14263,1678,Linda Wilson,Headphones,1,2024-07-31,Calgary,120,120
14264,460,Linda Wilson,Monitor,4,2024-07-11,Ottawa,300,1200
14265,1425,Sarah Smith,Smartphone,3,2025-07-25,Toronto,600,1800
14266,551,John Taylor,Smartwatch,4,2025-12-01,Calgary,200,800
14267,393,James Brown,Smartphone,4,2024-09-23,Ottawa,600,2400
14268,1891,Mary Miller,Printer,3,2024-05-05,Ottawa,180,540
14269,1788,Linda Davis,Headphones,2,2025-12-15,Montreal,120,240
14270,845,David Garcia,External Hard Drive,4,2025-01-16,Ottawa,95,380
14271,1231,James Johnson,External Hard Drive,1,2025-06-27,Montreal,95,95
14272,210,John Wilson,Monitor,1,2025-05-16,Toronto,300,300
14273,1139,David Jones,Laptop,3,2025-02-06,Toronto,850,2550
14274,1761,Emma Williams,External Hard Drive,1,2024-09-17,Vancouver,95,95
14275,646,Mary Jones,Headphones,3,2025-01-21,Montreal,120,360
14276,1275,Mary Davis,Mouse,3,2025-02-15,Ottawa,30,90
14277,219,Daniel Wilson,Bluetooth Speaker,4,2024-12-11,Vancouver,150,600
14278,407,Linda Smith,Mouse,3,2024-04-03,Vancouver,30,90
14279,1467,Linda Jones,Smartphone,3,2024-11-23,Toronto,600,1800
14280,1627,Sarah Miller,Keyboard,2,2024-04-09,Ottawa,45,90
14281,1378,Linda Miller,Printer,4,2025-04-05,Montreal,180,720
14282,888,Mary Davis,Keyboard,1,2024-11-10,Toronto,45,45
14283,558,Sarah Wilson,Headphones,2,2024-01-25,Vancouver,120,240
14284,550,Emma Johnson,Keyboard,2,2025-05-08,Calgary,45,90
14285,142,David Williams,Mouse,4,2024-12-18,Vancouver,30,120
14286,612,Daniel Williams,Laptop,4,2024-04-26,Calgary,850,3400
14287,501,Sophia Garcia,Headphones,2,2024-07-17,Toronto,120,240
14288,840,Linda Miller,Bluetooth Speaker,4,2024-10-05,Montreal,150,600
14289,702,Sophia Taylor,Monitor,4,2025-08-04,Ottawa,300,1200
14290,1571,Daniel Jones,Headphones,3,2024-03-19,Calgary,120,360
14291,1683,John Smith,Smartwatch,4,2025-02-27,Ottawa,200,800
14292,1566,Mary Taylor,Bluetooth Speaker,3,2024-12-19,Toronto,150,450
14293,1870,Emma Jones,Headphones,2,2025-06-09,Toronto,120,240
14294,1531,Sarah Smith,Smartwatch,2,2025-06-24,Toronto,200,400
14295,596,Sarah Williams,Bluetooth Speaker,1,2025-10-17,Montreal,150,150
14296,1905,Emma Williams,Smartphone,4,2025-04-21,Calgary,600,2400
14297,281,John Wilson,External Hard Drive,2,2024-01-10,Ottawa,95,190
14298,424,Alex Williams,Printer,3,2025-07-12,Vancouver,180,540
14299,856,David Davis,External Hard Drive,2,2025-05-17,Toronto,95,190
14300,270,Linda Jones,Mouse,4,2024-09-16,Ottawa,30,120
14301,154,Sophia Smith,Monitor,1,2025-06-07,Ottawa,300,300
14302,614,James Miller,External Hard Drive,1,2025-08-18,Montreal,95,95
14303,1751,David Davis,Headphones,2,2024-01-06,Calgary,120,240
14304,662,Alex Smith,Smartphone,1,2024-02-04,Montreal,600,600
14305,1968,Daniel Johnson,Keyboard,4,2024-06-23,Montreal,45,180
14306,83,Emma Brown,Mouse,4,2025-03-17,Ottawa,30,120
14307,1646,Sophia Taylor,External Hard Drive,1,2025-07-30,Calgary,95,95
14308,947,Daniel Brown,Laptop,3,2024-05-26,Calgary,850,2550
14309,899,Linda Davis,Monitor,1,2025-07-22,Calgary,300,300
14310,1450,John Davis,Keyboard,1,2024-07-11,Toronto,45,45
14311,1299,Sarah Jones,Printer,2,2024-01-13,Calgary,180,360
14312,1737,Sophia Williams,Headphones,3,2025-06-13,Ottawa,120,360
14313,284,Sarah Garcia,Smartphone,1,2024-09-02,Toronto,600,600
14314,980,David Miller,Bluetooth Speaker,2,2025-11-05,Vancouver,150,300
14315,173,David Smith,External Hard Drive,2,2024-04-23,Montreal,95,190
14316,1351,James Miller,Laptop,2,2024-08-20,Calgary,850,1700
14317,1742,Mary Davis,Monitor,4,2025-11-08,Vancouver,300,1200
14318,1087,Linda Jones,Printer,2,2024-11-17,Calgary,180,360
14319,1097,Sophia Jones,External Hard Drive,2,2025-06-21,Montreal,95,190
14320,763,Mary Miller,Printer,4,2024-05-05,Ottawa,180,720
14321,1660,John Jones,Keyboard,4,2024-11-08,Ottawa,45,180
14322,1399,Linda Davis,Keyboard,2,2025-05-25,Montreal,45,90
14323,633,Mary Smith,Mouse,1,2025-04-28,Vancouver,30,30
14324,1532,Linda Brown,External Hard Drive,3,2024-10-07,Toronto,95,285
14325,787,David Johnson,Smartphone,4,2024-10-09,Toronto,600,2400
14326,943,John Smith,Monitor,3,2025-10-12,Calgary,300,900
14327,1012,Sarah Taylor,Bluetooth Speaker,4,2025-09-04,Montreal,150,600
14328,398,Mary Smith,Bluetooth Speaker,2,2025-01-26,Montreal,150,300
14329,1144,Linda Williams,Headphones,4,2025-06-06,Toronto,120,480
14330,934,Emma Davis,Headphones,2,2025-01-16,Vancouver,120,240
14331,1461,Linda Jones,Monitor,3,2024-08-03,Montreal,300,900
14332,1853,Emma Johnson,External Hard Drive,1,2025-06-25,Ottawa,95,95
14333,676,David Wilson,External Hard Drive,2,2025-08-28,Ottawa,95,190
14334,936,Daniel Johnson,Keyboard,3,2024-04-25,Montreal,45,135
14335,465,James Taylor,Laptop,3,2025-05-23,Vancouver,850,2550
14336,286,Sarah Brown,Headphones,4,2025-05-14,Ottawa,120,480
14337,265,John Brown,Laptop,2,2024-09-27,Vancouver,850,1700
14338,320,Daniel Wilson,External Hard Drive,3,2025-03-15,Toronto,95,285
14339,673,James Brown,Headphones,1,2024-10-17,Calgary,120,120
14340,1400,Alex Williams,Bluetooth Speaker,4,2024-02-08,Toronto,150,600
14341,820,James Davis,Printer,4,2024-01-24,Calgary,180,720
14342,89,Mary Jones,Headphones,3,2024-02-12,Ottawa,120,360
14343,1678,James Davis,External Hard Drive,2,2024-06-18,Calgary,95,190
14344,1227,Linda Taylor,External Hard Drive,4,2024-12-05,Calgary,95,380
14345,821,Emma Garcia,Printer,2,2024-06-17,Montreal,180,360
14346,1763,Alex Smith,Laptop,3,2025-06-21,Calgary,850,2550
14347,1001,Alex Johnson,Monitor,3,2025-11-22,Montreal,300,900
14348,1979,Mary Johnson,Printer,2,2025-04-16,Calgary,180,360
14349,334,David Smith,Bluetooth Speaker,1,2025-10-23,Montreal,150,150
14350,222,Emma Williams,External Hard Drive,4,2025-10-06,Ottawa,95,380
14351,41,Emma Jones,Smartphone,3,2024-05-22,Ottawa,600,1800
14352,1732,Mary Jones,Bluetooth Speaker,1,2025-11-06,Calgary,150,150
14353,68,Emma Williams,Laptop,1,2024-04-10,Vancouver,850,850
14354,988,Sophia Smith,Printer,2,2025-07-28,Ottawa,180,360
14355,1800,David Taylor,External Hard Drive,2,2025-08-27,Toronto,95,190
14356,514,John Taylor,External Hard Drive,2,2025-12-19,Toronto,95,190
14357,1897,Emma Williams,Printer,1,2025-04-19,Montreal,180,180
14358,1661,Sophia Smith,Monitor,4,2024-11-06,Vancouver,300,1200
14359,1646,Mary Smith,Printer,2,2025-08-06,Montreal,180,360
14360,1622,James Johnson,Headphones,4,2024-02-29,Calgary,120,480
14361,1961,John Miller,Smartwatch,2,2024-01-29,Ottawa,200,400
14362,1656,Linda Taylor,Monitor,1,2025-06-14,Vancouver,300,300
14363,1151,Mary Smith,Smartwatch,4,2024-03-13,Montreal,200,800
14364,1279,Emma Brown,Laptop,4,2025-01-28,Montreal,850,3400
14365,695,Emma Jones,Keyboard,1,2025-01-28,Toronto,45,45
14366,1040,Linda Brown,Bluetooth Speaker,4,2025-04-25,Calgary,150,600
14367,477,Daniel Jones,Mouse,1,2025-04-17,Montreal,30,30
14368,1086,Mary Taylor,Printer,1,2024-11-08,Toronto,180,180
14369,881,Linda Garcia,Bluetooth Speaker,3,2025-03-13,Vancouver,150,450
14370,432,Linda Williams,Mouse,2,2024-11-19,Montreal,30,60
14371,1694,Linda Garcia,Laptop,3,2024-03-27,Toronto,850,2550
14372,268,Sophia Taylor,Laptop,1,2024-12-24,Calgary,850,850
14373,1059,Mary Garcia,Keyboard,1,2025-11-25,Ottawa,45,45
14374,779,Linda Johnson,Monitor,4,2024-07-15,Vancouver,300,1200
14375,1600,John Miller,Bluetooth Speaker,1,2025-01-19,Montreal,150,150
14376,494,James Taylor,Bluetooth Speaker,1,2024-04-27,Toronto,150,150
14377,1586,David Taylor,Printer,1,2025-05-12,Montreal,180,180
14378,1493,Sophia Wilson,Laptop,2,2025-04-06,Ottawa,850,1700
14379,1791,Sarah Davis,Mouse,3,2025-05-10,Montreal,30,90
14380,661,Sophia Miller,Smartphone,3,2025-08-16,Montreal,600,1800
14381,1349,Mary Davis,Keyboard,2,2024-09-03,Toronto,45,90
14382,1328,Daniel Jones,Monitor,2,2024-08-21,Ottawa,300,600
14383,1300,Mary Williams,External Hard Drive,2,2025-02-20,Vancouver,95,190
14384,1893,Alex Williams,Smartphone,3,2025-04-11,Toronto,600,1800
14385,1987,Emma Davis,Headphones,3,2025-04-26,Ottawa,120,360
14386,1708,Emma Garcia,Smartwatch,1,2024-12-30,Ottawa,200,200
14387,1953,John Garcia,Keyboard,3,2024-06-01,Montreal,45,135
14388,1013,David Davis,Mouse,4,2024-09-28,Calgary,30,120
14389,1225,John Johnson,Smartphone,3,2025-01-26,Calgary,600,1800
14390,1469,John Jones,Mouse,2,2025-06-30,Vancouver,30,60
14391,1929,Linda Taylor,Printer,3,2025-12-25,Montreal,180,540
14392,1348,Daniel Garcia,Keyboard,1,2025-12-23,Calgary,45,45
14393,1059,James Jones,Laptop,3,2025-03-05,Toronto,850,2550
14394,977,Alex Wilson,Monitor,2,2025-10-12,Vancouver,300,600
14395,482,David Brown,Mouse,4,2024-07-07,Montreal,30,120
14396,728,Alex Brown,Bluetooth Speaker,2,2024-09-08,Toronto,150,300
14397,480,Linda Smith,Smartphone,4,2025-01-29,Calgary,600,2400
14398,1089,Sarah Garcia,Bluetooth Speaker,1,2025-10-23,Calgary,150,150
14399,1032,Alex Jones,Mouse,1,2024-08-06,Calgary,30,30
14400,1325,Mary Johnson,Smartphone,3,2025-08-16,Calgary,600,1800
14401,343,James Taylor,Laptop,1,2024-07-08,Ottawa,850,850
14402,1455,Alex Jones,Smartwatch,1,2024-08-21,Vancouver,200,200
14403,1448,Alex Miller,Smartwatch,2,2025-11-18,Vancouver,200,400
14404,332,Emma Brown,Printer,2,2024-08-19,Calgary,180,360
14405,438,Sophia Johnson,Headphones,3,2024-12-23,Vancouver,120,360
14406,1612,Alex Garcia,Smartwatch,3,2025-04-22,Toronto,200,600
14407,174,Sophia Smith,Headphones,3,2025-07-28,Toronto,120,360
14408,559,Sophia Taylor,Smartphone,3,2025-03-04,Vancouver,600,1800
14409,527,Mary Davis,Smartwatch,2,2024-08-24,Calgary,200,400
14410,1897,Linda Johnson,Mouse,3,2024-02-02,Montreal,30,90
14411,659,David Davis,Laptop,3,2024-07-31,Calgary,850,2550
14412,26,Sophia Brown,Mouse,1,2025-07-25,Ottawa,30,30
14413,820,John Davis,Mouse,3,2025-01-13,Montreal,30,90
14414,605,David Jones,Headphones,4,2024-01-02,Ottawa,120,480
14415,406,James Smith,External Hard Drive,1,2025-03-25,Vancouver,95,95
14416,232,Sophia Taylor,External Hard Drive,2,2025-07-22,Ottawa,95,190
14417,533,David Garcia,Monitor,4,2025-03-02,Vancouver,300,1200
14418,1843,Emma Taylor,Smartwatch,3,2025-10-11,Ottawa,200,600
14419,1574,David Davis,Laptop,1,2024-10-05,Montreal,850,850
14420,1812,Emma Brown,Laptop,3,2024-08-01,Ottawa,850,2550
14421,505,Mary Miller,Bluetooth Speaker,1,2024-10-11,Calgary,150,150
14422,1693,David Wilson,Mouse,3,2025-06-26,Vancouver,30,90
14423,179,Emma Williams,Laptop,4,2025-12-18,Toronto,850,3400
14424,132,Alex Wilson,Smartphone,2,2024-09-30,Ottawa,600,1200
14425,1847,Sophia Miller,Keyboard,4,2024-01-11,Vancouver,45,180
14426,1479,John Taylor,Mouse,4,2024-02-16,Toronto,30,120
14427,348,John Miller,Headphones,2,2025-05-29,Vancouver,120,240
14428,540,Alex Brown,Mouse,1,2025-10-03,Vancouver,30,30
14429,772,Linda Brown,Laptop,1,2025-03-13,Toronto,850,850
14430,1430,Emma Miller,Printer,2,2025-08-06,Toronto,180,360
14431,76,David Williams,Smartphone,3,2025-11-01,Montreal,600,1800
14432,1965,Sophia Johnson,Smartphone,1,2025-03-02,Ottawa,600,600
14433,579,James Williams,Smartwatch,4,2025-03-07,Ottawa,200,800
14434,854,Mary Davis,External Hard Drive,2,2024-05-09,Vancouver,95,190
14435,1516,John Williams,Headphones,4,2024-01-22,Calgary,120,480
14436,194,Daniel Williams,Smartwatch,1,2025-01-23,Calgary,200,200
14437,1186,Alex Taylor,Monitor,2,2024-05-14,Vancouver,300,600
14438,347,Emma Johnson,Keyboard,2,2025-06-15,Montreal,45,90
14439,951,Alex Smith,Bluetooth Speaker,1,2024-08-07,Toronto,150,150
14440,1385,Emma Garcia,Smartphone,1,2024-11-28,Vancouver,600,600
14441,1793,John Brown,Headphones,2,2024-05-09,Ottawa,120,240
14442,1608,Alex Johnson,External Hard Drive,3,2024-02-01,Calgary,95,285
14443,1111,David Taylor,Headphones,2,2025-08-24,Calgary,120,240
14444,1958,Alex Brown,Bluetooth Speaker,3,2025-02-28,Calgary,150,450
14445,1286,Sophia Williams,Bluetooth Speaker,4,2024-10-24,Montreal,150,600
14446,214,Sarah Brown,Smartwatch,3,2025-05-18,Ottawa,200,600
14447,1689,John Garcia,Mouse,3,2025-11-15,Montreal,30,90
14448,1746,John Davis,Monitor,1,2024-12-22,Toronto,300,300
14449,1937,David Williams,Monitor,2,2025-03-30,Vancouver,300,600
14450,573,Sarah Garcia,Laptop,4,2025-02-04,Vancouver,850,3400
14451,780,Linda Smith,Monitor,2,2025-07-12,Calgary,300,600
14452,262,Emma Garcia,Headphones,3,2025-12-09,Calgary,120,360
14453,730,Mary Miller,Monitor,3,2025-03-30,Toronto,300,900
14454,283,Daniel Smith,External Hard Drive,3,2024-02-03,Montreal,95,285
14455,1672,Linda Garcia,Monitor,2,2024-09-04,Ottawa,300,600
14456,1491,Emma Johnson,Smartphone,3,2024-02-11,Toronto,600,1800
14457,1404,David Miller,Laptop,2,2024-05-02,Vancouver,850,1700
14458,362,David Brown,Headphones,4,2024-01-27,Vancouver,120,480
14459,1473,Sarah Davis,Bluetooth Speaker,4,2025-04-06,Montreal,150,600
14460,441,Sarah Wilson,Smartwatch,2,2025-07-24,Toronto,200,400
14461,93,Emma Johnson,Keyboard,4,2024-05-26,Ottawa,45,180
14462,1645,David Garcia,Smartwatch,1,2025-05-10,Toronto,200,200
14463,753,David Taylor,Mouse,3,2025-09-18,Toronto,30,90
14464,867,Sophia Garcia,Keyboard,3,2025-04-30,Montreal,45,135
14465,1448,Daniel Taylor,External Hard Drive,3,2025-04-04,Ottawa,95,285
14466,142,Linda Williams,Printer,1,2025-12-11,Vancouver,180,180
14467,1315,Alex Jones,Laptop,3,2024-05-07,Calgary,850,2550
14468,1456,Linda Brown,Bluetooth Speaker,2,2025-01-10,Ottawa,150,300
14469,749,Mary Davis,Smartwatch,3,2025-10-26,Vancouver,200,600
14470,1876,David Wilson,Monitor,2,2024-03-23,Montreal,300,600
14471,1848,Alex Garcia,Laptop,4,2025-06-18,Ottawa,850,3400
14472,1713,Linda Williams,Monitor,2,2025-06-06,Ottawa,300,600
14473,653,Daniel Jones,Laptop,2,2025-11-29,Vancouver,850,1700
14474,701,Emma Miller,Laptop,2,2025-09-19,Vancouver,850,1700
14475,998,Daniel Davis,Mouse,3,2025-11-04,Toronto,30,90
14476,49,David Johnson,Smartphone,1,2024-04-12,Toronto,600,600
14477,1326,Sarah Johnson,External Hard Drive,1,2025-06-02,Ottawa,95,95
14478,881,Alex Taylor,Monitor,2,2024-12-27,Calgary,300,600
14479,1214,Alex Williams,Monitor,3,2025-11-14,Montreal,300,900
14480,1160,Linda Brown,Monitor,1,2024-09-12,Vancouver,300,300
14481,555,Emma Smith,Mouse,4,2024-09-03,Toronto,30,120
14482,404,John Wilson,Smartwatch,4,2024-07-10,Montreal,200,800
14483,892,Daniel Jones,Headphones,3,2025-09-17,Ottawa,120,360
14484,865,Daniel Davis,Monitor,4,2025-06-18,Vancouver,300,1200
14485,602,Daniel Davis,Smartwatch,4,2024-11-09,Vancouver,200,800
14486,1831,Daniel Johnson,Smartphone,4,2024-10-02,Toronto,600,2400
14487,341,Sophia Davis,Monitor,1,2025-01-07,Calgary,300,300
14488,1781,Linda Jones,External Hard Drive,4,2025-03-19,Vancouver,95,380
14489,1969,Sarah Davis,Bluetooth Speaker,2,2025-10-09,Calgary,150,300
14490,704,Alex Garcia,Printer,2,2024-07-13,Montreal,180,360
14491,318,Mary Smith,Monitor,4,2024-09-14,Vancouver,300,1200
14492,618,Mary Wilson,Headphones,2,2025-08-04,Vancouver,120,240
14493,1387,David Garcia,Bluetooth Speaker,1,2024-12-25,Calgary,150,150
14494,1846,Alex Davis,External Hard Drive,3,2025-07-01,Toronto,95,285
14495,382,Mary Garcia,Mouse,2,2024-04-17,Ottawa,30,60
14496,233,James Jones,Printer,4,2024-01-24,Montreal,180,720
14497,1801,Sarah Smith,Mouse,3,2025-10-13,Vancouver,30,90
14498,1368,David Wilson,Headphones,3,2025-04-09,Toronto,120,360
14499,1573,Emma Williams,Printer,4,2024-01-22,Vancouver,180,720
14500,817,Daniel Johnson,Headphones,2,2025-05-16,Montreal,120,240
14501,553,Sarah Wilson,Mouse,1,2025-12-16,Ottawa,30,30
14502,1553,Sarah Jones,External Hard Drive,2,2025-05-15,Vancouver,95,190
14503,856,Sophia Smith,Printer,2,2025-08-15,Calgary,180,360
14504,1813,John Wilson,Keyboard,1,2025-02-10,Toronto,45,45
14505,819,Daniel Williams,Smartwatch,3,2024-11-25,Ottawa,200,600
14506,1595,Mary Wilson,External Hard Drive,1,2025-12-03,Vancouver,95,95
14507,1959,Sarah Miller,Printer,1,2024-10-12,Ottawa,180,180
14508,183,John Wilson,Headphones,4,2024-05-26,Calgary,120,480
14509,1065,David Brown,Headphones,4,2025-01-18,Vancouver,120,480
14510,1575,Sarah Smith,Smartphone,2,2024-01-11,Ottawa,600,1200
14511,397,Daniel Garcia,External Hard Drive,4,2024-10-02,Vancouver,95,380
14512,1728,Sarah Johnson,Headphones,1,2025-07-21,Vancouver,120,120
14513,779,Daniel Williams,Laptop,1,2025-11-15,Ottawa,850,850
14514,1518,Daniel Taylor,Smartwatch,4,2024-10-29,Vancouver,200,800
14515,1683,Alex Davis,Mouse,4,2024-07-22,Calgary,30,120
14516,907,James Taylor,Bluetooth Speaker,4,2024-12-10,Ottawa,150,600
14517,1357,Sarah Johnson,Smartphone,1,2024-09-22,Ottawa,600,600
14518,127,Daniel Williams,Headphones,3,2024-01-22,Calgary,120,360
14519,1582,Sophia Johnson,Laptop,3,2025-06-19,Calgary,850,2550
14520,1581,Sophia Taylor,Smartphone,4,2025-12-06,Calgary,600,2400
14521,1,David Davis,Laptop,2,2024-04-05,Vancouver,850,1700
14522,1192,James Wilson,Smartphone,2,2025-03-20,Vancouver,600,1200
14523,1644,Alex Taylor,Headphones,3,2024-09-19,Montreal,120,360
14524,19,Sarah Taylor,Laptop,4,2025-08-06,Vancouver,850,3400
14525,1356,Sarah Taylor,Printer,1,2025-01-17,Calgary,180,180
14526,584,David Miller,External Hard Drive,2,2025-07-03,Montreal,95,190
14527,456,Alex Williams,Bluetooth Speaker,2,2025-01-26,Calgary,150,300
14528,957,Alex Johnson,Mouse,1,2025-08-23,Toronto,30,30
14529,1133,Emma Wilson,Bluetooth Speaker,1,2025-06-23,Ottawa,150,150
14530,1292,John Johnson,Mouse,4,2024-04-01,Toronto,30,120
14531,445,Sophia Davis,Keyboard,1,2025-07-19,Calgary,45,45
14532,1264,John Jones,Smartwatch,1,2024-06-07,Vancouver,200,200
14533,1953,Emma Miller,Keyboard,1,2024-08-15,Ottawa,45,45
14534,1325,David Williams,Monitor,3,2025-04-17,Vancouver,300,900
14535,602,John Davis,Headphones,1,2025-01-06,Vancouver,120,120
14536,103,Daniel Miller,Printer,2,2025-01-10,Ottawa,180,360
14537,988,Alex Taylor,External Hard Drive,4,2025-07-06,Ottawa,95,380
14538,1274,Sarah Taylor,Printer,4,2024-02-06,Toronto,180,720
14539,1477,David Smith,Bluetooth Speaker,4,2025-09-28,Calgary,150,600
14540,520,David Smith,Mouse,3,2025-11-21,Vancouver,30,90
14541,1177,Daniel Davis,Keyboard,2,2024-02-06,Calgary,45,90
14542,859,Alex Wilson,Printer,1,2024-04-10,Calgary,180,180
14543,174,Mary Davis,Keyboard,2,2025-06-26,Montreal,45,90
14544,1367,Daniel Miller,Smartwatch,4,2024-07-08,Toronto,200,800
14545,1694,Emma Jones,Smartwatch,1,2025-05-26,Vancouver,200,200
14546,1005,James Miller,Mouse,4,2025-10-19,Ottawa,30,120
14547,431,David Johnson,Monitor,4,2024-03-30,Ottawa,300,1200
14548,727,Sophia Davis,Printer,4,2024-01-06,Calgary,180,720
14549,1713,Linda Jones,External Hard Drive,2,2024-05-18,Toronto,95,190
14550,1711,David Wilson,Keyboard,2,2024-04-04,Toronto,45,90
14551,1876,John Wilson,Keyboard,4,2025-09-22,Vancouver,45,180
14552,850,Linda Williams,Smartwatch,4,2025-09-23,Vancouver,200,800
14553,1682,Emma Davis,Headphones,1,2025-01-20,Calgary,120,120
14554,1986,Daniel Jones,Mouse,4,2024-05-02,Calgary,30,120
14555,1348,David Garcia,Keyboard,4,2024-10-11,Calgary,45,180
14556,990,James Garcia,Smartwatch,4,2024-12-31,Montreal,200,800
14557,1697,Emma Johnson,Smartwatch,4,2025-11-21,Toronto,200,800
14558,639,Daniel Brown,Laptop,2,2025-05-04,Calgary,850,1700
14559,420,Linda Miller,Keyboard,4,2024-11-20,Toronto,45,180
14560,594,Mary Davis,Laptop,3,2025-02-10,Ottawa,850,2550
14561,485,Daniel Taylor,External Hard Drive,4,2025-06-02,Ottawa,95,380
14562,1683,John Garcia,External Hard Drive,2,2025-09-30,Toronto,95,190
14563,1775,Mary Smith,Smartwatch,3,2024-03-17,Ottawa,200,600
14564,412,Sophia Johnson,Headphones,3,2024-08-21,Ottawa,120,360
14565,936,Linda Miller,Headphones,4,2025-08-08,Ottawa,120,480
14566,1108,David Garcia,Laptop,4,2025-04-28,Vancouver,850,3400
14567,1137,Alex Taylor,Smartwatch,2,2025-04-08,Vancouver,200,400
14568,1761,Sarah Davis,Laptop,3,2024-09-27,Toronto,850,2550
14569,332,James Garcia,Mouse,3,2025-04-11,Toronto,30,90
14570,1402,Mary Johnson,Laptop,2,2025-04-13,Montreal,850,1700
14571,1779,Sarah Taylor,Monitor,4,2025-09-23,Vancouver,300,1200
14572,655,Daniel Taylor,Keyboard,1,2025-06-30,Toronto,45,45
14573,41,Daniel Williams,External Hard Drive,1,2025-12-19,Vancouver,95,95
14574,1959,Daniel Brown,Smartphone,3,2024-09-26,Montreal,600,1800
14575,1794,David Taylor,Smartwatch,3,2025-08-27,Toronto,200,600
14576,959,Daniel Miller,Headphones,4,2025-01-12,Toronto,120,480
14577,1821,Alex Taylor,Printer,1,2024-06-25,Toronto,180,180
14578,105,Daniel Miller,Keyboard,3,2024-09-30,Toronto,45,135
14579,202,Sarah Williams,Smartphone,4,2025-11-21,Calgary,600,2400
14580,450,Sophia Davis,Monitor,1,2025-10-02,Vancouver,300,300
14581,1843,John Miller,Printer,2,2025-09-28,Vancouver,180,360
14582,1867,Sophia Brown,Headphones,3,2024-01-27,Vancouver,120,360
14583,1997,Daniel Taylor,Monitor,2,2025-07-29,Montreal,300,600
14584,1290,Mary Miller,Headphones,1,2024-02-29,Calgary,120,120
14585,910,John Johnson,Headphones,4,2025-12-31,Vancouver,120,480
14586,210,David Smith,Smartwatch,4,2024-08-04,Vancouver,200,800
14587,563,Sophia Smith,Printer,1,2025-11-11,Toronto,180,180
14588,1142,Daniel Taylor,Mouse,2,2025-10-22,Toronto,30,60
14589,713,Alex Johnson,Laptop,4,2024-09-26,Toronto,850,3400
14590,1401,John Wilson,Laptop,3,2024-04-25,Vancouver,850,2550
14591,1575,Sarah Smith,Keyboard,2,2024-09-01,Toronto,45,90
14592,1564,John Davis,Headphones,2,2025-10-21,Vancouver,120,240
14593,771,Mary Davis,Keyboard,3,2025-08-26,Montreal,45,135
14594,1108,James Taylor,Printer,1,2024-03-25,Montreal,180,180
14595,454,Daniel Davis,Headphones,4,2025-08-21,Ottawa,120,480
14596,667,John Garcia,Headphones,2,2025-09-23,Calgary,120,240
14597,629,Sophia Williams,Smartphone,4,2025-03-25,Toronto,600,2400
14598,1538,Sophia Williams,External Hard Drive,4,2025-06-19,Toronto,95,380
14599,1629,Sophia Jones,Laptop,2,2024-03-29,Calgary,850,1700
14600,1702,Sarah Miller,Printer,1,2025-07-02,Calgary,180,180
14601,387,Mary Johnson,Monitor,2,2025-05-21,Ottawa,300,600
14602,1936,Mary Wilson,Monitor,1,2025-02-11,Calgary,300,300
14603,1374,Emma Brown,Mouse,3,2024-09-27,Vancouver,30,90
14604,296,Emma Williams,Bluetooth Speaker,1,2025-06-07,Toronto,150,150
14605,258,Emma Garcia,Printer,1,2025-05-08,Calgary,180,180
14606,1105,Sarah Taylor,Bluetooth Speaker,2,2025-08-29,Vancouver,150,300
14607,1961,Emma Davis,Smartphone,4,2025-03-23,Calgary,600,2400
14608,268,David Wilson,Monitor,4,2025-06-26,Vancouver,300,1200
14609,419,Sarah Brown,Printer,1,2024-12-15,Montreal,180,180
14610,235,Mary Smith,Headphones,1,2024-11-23,Vancouver,120,120
14611,1857,Linda Taylor,External Hard Drive,2,2024-10-12,Ottawa,95,190
14612,1335,Mary Garcia,Smartwatch,1,2024-02-04,Vancouver,200,200
14613,1837,Linda Jones,External Hard Drive,2,2025-06-16,Calgary,95,190
14614,1999,Mary Davis,Mouse,3,2025-09-14,Montreal,30,90
14615,986,Mary Jones,Monitor,1,2025-05-02,Montreal,300,300
14616,1381,Mary Taylor,Keyboard,3,2025-05-01,Vancouver,45,135
14617,1237,Mary Davis,Keyboard,1,2024-05-24,Calgary,45,45
14618,574,Daniel Jones,Smartwatch,1,2025-06-07,Montreal,200,200
14619,49,James Williams,Monitor,3,2024-05-25,Vancouver,300,900
14620,1151,Mary Brown,Printer,3,2025-05-17,Vancouver,180,540
14621,223,Mary Jones,Headphones,2,2025-08-26,Vancouver,120,240
14622,921,Linda Davis,Mouse,2,2025-09-18,Montreal,30,60
14623,1303,Alex Williams,Keyboard,3,2025-06-10,Toronto,45,135
14624,1432,Sophia Williams,Smartwatch,1,2024-09-28,Calgary,200,200
14625,1529,James Miller,External Hard Drive,2,2025-06-17,Ottawa,95,190
14626,1318,James Smith,Headphones,1,2025-09-21,Ottawa,120,120
14627,1820,Alex Miller,Keyboard,4,2024-04-04,Calgary,45,180
14628,277,Alex Davis,External Hard Drive,2,2025-03-22,Toronto,95,190
14629,1462,Daniel Brown,Printer,2,2025-02-18,Calgary,180,360
14630,1131,John Taylor,External Hard Drive,2,2024-09-13,Vancouver,95,190
14631,1682,Linda Smith,Headphones,4,2024-09-18,Calgary,120,480
14632,420,John Garcia,External Hard Drive,3,2024-03-27,Calgary,95,285
14633,611,Daniel Johnson,Printer,1,2025-03-11,Montreal,180,180
14634,1453,Daniel Jones,Mouse,4,2025-07-23,Ottawa,30,120
14635,375,Sophia Davis,Headphones,3,2024-04-17,Ottawa,120,360
14636,73,James Williams,Mouse,2,2024-01-19,Vancouver,30,60
14637,1973,Mary Jones,Smartwatch,3,2024-12-30,Vancouver,200,600
14638,1658,Alex Wilson,Monitor,3,2025-10-14,Montreal,300,900
14639,1054,Linda Smith,External Hard Drive,3,2025-01-13,Vancouver,95,285
14640,1212,Alex Williams,Smartphone,1,2024-06-08,Toronto,600,600
14641,1388,Daniel Miller,Mouse,3,2024-04-09,Montreal,30,90
14642,1890,Sarah Smith,Printer,3,2024-09-21,Montreal,180,540
14643,1824,Sophia Johnson,Keyboard,3,2024-02-18,Calgary,45,135
14644,1475,Sophia Miller,Mouse,3,2025-11-07,Calgary,30,90
14645,195,Sophia Miller,Keyboard,4,2025-02-18,Toronto,45,180
14646,1180,David Jones,External Hard Drive,4,2024-02-28,Montreal,95,380
14647,1196,Emma Taylor,Smartwatch,3,2024-07-01,Montreal,200,600
14648,847,Sophia Davis,Laptop,3,2025-10-20,Calgary,850,2550
14649,1065,Sophia Garcia,Headphones,3,2025-03-22,Ottawa,120,360
14650,1087,James Johnson,Keyboard,2,2024-10-27,Ottawa,45,90
14651,23,Daniel Davis,Keyboard,3,2025-08-30,Calgary,45,135
14652,360,Linda Wilson,Headphones,3,2025-07-08,Vancouver,120,360
14653,1099,John Johnson,Laptop,4,2024-12-19,Montreal,850,3400
14654,560,John Taylor,External Hard Drive,4,2024-07-31,Toronto,95,380
14655,672,Alex Jones,Printer,4,2024-07-07,Ottawa,180,720
14656,1849,John Williams,Monitor,1,2025-10-04,Vancouver,300,300
14657,1142,Sophia Miller,Keyboard,2,2024-12-12,Montreal,45,90
14658,1636,John Smith,Laptop,3,2024-05-16,Vancouver,850,2550
14659,1404,Alex Taylor,Laptop,4,2024-01-30,Montreal,850,3400
14660,1953,Sophia Garcia,Smartwatch,1,2024-05-25,Montreal,200,200
14661,1944,Alex Davis,Keyboard,3,2025-04-12,Calgary,45,135
14662,679,Alex Williams,Mouse,3,2025-09-08,Calgary,30,90
14663,1314,Daniel Williams,External Hard Drive,4,2025-05-17,Toronto,95,380
14664,440,Alex Jones,Printer,3,2024-07-09,Toronto,180,540
14665,1692,James Jones,Laptop,3,2025-04-15,Vancouver,850,2550
14666,933,Sarah Garcia,Smartwatch,3,2025-11-20,Calgary,200,600
14667,7,Sarah Johnson,Smartwatch,4,2024-12-10,Montreal,200,800
14668,1220,Emma Miller,Headphones,1,2024-01-01,Calgary,120,120
14669,421,Mary Brown,Keyboard,3,2024-04-19,Montreal,45,135
14670,1592,John Jones,Laptop,1,2024-03-04,Calgary,850,850
14671,833,Daniel Johnson,Printer,3,2024-02-22,Montreal,180,540
14672,1217,James Jones,Mouse,4,2024-09-18,Vancouver,30,120
14673,559,Mary Garcia,Smartphone,1,2025-06-12,Calgary,600,600
14674,1172,Linda Williams,Smartphone,4,2024-10-28,Ottawa,600,2400
14675,1811,Sarah Johnson,Mouse,2,2024-08-21,Ottawa,30,60
14676,1693,Alex Davis,Laptop,3,2024-03-13,Montreal,850,2550
14677,1226,Alex Jones,Keyboard,2,2024-12-22,Vancouver,45,90
14678,1468,Emma Miller,Printer,2,2025-08-25,Montreal,180,360
14679,914,Linda Williams,Headphones,2,2025-04-28,Vancouver,120,240
14680,1443,Linda Brown,Keyboard,3,2024-01-06,Toronto,45,135
14681,1451,James Davis,Monitor,4,2025-12-10,Calgary,300,1200
14682,1007,Sarah Johnson,Keyboard,2,2025-12-08,Vancouver,45,90
14683,1503,James Brown,Keyboard,1,2024-05-16,Montreal,45,45
14684,1499,John Johnson,External Hard Drive,3,2025-02-07,Toronto,95,285
14685,126,Emma Wilson,Laptop,4,2025-09-19,Montreal,850,3400
14686,395,Sophia Miller,Headphones,4,2025-07-08,Ottawa,120,480
14687,817,Linda Smith,External Hard Drive,2,2025-07-23,Ottawa,95,190
14688,881,Mary Williams,Laptop,3,2024-07-24,Calgary,850,2550
14689,1830,Alex Smith,Bluetooth Speaker,2,2025-02-13,Calgary,150,300
14690,576,Sophia Davis,Headphones,1,2025-08-28,Toronto,120,120
14691,325,Sarah Wilson,Laptop,4,2024-02-05,Ottawa,850,3400
14692,1416,Sarah Smith,Smartphone,4,2024-08-17,Vancouver,600,2400
14693,930,Emma Smith,External Hard Drive,3,2024-08-14,Ottawa,95,285
14694,1712,John Smith,Bluetooth Speaker,4,2025-11-25,Calgary,150,600
14695,1652,Sarah Smith,Headphones,3,2024-09-18,Montreal,120,360
14696,1464,Mary Williams,Monitor,2,2024-05-10,Toronto,300,600
14697,1228,James Johnson,Printer,1,2025-07-30,Ottawa,180,180
14698,1510,Sophia Davis,Monitor,3,2025-03-23,Vancouver,300,900
14699,833,Daniel Miller,Smartphone,2,2024-07-04,Vancouver,600,1200
14700,1055,Sarah Miller,Smartphone,1,2025-09-20,Vancouver,600,600
14701,1412,Sarah Davis,Mouse,4,2024-07-04,Toronto,30,120
14702,1649,Daniel Brown,Mouse,1,2024-09-30,Vancouver,30,30
14703,1901,Alex Johnson,Monitor,1,2025-10-24,Vancouver,300,300
14704,1458,John Smith,External Hard Drive,1,2024-12-17,Ottawa,95,95
14705,837,Alex Davis,Keyboard,4,2025-02-16,Toronto,45,180
14706,926,Daniel Johnson,Laptop,3,2024-05-30,Montreal,850,2550
14707,1400,James Smith,Printer,3,2025-01-18,Montreal,180,540
14708,1368,Mary Miller,Bluetooth Speaker,1,2024-02-05,Vancouver,150,150
14709,443,David Garcia,Printer,2,2024-11-21,Calgary,180,360
14710,1603,Mary Smith,Smartphone,2,2025-04-09,Toronto,600,1200
14711,75,James Miller,Mouse,1,2025-04-10,Calgary,30,30
14712,557,Sophia Garcia,Keyboard,1,2024-04-04,Toronto,45,45
14713,1796,Mary Garcia,Smartwatch,2,2024-05-13,Toronto,200,400
14714,1690,Linda Wilson,Headphones,1,2024-06-10,Ottawa,120,120
14715,1179,James Johnson,Smartwatch,1,2025-07-09,Vancouver,200,200
14716,1454,Sophia Wilson,Smartwatch,3,2024-10-26,Ottawa,200,600
14717,363,James Williams,External Hard Drive,3,2024-12-21,Calgary,95,285
14718,448,Daniel Williams,External Hard Drive,1,2024-08-27,Calgary,95,95
14719,1258,Sarah Wilson,Mouse,1,2025-07-17,Montreal,30,30
14720,1587,Sophia Williams,Smartwatch,4,2025-08-08,Ottawa,200,800
14721,1842,Sophia Garcia,Bluetooth Speaker,3,2024-06-15,Ottawa,150,450
14722,262,James Taylor,Smartphone,1,2024-05-19,Ottawa,600,600
14723,1851,Linda Garcia,Smartwatch,4,2024-05-18,Montreal,200,800
14724,125,James Jones,Keyboard,4,2024-08-22,Ottawa,45,180
14725,911,Sarah Johnson,Headphones,4,2024-01-03,Ottawa,120,480
14726,245,Sophia Wilson,Laptop,4,2024-09-12,Ottawa,850,3400
14727,542,Sarah Williams,Mouse,3,2025-01-05,Ottawa,30,90
14728,1962,David Johnson,Mouse,4,2024-10-04,Calgary,30,120
14729,485,James Jones,Monitor,3,2025-05-30,Vancouver,300,900
14730,122,Linda Williams,Keyboard,4,2024-07-30,Calgary,45,180
14731,125,Sophia Garcia,External Hard Drive,4,2024-08-03,Ottawa,95,380
14732,1573,David Miller,Smartphone,2,2024-09-26,Toronto,600,1200
14733,170,Alex Smith,Bluetooth Speaker,3,2025-04-20,Toronto,150,450
14734,124,Daniel Wilson,Keyboard,2,2025-06-11,Montreal,45,90
14735,1893,Alex Williams,Printer,2,2024-03-04,Calgary,180,360
14736,1059,James Johnson,Laptop,4,2025-04-04,Montreal,850,3400
14737,1111,Alex Miller,Headphones,3,2024-01-16,Montreal,120,360
14738,646,Sophia Smith,Monitor,1,2025-07-17,Toronto,300,300
14739,1732,Sarah Smith,Keyboard,4,2024-01-19,Calgary,45,180
14740,786,Mary Garcia,Monitor,3,2024-11-20,Vancouver,300,900
14741,201,Linda Wilson,Laptop,2,2024-04-02,Calgary,850,1700
14742,369,Mary Brown,Smartwatch,3,2024-01-17,Montreal,200,600
14743,797,Daniel Wilson,Monitor,4,2025-09-14,Ottawa,300,1200
14744,77,Linda Brown,Mouse,3,2025-05-02,Montreal,30,90
14745,59,David Johnson,External Hard Drive,2,2024-04-03,Calgary,95,190
14746,431,James Taylor,Smartwatch,3,2024-01-10,Toronto,200,600
14747,638,Sophia Miller,Keyboard,3,2025-12-24,Calgary,45,135
14748,1524,Sophia Johnson,Headphones,2,2025-06-11,Vancouver,120,240
14749,1937,Alex Davis,Mouse,4,2025-05-03,Ottawa,30,120
14750,109,Emma Smith,Laptop,1,2024-05-23,Ottawa,850,850
14751,1760,James Miller,Smartwatch,2,2025-07-07,Montreal,200,400
14752,1008,Sophia Davis,Mouse,2,2025-05-29,Calgary,30,60
14753,1302,Sarah Brown,External Hard Drive,4,2025-04-14,Toronto,95,380
14754,68,Alex Williams,Smartwatch,4,2025-01-11,Vancouver,200,800
14755,1093,Daniel Wilson,Smartphone,3,2025-10-29,Montreal,600,1800
14756,1189,Mary Jones,Smartphone,2,2025-05-08,Calgary,600,1200
14757,1513,John Williams,Smartwatch,3,2025-11-15,Toronto,200,600
14758,305,Mary Garcia,Smartwatch,3,2025-04-28,Calgary,200,600
14759,1933,Sarah Jones,Smartphone,4,2025-03-27,Toronto,600,2400
14760,674,Sarah Jones,Keyboard,4,2025-06-19,Calgary,45,180
14761,365,David Jones,Monitor,3,2024-03-15,Calgary,300,900
14762,1878,Alex Davis,Headphones,2,2024-02-09,Montreal,120,240
14763,821,Alex Johnson,Mouse,2,2024-10-28,Calgary,30,60
14764,1403,Alex Brown,Mouse,3,2025-07-05,Calgary,30,90
14765,343,Sophia Williams,Laptop,1,2024-03-02,Montreal,850,850
14766,947,Alex Taylor,Headphones,1,2025-05-17,Montreal,120,120
14767,899,David Williams,Bluetooth Speaker,4,2024-09-01,Ottawa,150,600
14768,1578,Daniel Garcia,Smartphone,2,2024-01-18,Ottawa,600,1200
14769,1378,James Garcia,Bluetooth Speaker,3,2025-10-13,Montreal,150,450
14770,1440,David Williams,External Hard Drive,3,2025-02-01,Vancouver,95,285
14771,1133,James Smith,Headphones,2,2025-08-16,Toronto,120,240
14772,1587,Linda Garcia,Printer,4,2024-07-07,Montreal,180,720
14773,762,James Johnson,Laptop,4,2025-09-11,Ottawa,850,3400
14774,1521,James Miller,Smartwatch,1,2024-04-13,Calgary,200,200
14775,341,David Williams,External Hard Drive,2,2025-10-07,Montreal,95,190
14776,942,John Johnson,Monitor,2,2024-12-09,Montreal,300,600
14777,383,James Taylor,Printer,3,2025-01-05,Ottawa,180,540
14778,1004,Alex Jones,Headphones,2,2024-02-02,Ottawa,120,240
14779,1557,Sophia Garcia,Headphones,1,2025-01-08,Vancouver,120,120
14780,300,Linda Jones,Bluetooth Speaker,2,2024-06-26,Ottawa,150,300
14781,139,Mary Wilson,Keyboard,3,2024-01-12,Ottawa,45,135
14782,359,John Johnson,Bluetooth Speaker,1,2025-03-31,Ottawa,150,150
14783,836,John Williams,Mouse,3,2025-10-04,Calgary,30,90
14784,1523,Sarah Jones,Bluetooth Speaker,2,2024-09-05,Montreal,150,300
14785,1409,David Garcia,Keyboard,4,2025-03-23,Montreal,45,180
14786,1628,Alex Miller,Monitor,2,2025-07-23,Ottawa,300,600
14787,1983,Alex Johnson,External Hard Drive,2,2024-01-04,Vancouver,95,190
14788,1304,Sophia Smith,Smartphone,3,2024-08-23,Ottawa,600,1800
14789,1661,Daniel Davis,Headphones,4,2024-06-21,Vancouver,120,480
14790,483,Emma Williams,Smartwatch,2,2024-11-17,Montreal,200,400
14791,909,Alex Miller,Bluetooth Speaker,1,2025-01-05,Vancouver,150,150
14792,1135,Daniel Wilson,Printer,1,2025-07-01,Vancouver,180,180
14793,866,Sarah Taylor,Monitor,3,2024-10-22,Toronto,300,900
14794,139,David Wilson,Laptop,3,2025-02-03,Vancouver,850,2550
14795,996,Mary Johnson,Headphones,4,2024-02-27,Vancouver,120,480
14796,435,David Smith,Keyboard,3,2025-06-13,Calgary,45,135
14797,509,Sophia Jones,Mouse,4,2025-07-01,Montreal,30,120
14798,273,Emma Johnson,Keyboard,2,2025-02-11,Ottawa,45,90
14799,1123,Daniel Johnson,Bluetooth Speaker,1,2025-10-02,Toronto,150,150
14800,1788,James Garcia,External Hard Drive,1,2025-05-27,Vancouver,95,95
14801,1874,Linda Davis,Mouse,1,2024-03-04,Calgary,30,30
14802,104,John Williams,Printer,3,2025-07-27,Calgary,180,540
14803,1238,James Smith,Keyboard,3,2025-02-23,Ottawa,45,135
14804,1785,John Miller,Printer,2,2024-05-25,Ottawa,180,360
14805,1688,Sarah Brown,Laptop,3,2024-09-28,Montreal,850,2550
14806,762,David Wilson,Printer,4,2024-01-17,Vancouver,180,720
14807,787,Emma Taylor,Headphones,1,2024-04-07,Calgary,120,120
14808,165,Emma Brown,Monitor,2,2025-03-27,Toronto,300,600
14809,999,David Taylor,Mouse,4,2024-08-30,Montreal,30,120
14810,1877,David Wilson,Headphones,4,2025-04-23,Vancouver,120,480
14811,520,Emma Williams,Smartwatch,3,2024-07-19,Ottawa,200,600
14812,1308,John Taylor,Keyboard,3,2025-04-17,Vancouver,45,135
14813,517,David Smith,Keyboard,1,2024-06-27,Ottawa,45,45
14814,657,Linda Taylor,Smartwatch,2,2025-05-22,Vancouver,200,400
14815,613,Emma Davis,Printer,4,2025-03-28,Toronto,180,720
14816,164,John Taylor,Headphones,3,2024-09-26,Montreal,120,360
14817,1910,Sarah Wilson,Mouse,3,2024-08-21,Ottawa,30,90
14818,1683,John Wilson,Mouse,2,2025-09-15,Toronto,30,60
14819,64,Sophia Jones,Smartwatch,2,2025-04-30,Calgary,200,400
14820,1115,Linda Davis,Keyboard,3,2025-07-31,Toronto,45,135
14821,1141,Sarah Miller,Smartwatch,3,2024-12-03,Toronto,200,600
14822,1890,James Miller,Laptop,1,2025-03-23,Toronto,850,850
14823,267,Linda Johnson,Laptop,2,2025-08-06,Ottawa,850,1700
14824,1846,David Brown,Laptop,4,2024-12-22,Calgary,850,3400
14825,1709,James Williams,Smartphone,3,2024-02-18,Montreal,600,1800
14826,1583,John Miller,Monitor,3,2025-05-10,Toronto,300,900
14827,1164,Linda Davis,External Hard Drive,3,2024-12-11,Ottawa,95,285
14828,246,Sophia Brown,Bluetooth Speaker,3,2025-12-02,Ottawa,150,450
14829,1685,Linda Taylor,Smartphone,1,2024-10-19,Montreal,600,600
14830,1782,Mary Wilson,Mouse,2,2025-11-19,Vancouver,30,60
14831,395,Mary Brown,Printer,3,2025-11-03,Calgary,180,540
14832,1511,Emma Johnson,Keyboard,2,2024-05-29,Calgary,45,90
14833,476,Daniel Smith,Printer,4,2025-08-04,Toronto,180,720
14834,1541,David Smith,Smartwatch,4,2025-06-28,Vancouver,200,800
14835,977,David Garcia,Keyboard,4,2024-09-16,Calgary,45,180
14836,1208,Sophia Garcia,Bluetooth Speaker,4,2024-11-17,Toronto,150,600
14837,1044,Mary Garcia,Bluetooth Speaker,2,2024-03-17,Vancouver,150,300
14838,1961,David Smith,Headphones,4,2024-04-19,Ottawa,120,480
14839,558,James Miller,Printer,4,2025-10-12,Toronto,180,720
14840,1018,David Smith,External Hard Drive,3,2025-06-30,Vancouver,95,285
14841,1548,John Miller,Bluetooth Speaker,3,2025-02-26,Montreal,150,450
14842,1606,Emma Davis,Monitor,3,2025-01-28,Calgary,300,900
14843,1553,Emma Taylor,Headphones,1,2024-08-22,Toronto,120,120
14844,883,John Wilson,External Hard Drive,3,2024-11-25,Ottawa,95,285
14845,147,Sarah Jones,Keyboard,4,2025-12-12,Toronto,45,180
14846,666,Mary Taylor,Printer,2,2024-11-20,Calgary,180,360
14847,1328,Sophia Johnson,Printer,4,2024-05-30,Calgary,180,720
14848,620,Alex Wilson,External Hard Drive,2,2025-06-29,Vancouver,95,190
14849,1772,Mary Miller,External Hard Drive,4,2025-09-27,Ottawa,95,380
14850,820,Sarah Davis,Bluetooth Speaker,1,2024-02-01,Vancouver,150,150
14851,864,Linda Taylor,Keyboard,3,2024-09-28,Ottawa,45,135
14852,582,Daniel Wilson,Headphones,4,2025-09-27,Toronto,120,480
14853,1023,Emma Williams,Monitor,3,2025-01-02,Toronto,300,900
14854,695,John Johnson,Mouse,1,2025-05-06,Vancouver,30,30
14855,1786,Sophia Taylor,Mouse,1,2024-11-11,Montreal,30,30
14856,1252,Sophia Johnson,Smartphone,3,2025-08-12,Calgary,600,1800
14857,1126,Sarah Smith,Monitor,3,2025-08-10,Vancouver,300,900
14858,1611,James Williams,Keyboard,2,2025-07-25,Vancouver,45,90
14859,1441,Sophia Wilson,Keyboard,3,2025-08-19,Toronto,45,135
14860,1982,Daniel Brown,Headphones,3,2025-01-02,Calgary,120,360
14861,1240,David Miller,Printer,2,2024-03-20,Vancouver,180,360
14862,407,Linda Taylor,Smartphone,4,2024-06-20,Toronto,600,2400
14863,399,Sophia Miller,Headphones,2,2024-09-14,Toronto,120,240
14864,1947,Linda Williams,Smartphone,4,2024-10-05,Vancouver,600,2400
14865,715,James Garcia,Printer,4,2025-05-18,Vancouver,180,720
14866,704,Alex Davis,Smartwatch,4,2025-07-11,Toronto,200,800
14867,761,Alex Garcia,Smartphone,2,2025-05-05,Vancouver,600,1200
14868,499,John Smith,Headphones,2,2025-08-07,Calgary,120,240
14869,1778,Linda Taylor,Smartwatch,1,2025-07-19,Toronto,200,200
14870,1489,Daniel Williams,External Hard Drive,4,2024-12-02,Toronto,95,380
14871,1715,Linda Jones,Monitor,2,2025-06-04,Vancouver,300,600
14872,1973,John Miller,Bluetooth Speaker,1,2024-11-21,Vancouver,150,150
14873,974,Daniel Brown,Headphones,4,2024-06-20,Vancouver,120,480
14874,1755,Alex Johnson,External Hard Drive,2,2024-03-24,Calgary,95,190
14875,82,Sarah Taylor,Mouse,2,2025-06-07,Toronto,30,60
14876,604,Alex Johnson,Mouse,2,2025-04-25,Montreal,30,60
14877,1971,John Brown,Keyboard,3,2025-06-27,Calgary,45,135
14878,1711,Emma Miller,Headphones,1,2025-02-21,Calgary,120,120
14879,1775,Daniel Jones,Laptop,2,2024-12-04,Toronto,850,1700
14880,772,Alex Jones,Bluetooth Speaker,3,2024-11-15,Montreal,150,450
14881,903,David Jones,Laptop,1,2024-10-30,Toronto,850,850
14882,365,James Jones,Monitor,1,2024-09-28,Calgary,300,300
14883,163,James Wilson,Keyboard,3,2025-11-20,Vancouver,45,135
14884,1072,David Johnson,Bluetooth Speaker,1,2024-04-23,Toronto,150,150
14885,511,David Garcia,Smartwatch,3,2025-02-10,Toronto,200,600
14886,1353,Sarah Johnson,Smartphone,4,2024-01-26,Vancouver,600,2400
14887,1864,Emma Brown,Bluetooth Speaker,2,2024-08-24,Montreal,150,300
14888,116,Daniel Wilson,Printer,3,2024-11-05,Montreal,180,540
14889,941,Sophia Garcia,Smartwatch,1,2025-11-14,Toronto,200,200
14890,1873,Sophia Garcia,Smartphone,1,2024-08-20,Vancouver,600,600
14891,337,Sophia Smith,Monitor,4,2025-07-02,Toronto,300,1200
14892,881,Linda Wilson,Mouse,4,2024-09-21,Vancouver,30,120
14893,737,Sophia Brown,Smartphone,4,2024-01-13,Calgary,600,2400
14894,1888,John Johnson,Printer,4,2025-05-10,Vancouver,180,720
14895,840,Mary Davis,Keyboard,4,2024-11-11,Toronto,45,180
14896,147,Linda Johnson,Smartphone,2,2025-09-09,Ottawa,600,1200
14897,1599,Sophia Wilson,Bluetooth Speaker,3,2025-09-29,Montreal,150,450
14898,1830,James Williams,Bluetooth Speaker,4,2025-01-18,Toronto,150,600
14899,1347,John Williams,Keyboard,4,2025-10-03,Vancouver,45,180
14900,443,Sarah Garcia,Bluetooth Speaker,2,2024-11-11,Vancouver,150,300
14901,837,Sarah Williams,Monitor,3,2024-09-12,Montreal,300,900
14902,1037,Mary Taylor,Printer,4,2025-03-16,Toronto,180,720
14903,943,James Williams,Headphones,3,2024-04-24,Ottawa,120,360
14904,1518,Linda Brown,Headphones,3,2024-10-25,Calgary,120,360
14905,1725,James Miller,Mouse,2,2024-05-03,Ottawa,30,60
14906,287,Alex Williams,External Hard Drive,2,2024-09-12,Calgary,95,190
14907,720,Emma Jones,Monitor,4,2025-10-12,Calgary,300,1200
14908,1138,Daniel Miller,External Hard Drive,1,2025-12-18,Toronto,95,95
14909,480,Sarah Davis,Headphones,2,2024-02-16,Calgary,120,240
14910,22,Mary Williams,Smartphone,3,2025-12-29,Vancouver,600,1800
14911,1373,David Williams,Smartphone,3,2025-04-07,Calgary,600,1800
14912,1750,Sarah Wilson,Smartphone,4,2024-12-15,Calgary,600,2400
14913,683,Mary Miller,Bluetooth Speaker,4,2024-05-02,Montreal,150,600
14914,1859,Sophia Garcia,Bluetooth Speaker,4,2024-01-31,Montreal,150,600
14915,1590,James Taylor,Laptop,3,2024-02-24,Toronto,850,2550
14916,906,Sarah Davis,Smartphone,2,2024-06-01,Toronto,600,1200
14917,1834,Emma Miller,Smartphone,1,2025-03-31,Vancouver,600,600
14918,320,Linda Johnson,Smartwatch,2,2024-10-12,Montreal,200,400
14919,126,Sophia Garcia,Keyboard,1,2024-02-05,Ottawa,45,45
14920,277,James Wilson,Headphones,2,2024-09-12,Toronto,120,240
14921,1228,Sophia Wilson,Bluetooth Speaker,4,2024-06-26,Toronto,150,600
14922,194,Daniel Miller,Printer,3,2025-07-01,Montreal,180,540
14923,1705,Mary Davis,Bluetooth Speaker,1,2024-09-10,Montreal,150,150
14924,1688,Alex Davis,Printer,2,2025-05-22,Vancouver,180,360
14925,1571,Daniel Taylor,Laptop,3,2025-11-04,Montreal,850,2550
14926,696,Emma Johnson,Printer,1,2024-01-21,Calgary,180,180
14927,1310,Linda Miller,Bluetooth Speaker,1,2024-03-15,Ottawa,150,150
14928,57,Daniel Wilson,Mouse,3,2025-12-19,Calgary,30,90
14929,1758,David Jones,Bluetooth Speaker,4,2025-04-04,Calgary,150,600
14930,1327,Daniel Garcia,Monitor,3,2024-06-26,Calgary,300,900
14931,1187,James Garcia,Mouse,4,2025-01-16,Toronto,30,120
14932,19,Linda Brown,Smartphone,2,2024-02-06,Calgary,600,1200
14933,1394,James Garcia,Headphones,2,2024-04-29,Toronto,120,240
14934,264,Sophia Smith,Printer,3,2025-09-21,Montreal,180,540
14935,794,James Brown,Bluetooth Speaker,4,2024-01-01,Ottawa,150,600
14936,113,Mary Johnson,Bluetooth Speaker,2,2025-12-21,Ottawa,150,300
14937,1512,Sophia Wilson,Printer,4,2024-11-06,Calgary,180,720
14938,1351,Alex Brown,External Hard Drive,4,2024-07-26,Ottawa,95,380
14939,542,Linda Taylor,Headphones,4,2024-06-02,Toronto,120,480
14940,647,John Miller,Smartwatch,3,2025-11-13,Montreal,200,600
14941,579,Alex Williams,Keyboard,4,2024-11-10,Calgary,45,180
14942,1089,Daniel Brown,Smartphone,3,2024-11-02,Vancouver,600,1800
14943,1316,John Brown,Mouse,2,2025-05-18,Ottawa,30,60
14944,25,James Davis,Bluetooth Speaker,2,2025-09-10,Ottawa,150,300
14945,1573,David Smith,Laptop,1,2025-10-16,Calgary,850,850
14946,1,Sophia Taylor,Headphones,1,2025-06-03,Ottawa,120,120
14947,911,Sophia Taylor,Printer,2,2025-08-28,Ottawa,180,360
14948,1573,Emma Taylor,Bluetooth Speaker,4,2024-04-06,Vancouver,150,600
14949,141,Mary Taylor,Mouse,4,2025-05-04,Toronto,30,120
14950,1768,Alex Williams,Laptop,2,2024-01-07,Calgary,850,1700
14951,648,John Williams,Keyboard,2,2024-01-12,Calgary,45,90
14952,1925,David Brown,Keyboard,1,2025-05-28,Vancouver,45,45
14953,188,Emma Johnson,Mouse,4,2024-12-14,Vancouver,30,120
14954,1152,Linda Garcia,Headphones,2,2024-01-07,Toronto,120,240
14955,201,James Smith,Laptop,1,2025-05-14,Montreal,850,850
14956,1151,Sarah Brown,Printer,1,2025-04-19,Calgary,180,180
14957,257,Linda Wilson,Laptop,4,2025-06-07,Ottawa,850,3400
14958,1700,Daniel Davis,Monitor,1,2024-02-26,Toronto,300,300
14959,547,Daniel Garcia,Printer,1,2025-08-12,Calgary,180,180
14960,194,David Wilson,Smartphone,3,2025-08-08,Toronto,600,1800
14961,703,James Jones,Smartwatch,2,2024-08-20,Montreal,200,400
14962,1128,Sophia Davis,Smartphone,4,2024-01-30,Calgary,600,2400
14963,1559,Daniel Taylor,Smartwatch,2,2025-01-01,Ottawa,200,400
14964,1289,John Wilson,Smartphone,3,2025-08-29,Calgary,600,1800
14965,802,James Smith,Laptop,4,2024-02-25,Toronto,850,3400
14966,942,John Jones,Headphones,2,2024-01-10,Montreal,120,240
14967,1998,Sophia Wilson,Mouse,1,2024-05-26,Toronto,30,30
14968,1408,Linda Taylor,Bluetooth Speaker,4,2024-12-29,Toronto,150,600
14969,1284,Sophia Miller,Smartwatch,3,2025-08-21,Vancouver,200,600
14970,414,Linda Williams,Bluetooth Speaker,1,2024-09-09,Toronto,150,150
14971,1382,David Johnson,Monitor,3,2025-11-29,Montreal,300,900
14972,1099,Alex Brown,Monitor,1,2024-09-09,Ottawa,300,300
14973,1379,David Jones,Bluetooth Speaker,2,2025-03-18,Vancouver,150,300
14974,1608,Linda Jones,Monitor,2,2024-12-05,Toronto,300,600
14975,1795,Linda Garcia,Printer,2,2025-05-30,Calgary,180,360
14976,910,Mary Williams,Bluetooth Speaker,3,2024-12-18,Vancouver,150,450
14977,188,Linda Jones,Monitor,4,2025-09-15,Montreal,300,1200
14978,1997,John Wilson,Smartwatch,2,2025-12-05,Calgary,200,400
14979,1709,Alex Johnson,Headphones,3,2025-10-14,Montreal,120,360
14980,1314,Daniel Davis,Monitor,1,2024-11-18,Calgary,300,300
14981,45,David Miller,Bluetooth Speaker,2,2024-05-19,Ottawa,150,300
14982,1597,Sarah Smith,Smartwatch,1,2025-03-20,Montreal,200,200
14983,83,Sarah Wilson,Bluetooth Speaker,2,2024-04-04,Calgary,150,300
14984,1147,John Taylor,Keyboard,1,2025-07-06,Montreal,45,45
14985,358,Alex Jones,Laptop,3,2025-02-23,Vancouver,850,2550
14986,1552,James Wilson,Laptop,2,2025-05-28,Montreal,850,1700
14987,1090,Linda Brown,Laptop,3,2024-05-29,Montreal,850,2550
14988,936,James Williams,Smartphone,3,2025-07-06,Calgary,600,1800
14989,1681,Alex Davis,Printer,1,2024-12-16,Montreal,180,180
14990,375,James Williams,Bluetooth Speaker,2,2024-04-25,Ottawa,150,300
14991,162,James Johnson,Printer,4,2025-09-23,Toronto,180,720
14992,1770,John Johnson,Bluetooth Speaker,4,2024-08-24,Vancouver,150,600
14993,1404,Sarah Garcia,Keyboard,3,2024-09-26,Calgary,45,135
14994,1680,Alex Taylor,Monitor,1,2024-10-17,Montreal,300,300
14995,1382,Linda Miller,Smartphone,1,2025-03-09,Montreal,600,600
14996,1212,Daniel Wilson,Headphones,1,2024-01-09,Montreal,120,120
14997,322,Sarah Wilson,Bluetooth Speaker,2,2025-09-21,Vancouver,150,300
14998,450,Linda Johnson,Smartwatch,2,2025-04-19,Toronto,200,400
14999,1498,Emma Miller,Monitor,1,2025-06-05,Ottawa,300,300
15000,1037,Mary Garcia,Mouse,4,2025-06-20,Ottawa,30,120
